marketplace	asin	bucket	element	is_owned	src	price	units	listing_days	fulfillment	brand	title	node_label_path
DE	B0GYDSWP6B	其他窗挂	其他元素	0	shop	4.49	34	51	FBA	Thinp	12 Stück Vogelschutz Fenster, Fensteraufkleber Vogelschutz Vogelaufkleber für Fensterscheiben Fensteraufkleber Suncatcher Sticker für Glasscheiben Bewahrt Vögel Schlag (31.5 * 17cm)	Küche, Haushalt & Wohnen:Wohnaccessoires & Deko:Dekoartikel:Aufkleber:Fensterbilder
DE	B0GQJ2SZS1	其他窗挂	其他元素	0	shop	5.48	29	100	FBA	DOPENSPI	2 Stück Fensterdeko Hängend Holz Anhänger, Fensterdeko Dekoanhänger Hängedeko Holz Herz Anhänger für Hochzeit Außendekoration Romantische Holzdekoherzen Wohnzimmer,Tür,Fensters,Baum	Baby:Baby- & Kleinkinderzimmer:Dekoartikel für Baby- & Kleinkinderzimmer:Fensterdeko
DE	B0GV3XVYGN	其他窗挂	其他元素	0	shop	12.74	27	105	FBM	Kibun	Holzherz Groß 25x25 cm zum Beschriften &amp; Bemalen XXL Handmade in Bayern, Massives Holz Herz als Fensterdeko Hängend, Herz Deko &amp; Verlobungsgeschenk (a) Einzeln)	Küche, Haushalt & Wohnen:Basteln, Malen & Handarbeiten:Holzwerken:Unbehandeltes Holz
DE	B0GXKBDKWP	其他窗挂	蝴蝶	0	shop	12.99	17	72	FBA	Valicaer	Fensterdeko Hängend 4-teiliges Linear Vogel Schmetterling Hängend Deko Set Frühlingsdeko Elegantes Zeitloses Design Modern Ganzjahres Fensterdeko Wanddeko Wandhängend Deko	Baby:Baby- & Kleinkinderzimmer:Dekoartikel für Baby- & Kleinkinderzimmer:Fensterdeko
DE	B0GYNM1VPL	其他窗挂	其他元素	0	shop	8.99	17	79	FBA	ChezMax	27 Buntstift Fensteraufkleber mit Gesichtern Fensterbilder Selbstklebend | 9 Bögen Doppelseitige Bleistift-Fensterdeko, Wiederverwendbare Sticker für Schulanfang, Schuleinführung &amp; Klassenzimmer Deko	Küche, Haushalt & Wohnen:Wohnaccessoires & Deko:Dekoartikel:Aufkleber:Fensterbilder
DE	B0GQGZPW4T	其他窗挂	其他元素	0	shop	9.99	16	69	FBA	Simsky	Simsky Makramee Wandbehang Handgemacht Grün, Boho Wandteppich Feder Blatt Wanddeko Wohnzimmer, Salbeigrün Deko Wohnung, Fensterdeko Hängend Schlafzimmer, Hochzeit Wanddekoration	Küche, Haushalt & Wohnen:Wohnaccessoires & Deko:Wandteppiche
DE	B0H144JD7S	其他窗挂	花	0	both	16.99	15	42	FBA	Wankd	Türkranz Trockenblumen,Trockenblumenkranz Deko,Fensterdeko Hängend 25 * 25cm,Dekokranz für Haustür,Fenster,Wohnzimmer und Hochzeit,Ganzjährig Dekokranz	Küche, Haushalt & Wohnen:Wohnaccessoires & Deko:Dekoartikel:Kränze
DE	B0GZNTT5J6	其他窗挂	花+蝴蝶	0	shop	8.99	10	38	FBA	intellitoy	Pusteblumen Fensterbilder 30x90cm 2er Set selbsthaftende Fensterfolie Dekorative Fensterdeko mit Schmetterlingen für Sommer und Kinderzimmer DIY Deko	Küche, Haushalt & Wohnen:Wohnaccessoires & Deko:Dekoartikel:Aufkleber:Fensterbilder
DE	B0GY8QDYB3	其他窗挂	花	0	shop	8.99	9	28	FBA	Cryluxial	9 Stück Papierblumen zum Aufhängen Set Rosa Gelb Rose Papierfächer Party Deko Fensterdeko Hängend für Geburtstagsdeko Tischdeko Frühling Sommerdeko Girlande Geburtstag	Küche, Haushalt & Wohnen:Basteln, Malen & Handarbeiten:Partyzubehör & Dekoration:Dekorationen:Girlanden
DE	B0GV47ZD7Y	其他窗挂	其他元素	0	shop	7.99	8	88	FBA	Infinity &amp; Breathe	Infinity &amp; Breathe 2er Set Line Art Vögel Fensterdeko Hängend Modern - Elegante Wanddeko Aus Metall Für Fenster &amp; Wohnzimmer - Fensterdeko Hängend Ganzjährig,Zeitloses Design, Schwarz	Küche, Haushalt & Wohnen:Wohnaccessoires & Deko:Dekoartikel:Aufkleber:Fensterbilder
DE	B0GWCTR3G9	其他窗挂	其他元素	0	shop	7.09	7	52	FBA	GleamGlide	5 Stück LED Lichterkette mit Knopfzelle CR2032 Batterie, Mini Lichterkette 1 Meter 10 LEDs Warmweiß, Stimmungslicht für Dekoration Hochzeit Weihnachten Party Tischdeko Fensterdeko Lichtdeko Flaschenli	Beleuchtung:Lichterketten:Innen
DE	B0GKPS77K4	其他窗挂	其他元素	0	shop	6.99	7	89	FBA	Zlokdraxy	2Stück Holzherzen Hängedeko - Fensterdeko Herz Anhänger aus Holz, Dekoherzen zum Aufhängen für Hochzeit, Wohnzimmer &amp; mehr, Stilvolle Holz Dekoanhänger als Fenster Deko Hängend	Küche, Haushalt & Wohnen:Wohnaccessoires & Deko:Dekoartikel:Aufkleber:Fensterbilder
DE	B0GVLJX1S1	其他窗挂	其他元素	0	shop	8.96	6	102	FBA	JYJLLM	YJLLM 5-teilig Bistrogardine Bogenform – 1x Gardine mit 4X Quasten Anhängern, Halbtransparent Türvorhang für Küche Wohnzimmer, Dekorative Fensterdekoration	Küche, Haushalt & Wohnen:Wohnaccessoires & Deko:Fensterdekoration:Vorhänge:Scheibengardinen & Kurzstores
DE	B0GVNN21BZ	其他窗挂	其他元素	0	shop	7.99	5	78	FBA	Calenxy	2 Stück Hexenglocken Garten Windspiel aus Metall – handgefertigt Windspiele mit klarem Klang, Fengshui Segen Glocke Wind Chime, für Draußen Hängend Veranda Balkon Garten &amp; Fensterdekoration	Garten:Gartendeko:Glockenspiele
DE	B0GZPFR1NS	噪声-珠串棱镜	其他元素	0	shop	11.99	173	36	FBA	XIANNVXI	XIANNVXI 1100 Stück Orange Glasperlen Set Orange Glas Perlen zum Auffädeln Facettierte Glasperlen Glitzerperlen mit Loch Perlen für Armbänder Sonnenfänger Ohrringe 4/6/8 mm, mit Elastischem Faden	Küche, Haushalt & Wohnen:Basteln, Malen & Handarbeiten:Perlenweben & Schmuckherstellung:Schmuckperlen & Zubehör
DE	B0GZPC7TMS	噪声-珠串棱镜	其他元素	0	shop	11.99	172	32	FBA	XIANNVXI	XIANNVXI 1100 Stück Lila Glasperlen Set Lila Glas Perlen zum Auffädeln Facettierte Glasperlen Glitzerperlen mit Loch Perlen für Armbänder Sonnenfänger Ohrringe 4/6/8 mm, mit Elastischem Faden	Küche, Haushalt & Wohnen:Basteln, Malen & Handarbeiten:Perlenweben & Schmuckherstellung:Schmuckperlen & Zubehör
DE	B0GZP5Y7NY	噪声-珠串棱镜	其他元素	0	shop	11.99	149	33	FBA	XIANNVXI	1100 Stück Schwarz Glasperlen Set Schwarze Glas Perlen zum Auffädeln Facettierte Glasperlen Glitzerperlen mit Loch Schwarz Perlen für Armbänder Sonnenfänger Ohrringe 4/6/8 mm, mit Elastischem Faden	Küche, Haushalt & Wohnen:Basteln, Malen & Handarbeiten:Perlenweben & Schmuckherstellung:Schmuckperlen & Zubehör
DE	B0GR8KGYBV	噪声-珠串棱镜	其他元素	0	shop	9.97	107	55	FBA	HHXUUAN	Kristallkugel Prisma Sonnenfänger Set Durchlässig Regenbogenkristalle ohne scharfe Kanten für Fenster Deko, Feng Shui, Mückenschutz，Hochzeit und Bastelse Suncatcher (20mmx24stück)	Garten:Gartendeko:Figuren & Statuen:Sonnenfänger
DE	B0GYT47SXD	噪声-珠串棱镜	其他元素	0	shop	14.99	92	73	FBA	Duratecton	8 Stück Kristall Sonnenfänger Bastelset, Suncatcher bastelset mit K9 Kristallprismen zum Aufhängen für Kindergeburtstag, Garten &amp; Zuhause (Dunkelrosa)	Garten:Gartendeko:Figuren & Statuen:Sonnenfänger
DE	B0GY88NCPL	噪声-珠串棱镜	其他元素	0	shop	15.99	88	62	FBA	HuaMuDM	6 StückSuncatcher mit Holzperlen &amp; Kristallkugel,DIY Sonnenfänger Basteln,Kristall Sonnenfänger Fenster,Set aus Holzperlen,Geschenk,Garten,Dekoration der Fenster	Garten:Gartendeko:Figuren & Statuen:Sonnenfänger
DE	B0GS5FGR96	噪声-珠串棱镜	其他元素	0	shop	8.49	83	100	FBA	Gemejutor	Fensterbilder Basteln Kinder Sommer – 16 Eiscreme Bastelset DIY Fensterbilder aus Papier mit Selbstklebender Folie, Sommer Basteln Kinder Fensterdeko Kindergarten Schule	Spielzeug:Kunst & Handwerk:Kinder-Bastelsets:Papierbastelsets
DE	B0H15CXWX6	噪声-珠串棱镜	其他元素	0	both	15.99	80	42	FBA	Tesvira	Sonnenfänger Kristall Set 10 Stück, Suncatcher Bastelset mit Kristall Anhängern, Perlen &amp; Schnur, DIY Lichtfänger für Fenster, Balkon &amp; Wohndeko	Garten:Gartendeko:Figuren & Statuen:Sonnenfänger
DE	B0GWSXZSFP	噪声-珠串棱镜	其他元素	0	shop	8.89	64	52	FBA	Crunier	4 Stück Kristall Sonnenfänger, Kristalle zum Aufhängen, Deko Anhänge | Fenster Deko Hängen, Regenbogen, Fenster, Fensterdekoration, Glas Anhänger Kristallkugel für Garten Dekoration/Zuhause	Garten:Gartendeko:Figuren & Statuen:Sonnenfänger
DE	B0GR8GQ4RZ	噪声-珠串棱镜	其他元素	0	clean	10.97	54	60	NA	HHXUUAN	20pcs Kristallkugel Prisma Sonnenfänger Set 30mm Durchlässig Regenbogenkristalle ohne scharfe Kanten für Fenster Deko, Feng Shui, Mückenschutz，Hochzeit und Bastelse Suncatcher	Garten:Gartendeko:Figuren & Statuen:Sonnenfänger
DE	B0H1C8JNRM	噪声-珠串棱镜	其他元素	0	both	16.99	50	56	FBA	Solaverano	400-teiliges Sonnenfänger Bastelset – DIY Set Erwachsene &amp; Kinder, Sonnenfänger Kristall für Fenster, geeignet für Zuhause, Garten, Weihnachten, Hochzeit	Garten:Gartendeko:Figuren & Statuen:Sonnenfänger
DE	B0GXYX59H2	噪声-珠串棱镜	其他元素	0	shop	18.99	48	91	FBA	Yuragim	Yuragim Kristall Sonnenfänger Bastelset, 5er Set Suncatcher mit Holz- &amp; Kristallkugel, Skandinavische Wohnraum Dekoanhänger DIY Sonnenfänger Basteln Garten Windspiel Hängedeko Lichtspiel Fenster	Garten:Gartendeko:Figuren & Statuen:Sonnenfänger
DE	B0GQQC1799	噪声-珠串棱镜	花	0	clean	7.09	44	118	FBA	DOPENSPI	Sonnenfänger Kristall Fenster,Blume Suncatcher Fensterdeko Frühling Hängend Regenbogen Fensterdeko Hängend Glas Ornament Deko für Zuhause Büro Garten Auto Party Hochzeit(Hell)	Garten:Gartendeko:Figuren & Statuen:Sonnenfänger
DE	B0GYPJL5BM	噪声-珠串棱镜	其他元素	0	both	18.99	43	86	NA	Connextion	8 Stück Sonnenfänger Bastelset Kristall Sonnenfänger Selber Basteln Suncatcher DIY Set für Kindergeburtstag, Lichtfänger Basteln für Fenster Garten Regenbogen Haus Kinderzimmern Deko	Garten:Gartendeko:Figuren & Statuen:Sonnenfänger
DE	B0GQT5TXC4	噪声-珠串棱镜	其他元素	0	shop	7.99	41	84	FBA	XIANNVXI	XIANNVXI 3000 Stück Silber Röhrenperlen Glasperlen zum Auffädeln Mini Glas Perlen Armbänder Ketten Stick Näharbeiten Sonnenfänger Bastelperlen 2×6mm Lose Silber Perlen zum Aufnähen mit 2 Perlennadeln	Küche, Haushalt & Wohnen:Basteln, Malen & Handarbeiten:Perlenweben & Schmuckherstellung:Schmuckperlen & Zubehör
DE	B0GVS4YDMS	噪声-珠串棱镜	花	0	shop	6.99	36	84	FBA	Simsky	Fensterbilder Selbstklebend Blumen 20 Stück – Bunte Fensterfolie mit Regenbogenreflexion, Prisma Fensteraufkleber als Vogelschutz &amp; Sonnenfänger, Fenstersticker Frühling für Glasfenster	Küche, Haushalt & Wohnen:Wohnaccessoires & Deko:Dekoartikel:Aufkleber:Fensterbilder
DE	B0GS5PKV1F	噪声-珠串棱镜	蝴蝶	0	shop	9.99	36	93	FBA	Gemejutor	Fensterbilder Bastelset Frühling – 24 Schmetterlinge DIY Fensterbilder aus Papier mit Selbstklebender Folie, Frühlings Fensterdeko für Zuhause &amp; kreative Handwerksprojekte	Spielzeug:Kunst & Handwerk:Kinder-Bastelsets:Papierbastelsets
DE	B0GVTMDS7H	噪声-珠串棱镜	其他元素	0	shop	4.18	34	86	FBA	Ajcotahm	Kristall Sonnenfänger Fenster Lotusblüten Sonnenfänger mit Kristallprisma Hängend Windspiel Sonnenkristall Sonnenfängers Kristall für Fensterdeko Lotus-Sonnenfängers für Haus Büro Auto Geschenkidee	Garten:Gartendeko:Figuren & Statuen:Sonnenfänger
DE	B0GY96Q4NB	噪声-珠串棱镜	蝴蝶	0	shop	11.89	32	52	FBA	Xylota	Xylota DIY Diamond Painting Kinder Schmetterling Bastelset Kinder, Bastelset Kinder ab 5 6 7 8 9 10 Jahre, Window Color Set Sonnenfänger Fensterdeko, Basteln Mädchen 8 jahre, Geschenk Mädchen 6 jahre	Spielzeug:Kunst & Handwerk:Kinder-Bastelsets:Papierbastelsets
DE	B0GT3VGTC3	噪声-珠串棱镜	其他元素	0	shop	8.99	31	71	FBA	Simsky	Simsky Sonnenfänger Kristall Fenster, Regenbogen Lichtfänger Hängend mit AB-Farben, Frühlingsdeko Fenster Hängend für Fensterdeko, Zuhause, Büro, Garten &amp; Auto, Suncatcher Glas Ornament	Garten:Gartendeko:Figuren & Statuen:Sonnenfänger
DE	B0GSFLCPGX	噪声-珠串棱镜	其他元素	0	both	7.99	31	104	FBA	WTpin	2 Stück Sonnenfänger Kristall Fenster Deko Suncatcher Lichtfänger Hängedeko Outdoor Lichtspiel Windspiel,Sonnenkristall zum Aufhängen	Garten:Gartendeko:Figuren & Statuen:Sonnenfänger
DE	B0GGZ7QSWC	噪声-珠串棱镜	其他元素	0	shop	9.34	31	119	FBA	COGVOHY	3 Stück Diamond Painting Windspiele Set, Geschenke für Mädchen 5 6 7 8 9 10 11 12 Jahre, DIY Diamond Painting Bastelset Kinder ab 5-12 Jahre, Sonnenfänger Kristalle Zum Aufhängen Windspiel für Kinder	Küche, Haushalt & Wohnen:Basteln, Malen & Handarbeiten:Mosaikherstellung:Bausätze & Zubehör für Diamantmalerei:Bausätze für Diamantmalerei
DE	B0GYFGYKGL	噪声-珠串棱镜	其他元素	0	shop	10.99	30	44	NA	DiiWmme	Sonnenfänger Kristall 5er Set Fensterdeko Hängend – Handgefertigte Lichtfänger mit Holzperlen &amp; Kristallkugel – Sanftes Lichtspiel Fenster für Boho Wohnzimmer Garten Deko	Garten:Gartendeko:Figuren & Statuen:Sonnenfänger
DE	B0GTQFVCD2	噪声-珠串棱镜	其他元素	0	shop	12.99	30	81	FBA	Huanmin	2 Stück Sonnenfänger Kristall Hängend 45cm Regenbogen Kristall Sonnenfänger mit Spiralförmigem Regenbogenschwanz, Suncatcher Kristall, Fenster hängen für Garten Fenster Party Dekoration Geschenk (2pc)	Garten:Gartendeko:Figuren & Statuen:Sonnenfänger
DE	B0GT4QY19S	噪声-珠串棱镜	其他元素	0	shop	7.98	29	49	FBA	EcoUtens	Oma Geschenk, Kristall Sonnenfänger Geschenke &amp; Holzsockel für Oma, Geschenk für Oma zum Geburtstag, Muttertag oder Weihnachten, liebevolle Fensterdeko von Enkelkindern	Garten:Gartendeko:Figuren & Statuen:Sonnenfänger
DE	B0GX6D7XBQ	噪声-珠串棱镜	其他元素	0	shop	12.99	27	54	FBA	DiiWmme	3 Stück Sonnenfänger Kristall, Goldener Fensterdeko Sonnenkristall Hängedeko, Prisma Fensterschmuck Suncatcher Lichtfänger für Wohnzimmer Schlafzimmer Balkon Garten, Geschenk	Garten:Gartendeko:Figuren & Statuen:Sonnenfänger
DE	B0GV3HJVRW	噪声-珠串棱镜	其他元素	0	shop	7.98	27	86	FBA	Meleager	Oma Geschenk, Kristall Sonnenfänger, Geschenk für Oma von Enkel, Muttertag,Valentinstag, Geburtstags B	Garten:Gartendeko:Figuren & Statuen:Sonnenfänger
DE	B0GXZSQHF4	噪声-珠串棱镜	其他元素	0	shop	14.99	25	71	FBA	Meenewching	5 Stück Sonnenfänger für Fenster, DIY Sonnenfänger Basteln, Kristall &amp; Holzperlen für Sanftes Regenbogenlicht, Suncatcher Fensterdeko &amp; Wohnaccessoire Schafft Gemütliche Atmosphäre	Garten:Gartendeko:Figuren & Statuen:Sonnenfänger
DE	B0GWR2NWTF	噪声-珠串棱镜	其他元素	0	shop	8.99	25	80	FBA	EUREKORA	144 Stück Prism-Fenster-Abziehbilder Runde Prisma Fensteraufkleber-Set Suncatcher Sticker Kreisförmig Sonnenfänger Wiederverwendbar für Stoppt Vögel Türfenster Esszimmer Schlafzimmer(3*3CM)	Küche, Haushalt & Wohnen:Wohnaccessoires & Deko:Dekoartikel:Aufkleber:Fensterbilder
DE	B0GTTR7YQT	噪声-珠串棱镜	其他元素	0	shop	12.99	25	85	FBA	Qibivfo	Sonnenfänger Kristall 4er Set, Sonnenfänger Fensterdeko Hängend mit Mond, Sonne, Stern &amp; Herz – Regenbogen Lichtfänger, Windspiel für Balkon Garten Wohnzimmer Deko, ca. 42–45 cm	Garten:Gartendeko:Figuren & Statuen:Sonnenfänger
DE	B0GGZMBMSH	噪声-珠串棱镜	其他元素	0	shop	10.99	25	99	FBA	Huanmin	24 Stück Sonnenfänger Kristall 20mm Kristalle zum Aufhängen, Kristallkugel, Kristall Prisma aus Glas, Hängende Kristalle Prismen für Fenster, Kronleuchter Anhänger, Geschenk, Weihnachten	Garten:Gartendeko:Figuren & Statuen:Sonnenfänger
DE	B0GXYHVF33	噪声-珠串棱镜	其他元素	0	shop	19.99	24	43	FBA	FUDUOXIAO	Sonnenfänger kristall Set, Sonnenfänger Fensterdeko Hängend mit Holzperlen &amp; Kristallkugel, Suncatcher Bastelset Kristalle zum Aufhängen Fenster Deko für Fenster Garten Hochzeit Dekor	Garten:Gartendeko:Figuren & Statuen:Sonnenfänger
DE	B0GS5G4ZX6	噪声-珠串棱镜	其他元素	0	shop	4.49	24	94	FBA	Gemejutor	Herz Fensterbilder Bastelset – 16 Herz DIY Fensterbilder aus Papier mit Selbstklebender Folie, Stimmungsvolle Fensterdeko für Valentinstag, Muttertag &amp; Geburtstage	Spielzeug:Kunst & Handwerk:Kinder-Bastelsets:Papierbastelsets
DE	B0GVYFGDP2	噪声-珠串棱镜	猫	0	shop	7.96	23	66	FBA	LEMONSTONE	LEMONSTONE Sonnenfänger Kristall Libelle mit Metallflügeln 24cm Suncatcher Fensterdeko &amp; Gartendeko – Kristalle zum Aufhängen Lichtfänger Sun Catcher – Dekoratives Geschenk für Frauen	Garten:Gartendeko:Figuren & Statuen:Sonnenfänger
DE	B0H1PRKH8G	噪声-珠串棱镜	其他元素	0	clean	8.99	22	34	FBA	VVJIJILLY	4 Stück Vorhang Raffhalter, Raffhalter Für Vorhänge, Boho Baumwollseil Set mit Holzperlen und Quasten, Ohne Bohren, Handgewebte Fensterdekoration, Gardinen Halter für Wohnzimmer und Schlafzimmer	Küche, Haushalt & Wohnen:Wohnaccessoires & Deko:Gardinenstangen & Zubehör:Raffhalter
DE	B0GYJPXCJH	噪声-珠串棱镜	其他元素	0	shop	9.99	20	50	FBA	Wxeadu	5 Stück Kristall Sonnenfänger Fenster, Handgemachter Sonnenfänger Kristall, Suncatcher Kristall mit Holzperlen &amp; Kristallkugel, Lichtfänger Kristall für Skandinavische Wohnraum Dekoration	Garten:Gartendeko:Figuren & Statuen:Sonnenfänger
DE	B0GXDVH48K	噪声-珠串棱镜	猫	0	shop	11.98	20	65	FBA	PAppositus	3 Stück Sonnenfänger Kristall Set, Baum des Lebens Fensterdeko hängend für Wohnzimmer &amp; Garten, Sun Catcher aus hochwertigem Kristall und Metall – Windspiel für Fenster, Länge ca. 43-45 cm	Garten:Gartendeko:Figuren & Statuen:Sonnenfänger
DE	B0GS8VQV7T	噪声-珠串棱镜	其他元素	0	shop	7.59	20	95	FBA	ADLABLD	100 Stück AB Achteckige Kristallglasperlen 14mm, Prismenperlen mit Verbindungsring und Haken, Sonnenfänger Glasperlen für DIY Halsketten Schmuckherstellung	Küche, Haushalt & Wohnen:Basteln, Malen & Handarbeiten:Perlenweben & Schmuckherstellung:Schmuckperlen & Zubehör
DE	B0GQBLSCN3	噪声-珠串棱镜	其他元素	0	shop	5.99	20	112	FBA	AXVRAV	Crystal Twister Klar 5x30cm, Metall Windspirale Suncatcher &amp; reflektierendes Windrad, Garten Deko &amp; Vogelabwehr für Fenster Balkon Hof und Terrasse	Garten:Gartendeko:Windspiele & -säcke:Windspiele
DE	B0GXY9QKR1	噪声-珠串棱镜	花	0	shop	24.39	18	72	FBM	Monwssoe	Grüne Perlen, grünes Glasperlen-Pflanzenset, 2872-teilige Perlen zur Herstellung von Pflanzen mit Blumendraht und künstlichem Moos, DIY-Bastelset für Heimdekoration und Sonnenfänger	Küche, Haushalt & Wohnen:Basteln, Malen & Handarbeiten:Perlenweben & Schmuckherstellung:Schmuckperlen & Zubehör
DE	B0H141BMHK	噪声-珠串棱镜	花	0	shop	8.99	17	43	FBA	CQZYSM	2 Stück Lotusblüten Sonnenfänger mit Kristallprisma – Gold &amp; Silber– Kristall Suncatcher für Fenster &amp; Boho Deko – Elegantes Lichtspiel mit Lotusblume, Spirituelle Deko, Büro, Auto	Garten:Gartendeko:Figuren & Statuen:Sonnenfänger
DE	B0GPVFH1PS	噪声-珠串棱镜	其他元素	0	shop	9.99	17	115	FBA	BDYLYS	Sonnenfänger Kristall Mond &amp; Sonne, Suncatcher Gold Fensterdeko | Kristalle zum Aufhängen als goldene Fensterdeko, ideal für Sonnenlicht, Regenbogeneffekt, Balkon, Garten und Wohnzimmer.	Garten:Gartendeko:Figuren & Statuen:Sonnenfänger
DE	B0GV46H1MH	噪声-珠串棱镜	其他元素	0	shop	15.99	16	37	FBA	Generisch	5 Stück Sonnenfänger Kristall Fenster, Suncatcher Kristall mit Holzperlen &amp; Kristallkugel, Kristalle zum Aufhängen, Regenbogen Kristalle Anhänger Lotusblüten Sonnenfänger mit Kristallprisma für Fenste	Garten:Gartendeko:Figuren & Statuen:Sonnenfänger
DE	B0GQ4XRQHM	噪声-珠串棱镜	其他元素	0	shop	15.99	16	69	FBA	Jinfanshurich	4 Stück Fadenvorhang 100×200 cm – Glitzer Türvorhang &amp; Fensterdekoration, Perlenvorhang als Raumteiler für Hochzeit, Party &amp; Wohnraum (Weiß)	Küche, Haushalt & Wohnen:Wohnaccessoires & Deko:Dekoartikel:Türvorhänge
DE	B0GVN1ZN4D	噪声-珠串棱镜	其他元素	0	shop	9.98	16	72	FBA	TranRantic	2 Stück Sonnenfänger Kristall, Sonnenfänger Fenster zum Aufhängen, Modern Lichtfänger Kristall, Prisma Sonnenfänger Basteln für Fenster Garten Schlafzimmer	Garten:Gartendeko:Figuren & Statuen:Sonnenfänger
DE	B0GSFTW554	噪声-珠串棱镜	其他元素	0	shop	5.99	16	88	FBA	LEMONSTONE	LEMONSTONE 2 Stück Lotusblüten Sonnenfänger mit Kristallprisma, Hängend Windspiel Anhänger Kristalle, Sonnenfänger Kristall für Fensterdeko, Fensterdeko Hängend Lichtfänger für Zuhause Büro und Garten	Garten:Gartendeko:Figuren & Statuen:Sonnenfänger
DE	B0GXZ6RJH7	噪声-珠串棱镜	其他元素	0	shop	16.59	15	37	FBA	FILOEEX	Kristall Sonnenfänger Fenster, FILOEEX 5 Stück Suncatcher mit Holzperlen zum Aufhängen, Lichtfänger für Fenster, DIY Bastelset für Erwachsene, Handgemachte Fensterdeko für Wohnzimmer, Schlafzimmer	Garten:Gartendeko:Figuren & Statuen:Sonnenfänger
DE	B0GZJWWMML	噪声-珠串棱镜	其他元素	0	shop	10.99	15	41	FBA	Encuryna	Sonnenfänger Kristall,8 Stück Kristall Windspiel,Anhänger Suncatcher Sonnenfänger Bastelset,Anhänger Kristallkugel,DIY Kristalle Suncatcher für Fenster Haus Garten	Garten:Gartendeko:Figuren & Statuen:Sonnenfänger
DE	B0GXZSV9P9	噪声-珠串棱镜	其他元素	0	both	17.49	15	46	FBA	YQOPDEBD	6 Stück Sonnenfänger Bastelset, DIY Kristall Sonnenfänger für Fenster und Garten, Lichtfänger Dekoration mit Holzperlen, Suncatcher Set mit in Verschiedenen Designs	Garten:Gartendeko:Figuren & Statuen:Sonnenfänger
DE	B0GTZ76XHL	噪声-珠串棱镜	其他元素	0	shop	14.99	15	79	FBA	ZEKUN	10 Stück Suncatcher Sonnenfänger Kristall Sonnenfänger Bastelset Kristall Windspiel Sonnenfänger Basteln Anhänger Kristallkugel DIY Kristalle Anhänger,Lichtfänger Kristalls,für Fenster Haus Garten	Garten:Gartendeko:Figuren & Statuen:Sonnenfänger
DE	B0GKDY7YSJ	噪声-珠串棱镜	其他元素	0	shop	14.99	15	108	FBA	Umllpet	5er Set Kristall Sonnenfänger 35 mm – Susan's Choice Handgefertigte Fensterdeko mit Holz- &amp; Kristallperlen, Regenbogen Suncatcher, Boho Windspiel &amp; Lichtspiel für Fenster, Wohnraum, Garten &amp; Terrasse	Garten:Gartendeko:Figuren & Statuen:Sonnenfänger
DE	B0GZT2VVGV	噪声-珠串棱镜	其他元素	0	clean	11.99	14	33	FBA	fiintrwa	fiintrwa 240 Stück Kristall-Suncatcher-Perlen Set für Wohndekoration | 150 14mm Achteckige Kristallglasperlen 2 Loch Suncatcher-Zubehör Ersatzperlen für Kronleuchter für DIY-Hängeornamente	Garten:Gartendeko:Figuren & Statuen:Sonnenfänger
DE	B0GZB19CT2	噪声-珠串棱镜	其他元素	0	shop	15.99	14	45	FBA	KUWUNG	Sonnenfänger Kristall, 6pcs Suncatcher, Sonnenfänger Fenster mit Holzperlen &amp; K9 Kristallkugeln, Kristall Sonnenfänger Zaubert Lichtreflexe für Fenster, Innenhöfe, Bäume, Gärten, Balkone	Garten:Gartendeko:Figuren & Statuen:Sonnenfänger
DE	B0GRHB4YBZ	噪声-珠串棱镜	其他元素	0	clean	13.99	14	73	FBA	OUZHOU	400 Stück Suncatcher Bastelset Kristall, Sonnenfänger DIY Set Fensterdeko | Suncatcher Lichtfänger Falter Mond Prisma Hängend,Mit Kristallen, Anhängern Zubehör,bastelset sonnenfänger für Garten Büro	Garten:Gartendeko:Figuren & Statuen:Sonnenfänger
DE	B0GX5TLVWT	噪声-珠串棱镜	其他元素	0	shop	6.49	13	47	FBA	WSAMJIN	58 Stück Prisma Fensteraufkleber - Hochtransparente Vogelschutz Fenster Sticker, Suncatcher Sticker Regenbogen, Dekorative Fensterdeko für Vogelschutz in Küche, Wohnzimmer und Schlafzimmer	Küche, Haushalt & Wohnen:Wohnaccessoires & Deko:Dekoartikel:Aufkleber:Fensterbilder
DE	B0GX6QWB14	噪声-珠串棱镜	其他元素	0	shop	14.88	13	54	FBA	DiiWmme	Kristall Sonnenfänger Groβ Prisma K9 Crystal Suncatcher Prismen Anhänger | DiiWmme 33cm Regenbogenprismen Windspiel mit Buntglas Hanging Boho Deko für Garten Fenster Balkon Handgefertigter	Garten:Gartendeko:Figuren & Statuen:Sonnenfänger
DE	B0GQ9SRNP1	噪声-珠串棱镜	其他元素	0	shop	4.98	13	104	FBA	DOPENSPI	Lotusblüten Kristall Sonnenfänger, Windspiel Regenbogen Sonnen Mond Anhänger Sonnenfänger mit Kristallprisma Regenbogenmacher für drinnen draußen Haus Garten Dekoration Geschenk	Garten:Gartendeko:Figuren & Statuen:Sonnenfänger
DE	B0GL264BDF	噪声-珠串棱镜	其他元素	0	both	16.99	13	113	FBA	CEWROM	CEWROM Kristall Sonnenfänger, Susan's Choice Handgefertigte Fensterdeko (5) | Sonnenfänger Kristall Fenster, Regenbogen Suncatcher, Boho Windspiel &amp; Lichtspiel für Fenster, Wohnraum, Garten	Garten:Gartendeko:Figuren & Statuen:Sonnenfänger
DE	B0H1MRMM8K	噪声-珠串棱镜	花	0	shop	6.59	12	28	FBA	PLUSHCEWT	2 Stück Sonnenfänger Lotusblume mit Kristallprisma,Sonnenfänger Kristall für Fensterdeko,Eleganter Lotus Sonnenfängers,Fensterdeko Hängend Lichtfänger für Zuhause Büro und Garten	Garten:Gartendeko:Figuren & Statuen:Sonnenfänger
DE	B0GW8LTWZ3	噪声-珠串棱镜	蝴蝶	0	shop	4.49	12	59	FBA	HJZHII	57 Stück Prisma Fensteraufkleber Vogelschutz, Schmetterling Suncatcher Sticker Verschiedene Formen Regenbogen Fenster Sticker Fensterfolie Sonnenfänger für Vogelschläge Glasscheiben Deko	Küche, Haushalt & Wohnen:Wohnaccessoires & Deko:Dekoartikel:Aufkleber:Fensterbilder
DE	B0GZK67BG5	噪声-珠串棱镜	其他元素	0	shop	5.47	12	62	FBA	PLUSHCEWT	PLUSHCEWT 1 Stück Lotusblüten Sonnenfänger mit Kristallprisma – Hängende Fensterdekoration, Glaswindspiel für Fenster, Lichtfänger für Haus, Büro &amp; Auto	Garten:Gartendeko:Figuren & Statuen:Sonnenfänger
DE	B0GWZQ2PTP	噪声-珠串棱镜	猫	0	shop	8.39	12	70	FBA	chenyu	CHENYU 3 Stück Sonnenfänger 40x6cm Sun Catcher Lotusblüten Sonnenfänger mit Tropfenförmigem Kristallprisma Geeignet für Fensterdeko Hängend Lichtspiel Fenster Heim Gartendeko Geschenk	Garten:Gartendeko:Figuren & Statuen:Sonnenfänger
DE	B0GWDFXHGJ	噪声-珠串棱镜	猫	0	shop	5.96	11	61	FBA	LEMONSTONE	LEMONSTONE Sonnenfänger Kristall Mond 20 cm, Kristall Sonnenfänger Fenster, Handgefertigter Suncatcher Sun Catcher mit Windspiel, Kristalle zum Aufhängen für Gartendeko, Zimmer und Balkon	Garten:Gartendeko:Figuren & Statuen:Sonnenfänger
DE	B0GY96QLYX	噪声-珠串棱镜	花	0	shop	10.99	11	64	FBA	Valicaer	4 Stück Sonnenfänger Kristall, Lotusblume Fensterdeko Hängend, Moderner Lichtfänger Für Fenster, Büro Und Auto, Suncatcher Für Regenbogeneffekte	Garten:Gartendeko:Figuren & Statuen:Sonnenfänger
DE	B0GVYY8LLZ	噪声-珠串棱镜	其他元素	0	shop	6.99	11	85	FBA	OhebEsx	2 Stück Kristall Windspiel Set, Suncatcher, Gold Und Silber, Sonnenfänger, Gartendeko, Frühlingsdeko, Sonnenfänger Kristall, Lichtbrechende Deko Für Fenster, Garten Und Wohnraum	Garten:Gartendeko:Figuren & Statuen:Sonnenfänger
DE	B0H2MT9J9Z	噪声-珠串棱镜	其他元素	0	shop	9.99	10	31	NA	PELARISE	5 Stück Kristall Sonnenfänger Fenster, Suncatcher mit Holzperlen &amp; Kristallkugel, DIY Sonnenfänger Basteln, Kristalle Anhänger, Lichtfänger für Fenster, Garten, Haus Deko	Garten:Gartendeko:Figuren & Statuen:Sonnenfänger
DE	B0GRYML9LH	噪声-珠串棱镜	其他元素	0	shop	15.99	10	45	FBA	Jeluck	5 Stück Sonnenfänger Kristall, Sonnenfänger Basteln mit Holzperlen &amp; Kristalle zum Aufhängen, Sanftes Lichtspiel als Skandinavische Deko, Fensterdeko Hängend für Wohnzimmer, Garten, Hochzeit, Party	Garten:Gartendeko:Figuren & Statuen:Sonnenfänger
DE	B0GVY9QRXX	噪声-珠串棱镜	其他元素	0	shop	5.59	10	90	FBA	KORVANEL	52 Stück Prisma Fensteraufkleber, Bunte Fensterbilder als Vogelschutz Fenster mit Suncatcher Sticker Effekt, Regenbogen Folie Fenster Dekoration, statische Fenster Sticker rund für Zuhause Büro	Küche, Haushalt & Wohnen:Wohnaccessoires & Deko:Dekoartikel:Aufkleber:Fensterbilder
DE	B0GQFGG1RD	噪声-珠串棱镜	其他元素	0	shop	13.99	10	93	FBA	AXVRAV	460 Stück Sonnenfänger Kristall Bastelset,DIY Fenster Windspiel Basteln, DIY Sonnenfänger Fenster Deko, Suncatcher Windspiel Basteln, Fensterdeko Hängend für Zuhause Büro Garten	Garten:Gartendeko:Figuren & Statuen:Sonnenfänger
DE	B0GZP2442B	噪声-珠串棱镜	其他元素	0	clean	8.99	9	44	FBA	Caelura	300 Stück Facettierte Glasperlen Zum Auffädeln, 13 Stile 3-16 mm Kristall Perlen zum Auffädeln, AB Glass Beads mit Box, Perlen für Sonnenfänger, Armbänder, Schmuck, DIY Basteln	Küche, Haushalt & Wohnen:Basteln, Malen & Handarbeiten:Perlenweben & Schmuckherstellung:Schmuckperlen & Zubehör
DE	B0GXYQ1MNR	噪声-珠串棱镜	其他元素	0	shop	16.99	9	56	FBA	Hutglcfpy	201-Teiliges Sonnenfänger Kristall DIY Set, Suncatcher zum Basteln mit Kristallen zum Aufhängen, Regenbogenmacher für Fenster, Balkon, Garten und Wohndekoration	Garten:Gartendeko:Figuren & Statuen:Sonnenfänger
DE	B0H1LFNRJ8	噪声-珠串棱镜	其他元素	0	shop	17.89	9	63	FBM	Generic	5500 Stück Grüne Perlen-Set, Glasperlen Für Künstliche Sukkulenten, DIY Perlen Zum Auffädeln, Perlenpflanzen-Set Für Anfänger, Für Sonnenfänger Armbänder Halskette Ohrringe Schmuckherstellung	Küche, Haushalt & Wohnen:Basteln, Malen & Handarbeiten:Perlenweben & Schmuckherstellung:Schmuckperlen & Zubehör
DE	B0H1VGHT96	噪声-珠串棱镜	其他元素	0	shop	14.88	8	52	FBM	XZHDNLY	Prisma Sonnenfänger Kristall Groß - 120mm Suncatcher Kristalle Zum Aufhängen, Sonnenfänger Fenster Ornament Glas Anhänger Klare Kristall Tropfen Teile Für Fenster Haus Garten Deko	Garten:Gartendeko:Figuren & Statuen:Sonnenfänger
DE	B0GSJFXZ55	噪声-珠串棱镜	猫+花	0	shop	9.99	8	109	FBA	KUAJTUN	3 Stück Sonnenfänger Kristall Lotusblume Windspiel, Fensterdeko Hängend Regenbogen Sun Catcher für Fenster Balkon Garten, Moderner Lichtfänger Deko Anhänger, Sonnenfänger Lotusblume Suncatcher	Garten:Gartendeko:Figuren & Statuen:Sonnenfänger
DE	B0GQYK3TVB	噪声-珠串棱镜	其他元素	0	shop	15.99	8	118	FBA	LOMUG	LOMUG Kristall Sonnenfänger 5er Set – Suncatcher mit Holzperlen &amp; 30 mm K9 Kristallkugeln, Sanftes Lichtspiel, Skandinavische Fenster- &amp; Wohnraumdekoration, DIY Deko zum Aufhängen	Garten:Gartendeko:Figuren & Statuen:Sonnenfänger
DE	B0GLNM22Q5	噪声-珠串棱镜	花	0	shop	5.79	7	67	FBA	RJTCXJS	2 STK Sonnenfänger Kristall Fensterdeko Hängend Ganzjährig | Windspiel, Prisma, Regenbogen, Lotusblume, ganzjährig, für Haus &amp; Garten, aufhängen	Garten:Gartendeko:Figuren & Statuen:Sonnenfänger
DE	B0GYD7GGXV	噪声-珠串棱镜	其他元素	0	shop	10.99	6	42	FBA	Editbar	Sonnenfänger Kristall,6 stück SonnenfäNger Kristall Fenster,DIY Kristalle Anhänger Suncatcher, Fensterdeko HäNgend, Geeignet für Fenster, Wohnräume und Gartenwindspiele	Garten:Gartendeko:Figuren & Statuen:Sonnenfänger
DE	B0GXVRTTZC	噪声-珠串棱镜	蝴蝶	0	shop	2.99	6	74	FBA	BRTNUP	Sonnenfänger Kristall Schmetterling – 32 cm Suncatcher Glas mit Regenbogen Effekt, hängende Fenster Deko für Garten Haus, Geschenk	Garten:Gartendeko:Figuren & Statuen:Sonnenfänger
DE	B0H3LBZCS6	噪声-珠串棱镜	其他元素	0	shop	14.99	5	16	FBA	prota	20 Stück Sonnenfänger Kristall, 30mm Suncatcher Kristall, Kristalle zum Aufhängen mit Transparenter Linie und 20 Ringe, Lichtfänger für Kronleuchter Anhänger Fenster Garten Hochzeit Dekor	Garten:Gartendeko:Figuren & Statuen:Sonnenfänger
DE	B0GZZ1BLL2	噪声-珠串棱镜	其他元素	0	shop	16.99	5	30	FBA	DEMIUKO	DEMIUKO AB Sonnenfänger Kristall für Fensterdeko Hängend Windspiel Kristallen Lichtspiel Prisma Regenbogen Lichtfänger Anhänger Suncatcher Dopamine Deko für Balkon Garten Fenster Geschenk Frauen	Garten:Gartendeko:Figuren & Statuen:Sonnenfänger
DE	B0H1C3C8ZT	噪声-珠串棱镜	花	0	shop	5.03	5	38	FBA	Xiansini	22 Bunte, Selbstklebende Fensteraufkleber Blumen, Suncatcher Sticker Prisma, FensteraufkleberGroß, Gegen Vogelschlag, Regenbogenreflexion, für Glasfenster Glastür Frühlingsdeko Sommerdeko	Küche, Haushalt & Wohnen:Wohnaccessoires & Deko:Dekoartikel:Aufkleber:Fensterbilder
DE	B0GQ361298	噪声-珠串棱镜	其他元素	0	shop	15.99	5	86	FBA	Piashow	Kristall Sonnenfänger Fenster 5er Set – Suncatcher mit Holzperlen &amp; 30 mm Kristallkugel, Sanftes Lichtspiel, Skandinavische Fensterdeko für Wohnzimmer &amp; Schlafzimmer	Garten:Gartendeko:Figuren & Statuen:Sonnenfänger
DE	B0H1C7Z6HK	平板亚克力	其他元素	1	shop	5.99	23	33	FBA	Orsefeliy	20 x 20 cm Sonnenfänger Fensterdeko, Hohe Bunte Acrylplatte für Fensterdeko Hängend Ganzjährig, Frühlingsdeko Fenster Hängend mit Schnur und Haken für Innen und Außenbereich (Yellowcat)	Garten:Gartendeko:Figuren & Statuen:Sonnenfänger
DE	B0GY3ZJ3LY	平板亚克力	其他元素	1	shop	5.59	21	64	FBA	Orsefeliy	Sonnenfänger Fensterdeko 20 x 20 cm, Hohe Bunte Acrylplatte für Fensterdeko Hängend Ganzjährig, Frühlingsdeko Fenster Hängend mit Schnur und Haken für Garten, Fenster, Innen und Außenbereich	Garten:Gartendeko:Figuren & Statuen:Sonnenfänger
DE	B0GY8CJP94	平板亚克力	其他元素	0	shop	5.59	20	62	FBA	Tusche Geheimnis	2D Fensterdeko Hängend Vogel mit Kette - Vogel Sonnenfänger aus Acryl, Buntglas-Dekor für Drinnen und Draußen, Moderne Frühlingsdeko für Fenster, Türen, Garten oder Balkon,20 * 20cm	Küche, Haushalt & Wohnen:Wohnaccessoires & Deko:Dekoartikel:Aufkleber:Fensterbilder
DE	B0GYFPYMDN	平板亚克力	生命树	0	shop	7.99	17	58	FBA	DiiWmme	Lebensbaum Sonnenfänger Fensterdeko Hängend 20cm – Acryl | Sonnenfänger mit Lebensbaum Motiv und Metallkette – Dekorativer Lichtfänger für Fenster Garten Balkon Innenbereich	Garten:Gartendeko:Figuren & Statuen:Sonnenfänger
DE	B0GXKFL5KV	平板亚克力	其他元素	0	shop	11.99	11	73	FBA	Valicaer	Sonnenfänger Fensterdeko 3er Set, 20 cm Hängende Acryl-Dekoration Für Wohnzimmer Und Balkon, Boho-Stil Deko-Geschenk Zum Einzug Oder Geburtstag, Bunte Wohnaccessoires.	Garten:Gartendeko:Figuren & Statuen:Sonnenfänger
DE	B0GXDGY29Z	平板亚克力	其他元素	0	shop	7.99	9	64	FBA	OliveBreeze	2 Stück 2D Fensterschmuck zum Hängen – Hängende Fensterdeko aus stabil Acryl, Fensterbilder hängend und Fensterbild zum Aufhängen, Fensterhänger Frühling, Balkon Deko zum Hängen	Garten:Gartendeko:Figuren & Statuen:Sonnenfänger
DE	B0GTY771CR	平板亚克力	蜂鸟+花	0	shop	9.99	9	82	FBA	ZEKUN	2 Stück Fensterdeko Eleganter Große Rote Blume Acryl Fensterbehang Sonnenfänger Kolibri-Sonnenfänger Fenster Deko Fensterdeko Frühling Hängend für Fenster,Terrasse,Wand,Haus und Garten	Garten:Gartendeko:Figuren & Statuen:Sonnenfänger
DE	B0GZ3FPP69	平板亚克力	生命树	0	clean	7.99	8	41	FBA	HORREX	HORREX Lebensbaum Gefärbtes Acryl Modern Sonnenfänger Fenster, Fensterdeko Hängend Lichtbrecher, Suncatcher Lichtspiel, Verfügbar für Wohnzimmer Garten Balkon Terrasse Wand und Fenster, 20 x 20 cm	Garten:Gartendeko:Figuren & Statuen:Sonnenfänger
DE	B0GSBXYB2D	平板亚克力	蝴蝶	0	shop	8.49	7	103	FBA	UZYXC	Schmetterling Sonnenfänger Aus Acryl, Suncatcher Als Fensterdeko Zum Hängen, Lichtfänger Für Fenster, Balkon &amp; Garten, Erzeugt Schönes Lichtspiel, Ästhetische Frühlingsdeko Für Innen Und Außen	Garten:Gartendeko:Figuren & Statuen:Sonnenfänger
DE	B0GRTKL12R	平板亚克力	猫+蝴蝶	0	clean	7.88	5	109	FBA	Aurelx	Butterfly Sonnenfänger Fenster, 2D Acryl Fensterdeko Hängend, Fenster Deko mit Kette, Sun Catcher, Schmetterlinge Deko für Fensters, Terrasse, Wand, Haus und Garten	Garten:Gartendeko:Figuren & Statuen:Sonnenfänger
DE	B0GZVCGPMZ	拼图suncatcher	其他元素	0	shop	15.99	30	45	FBA	Joalpysm	83-teiliges Acryl Puzzle Sonnenfänger, DIY Fensterdeko Hängend mit Baum-des-Lebens Motiv, Sonnenfänger Fenster mit Zubehör, Fensterschmuck Hängend für Wohnzimmer Balkon, Kreatives Geschenk	Garten:Gartendeko:Figuren & Statuen:Sonnenfänger
DE	B0H1M8G8CG	拼图suncatcher	蜂鸟	0	shop	19.99	23	39	FBA	BRTNUP	Acryl Puzzle Fensterdeko Hängend, 83 Teile Acryl Sonnenfänger Puzzle, 7.87 in Bunte Acryl Puzzle Sonnenfänger für Fenster Balkon Garten, Geschenk für Frauen Männer Mutter (Kolibri)	Garten:Gartendeko:Figuren & Statuen:Sonnenfänger
DE	B0GYZP2PP5	拼图suncatcher	花	0	clean	18.27	16	43	FBM	Generisch	Acryl-Puzzle-Sonnenfänger, Vogel und Blumen, leuchtender Haven-Sonnenfänger-Puzzle, DIY-Sonnenfänger-Puzzle zum Aufhängen von Fenster, Hausgartendekoration, Buntglas-Stil (E)	Garten:Gartendeko:Figuren & Statuen:Sonnenfänger
DE	B0GTQ4WC9P	类目命中-待分	蜂鸟+花	0	shop	8.99	5	112	FBA	JASFLY	2 Stück Sonnenfänger, Bunter Fensterdeko Hängend, Sonnenfänger Fenster mit Buntem Glas-Effekt Kolibri und Blume für Fenster, Terrasse, Wand, Haus und Garten	Garten:Gartendeko:Figuren & Statuen:Sonnenfänger
UK	B0GQMNC4GJ	其他窗挂	猫	0	shop	4.22	19	112	FBA	Ouligay	Ouligay 60 Pieces Window Stickers for Birds Anti Collision Circle Star Window Clings, Reusable Windows Decals to Save Bird Strikes, Rainbow Sun Catcher Stickers, Non-Adhesive Rainbow Sticker	Home & Kitchen:Home Accessories:Decorative Accessories:Stickers:Window Stickers
UK	B0GWPTSDT8	其他窗挂	猫+花	0	shop	6.19	9	61	FBA	Zirax	138 Pcs Colorful Daisy Window Clings, Double-Sided Spring Floral Window Stickers, Boho Flower Decals for Glass, Anti-Collision Sun Catchers for Home Office Shop Classroom Decor	Home & Kitchen:Home Accessories:Decorative Accessories:Stickers:Window Stickers
UK	B0GW5T8X95	噪声-珠串棱镜	其他元素	0	shop	6.99	815	103	FBA	Kideerly	Friendship Gifts for Women, Crystal Suncatcher, Best Friend Birthday Gifts for Women, Gift for My Special Friend, Presents to Friends Female on Anniversary Christmas Graduation	Garden:Garden Décor:Garden Sculptures & Statues:Sun Catchers
UK	B0H1PLY5P1	噪声-珠串棱镜	蝴蝶	0	both	5.68	381	61	FBA	QBEJIME	60th Birthday Gifts for Women, Butterfly Crystal Suncatcher, Unusual 60th Birthday Gifts for Hers, Personalised Birthday Gifts for Women, 60 year old woman Wife Mum Sister Grandma Presents	Garden:Garden Décor:Garden Sculptures & Statues:Sun Catchers
UK	B0GXDXSC1D	噪声-珠串棱镜	其他元素	0	shop	5.99	149	77	FBA	OYIWINMI	Thank You Gift for Women Best Teacher Gifts, Crystal Suncatcher Thankyou Appreciation Heart Personalised Small Presents for Retirement Head Teachers Colleague Nursery Nurse Friends Teaching Assistant	Garden:Garden Décor:Garden Sculptures & Statues:Sun Catchers
UK	B0GYC1S45B	噪声-珠串棱镜	猫	0	shop	7.99	116	79	FBA	OYIWINMI	Gifts for Women Thank You Gift Crystals Sun Catcher Teacher Gift Personalised Appreciation Gifts for Him Her Mum Dad Best Friend, Anniversary Christmas Birthday Retirement Leaving Gifts (Sun)	Garden:Garden Décor:Garden Sculptures & Statues:Sun Catchers
UK	B0GYCB5883	噪声-珠串棱镜	猫	0	shop	6.66	116	79	FBA	OYIWINMI	Gifts for Women Thank You Gift Crystals Sun Catcher Teacher Gift Personalised Appreciation Gifts for Him Her Mum Dad Best Friend, Anniversary Christmas Birthday Retirement Leaving Gifts (Heart)	Garden:Garden Décor:Garden Sculptures & Statues:Sun Catchers
UK	B0GX5PGN4C	噪声-珠串棱镜	蝴蝶	0	shop	7.99	104	84	FBA	Kideerly	Best Friend Friendship Gifts For Women, Butterfly Crystal Suncatcher, Gifts For Friends Female, Birthday Gifts For Women, Christmas, Wedding Anniversary Graduation For Bestie Friends	Garden:Garden Décor:Garden Sculptures & Statues:Sun Catchers
UK	B0H67WR6NW	噪声-珠串棱镜	蝴蝶	0	clean	6.99	93	19	FBA	Kideerly	Grandma Gifts, Butterfly Crystal Suncatcher, Grandma Birthday Gifts, Christmas Birthday Gifts For Grandma, Present For Birthday Mother’s Day Christmas Thanksgiving Gift	Garden:Garden Décor:Garden Sculptures & Statues:Sun Catchers
UK	B0GS1LMY2V	噪声-珠串棱镜	猫	0	both	6.99	79	100	NA	Zidoley	Retirement Gifts for Women Sun Catcher, Leaving Gifts for Women, Goodbye Gift Crystal Suncatcher with Heart Decor and Card for Teacher, Colleagues, Coworkers, Boss, Retiree	Garden:Garden Décor:Garden Sculptures & Statues:Sun Catchers
UK	B0GXKBRNF7	噪声-珠串棱镜	猫+高地牛	0	both	6.99	65	72	FBA	Zidoley	Highland Cow Gifts for Women Crystal Suncatcher, Rainbow Prism Sun Catcher Decor, Cute Ornaments Window Hanging, Birthday for Mom, Friends (Highland Cow)	Garden:Garden Décor:Garden Sculptures & Statues:Sun Catchers
UK	B0H1GPJ3DB	噪声-珠串棱镜	其他元素	0	shop	5.69	58	48	FBA	Zirax	60th Birthday Gifts for Women, Crystal Suncatcher with Greeting Card, Birthday Gifts for Mum Auntie Grandma Wife Friends Teacher, Woman Keepsake Present (60th)	Garden:Garden Décor:Garden Sculptures & Statues:Sun Catchers
UK	B0GVSKWKB3	噪声-珠串棱镜	猫+花	0	shop	4.99	57	75	FBA	Siyiwen	Sun Catchers for Windows,Crystal Suncatcher Hanging Ornament,Rainbow Maker Hanging Crystals,Flower Crystal Sunflower Rainbow Maker Hanging Ornament,Sta/ined Glass Window Hanging Decor,Gift for Women	Garden:Garden Décor:Garden Sculptures & Statues:Sun Catchers
UK	B0GWHTY1PP	噪声-珠串棱镜	蝴蝶	0	shop	6.99	53	94	FBA	Mitibet	Memorial Butterfly Gifts for Loss of Loved One, Remembrance Plaque for Mum Nan, Suncatcher Ornament for Grave, Crystal Hanging Decoration for Garden, Butterfly Memorial Gift for Women, 1 Pc	Home & Kitchen:Home Accessories:Decorative Accessories:Hanging Ornaments
UK	B0GX53PXDL	噪声-珠串棱镜	其他元素	0	shop	15.99	52	70	FBA	DVDVBOOM	5422Pcs Green Beaded Plant Kit, Suncatcher Beads Plant Kit Green Leaf Beads for Plants Making, Glass Beads Suncatchers for Windows with Instruction, Plants Beads for Beginner Making DIY Craft	Home & Kitchen:Arts & Crafts:Beading & Jewellery-Making:Beads & Bead Assortments
UK	B0GSFY9G5T	噪声-珠串棱镜	猫	0	shop	7.29	52	100	FBA	ADLABLD	100Pcs 14mm Crystal Suncatcher Beads, Bulk AB Color Sun catcher Supplies Chandelier, Crystal Glass Octagon Beads for DIY Jewelry Making, Chandelier Replacement	Toys & Games:Arts & Crafts:Craft Kits:Glass Art & Suncatchers
UK	B0GRV5LPWV	噪声-珠串棱镜	其他元素	0	shop	5.79	44	91	FBA	Zirax	New Home Gifts for Couples, Heart Crystal Suncatcher，House Warming Gifts New Home, Hanging Window Decoration Ornament, Thoughtful Housewarming Presents for Women, Mum, Friends, Family &amp; Homeowners	Home & Kitchen:Home Accessories:Decorative Accessories:Hanging Ornaments
UK	B0GQ2Y2NK5	噪声-珠串棱镜	其他元素	0	shop	12.49	44	105	FBA	M METERXITY	M METERXITY 50-Pack Crystal Icicle Prisms, 34mm/1.34 Inch Chandelier Pendant Maker Hanging Crystals Chandelier Prisms for Home/Windows/Garden/DIY Decoration[Clear]	Garden:Garden Décor:Garden Sculptures & Statues:Sun Catchers
UK	B0GY41RG9W	噪声-珠串棱镜	猫	0	both	5.99	37	78	FBA	OYIWINMI	Teacher Gifts for Women Men Thank You Gift Personalised Crystals Sun Catcher Gifts for Teachers Teaching Assistant Nursery Teacher, Birthday Retirement Christmas End Of The Year Leaving Gifts (Icons)	Garden:Garden Décor:Garden Sculptures & Statues:Sun Catchers
UK	B0GX9XBMJJ	噪声-珠串棱镜	猫	0	both	4.99	35	78	FBA	Kideerly	Friendship Gifts for Women, Crystal Catchers Birthday Presents ideas for teen Girl Bestie Unique, Thank You Gift, Christmas Decorations	Garden:Garden Décor:Garden Sculptures & Statues:Sun Catchers
UK	B0GWH4RLV5	噪声-珠串棱镜	蝴蝶	0	shop	6.79	32	61	FBA	Zirax	60th Birthday Gifts for Women, Butterfly Crystal Suncatcher with Elegant Gift Box, Thoughtful 60th Birthday Gifts for Mum Sister Friend, Unique Keepsake Presents for Her	Garden:Garden Décor:Garden Sculptures & Statues:Sun Catchers
UK	B0GZKLXM2B	噪声-珠串棱镜	其他元素	0	shop	6.59	31	57	FBA	RUQVKWLA	Crystal Engagement Gifts For Couples - 2026 Keepsake Ornament Suncatcher - Unique Engagement Gifts With Congratulations Card &amp; Box - Romantic Engagement Party Decor	Home & Kitchen:Home Accessories:Decorative Accessories:Hanging Ornaments
UK	B0H1HQZZDD	噪声-珠串棱镜	其他元素	0	shop	4.99	28	39	FBA	ZayoHaumk	Graduation Gifts for Daughters, Inspirational Gifts Beloved Birthday Presents Heart Crystal Suncatcher Christimas Gifts from Mum Dad to Daughte (Daughters )	Garden:Garden Décor:Garden Sculptures & Statues:Sun Catchers
UK	B0H2DY7F8F	噪声-珠串棱镜	其他元素	0	both	8.79	23	44	FBA	GYTFOG	7 Pcs Crystal Suncatcher, Colorful Crystals Suncatcher Prisms, Crystal Suncatcher Prism Pendant, Outdoor Garden Window Hanging Decor for Tree Car Home Wedding Party Decoration	Garden:Garden Décor:Garden Sculptures & Statues:Sun Catchers
UK	B0GX6X6TZ7	噪声-珠串棱镜	其他元素	0	shop	4.99	22	60	NA	Solvio	Thank You Gifts for Women, Crystal Suncatcher Heart Ornament, Birthday Gifts for Female Friends, Retirement Leaving Gifts for Colleagues, Teacher, Nurse, Mum, Crystal Hanging Decoration for Garden	Garden:Garden Décor:Garden Sculptures & Statues:Sun Catchers
UK	B0H1WMCWH2	噪声-珠串棱镜	猫	0	shop	9.99	21	29	FBA	Solvio	Crystal Suncatchers for Windows, Sun and Moon Hanging Sun Catcher Rainbow Maker, Boho Crystal Wind Chimes for Garden Indoor Outdoor Decor, Dream Catcher Ornament Gift for Women	Garden:Garden Décor:Garden Sculptures & Statues:Sun Catchers
UK	B0GZTNHNR5	噪声-珠串棱镜	其他元素	0	shop	7.99	20	61	FBA	DINSAGE	Teacher Gifts for Women Thank You Teachers Crystal Suncatcher Ornaments Teachers Day Graduation Retirement Christmas Birthday Appreciation Gift (Thanks)	Garden:Garden Décor:Garden Sculptures & Statues:Sun Catchers
UK	B0GZZR4G26	噪声-珠串棱镜	猫	0	shop	9.59	19	63	FBA	VVJIJILLY	3 Pcs Sun Catcher Crystals Rainbow Hanging Suncatchers for Windows, Beautiful Hanging Crystals and Wind Chimes with Prism, Indoor or Outdoor Crystal Suncatcher for Window Decoration	Garden:Garden Décor:Garden Sculptures & Statues:Sun Catchers
UK	B0H1W8ZGFT	噪声-珠串棱镜	猫	0	shop	6.99	18	43	FBA	Solvio	Crystal Sun Catchers for Windows, Rainbow Maker Wind Chimes for Garden, Hanging Suncatcher Beads with Spiral Tail, Glass Ornaments for Indoor Outdoor Home Decor	Garden:Garden Décor:Garden Sculptures & Statues:Sun Catchers
UK	B0GSZ83RSS	噪声-珠串棱镜	猫	0	shop	5.58	18	98	FBA	CavspkArt	Cat Sun Catcher, White Crystal Cat Ornament Suncatcher, Suncatchers for Windows	Garden:Garden Décor:Garden Sculptures & Statues:Sun Catchers
UK	B0GWRGT4F1	噪声-珠串棱镜	猫+生命树	0	shop	5.99	18	102	FBA	Comforso	Heart-shaped Tree of Life Crystal Wind Chime, Sun Catchers for Windows that Spread Rainbows, Purple and Clear Sun Catcher for Garden Porch Balcony Car Decor, Suncatcher Ornament	Garden:Garden Décor:Garden Sculptures & Statues:Sun Catchers
UK	B0H2QDVWF4	噪声-珠串棱镜	其他元素	0	shop	7.09	17	55	FBA	aieieii	1 Pc 70th Birthday Gifts for Women, Auntie Gifts Crystal Suncatcher, Unusual 70th Birthday Gifts, Unique Heart Present for Grandma Mum Wife Auntie Friends Ladies	Garden:Garden Décor:Garden Sculptures & Statues:Sun Catchers
UK	B0H1PNXX5S	噪声-珠串棱镜	猫	0	shop	5.99	16	37	FBA	Wtirey	Angel Wings Crystal Sun Catcher Ornaments with Prisms, Hanging Suncatchers for Windows &amp; Garden, Sparkling Glass Wind Chimes for Outdoor Decor, Home Gifts for Women	Garden:Garden Décor:Garden Sculptures & Statues:Sun Catchers
UK	B0GZD915Y8	噪声-珠串棱镜	猫	0	shop	4.99	15	61	FBA	GLAITC	Suncatcher Guardian Angel Sun Catcher With Crystal Hanging Decor Angel Crystal Prism With 7 Chakra Suncatcher Hanging Rainbow Maker Ornament For Home Window Garden Decor Guardian Angel Gift	Garden:Garden Décor:Garden Sculptures & Statues:Sun Catchers
UK	B0GVN1ZN4D	噪声-珠串棱镜	猫	0	shop	9.49	14	111	FBA	TranRantic	2 Pack Sun Catchers for Windows, Hanging Crystals Suncatcher, Crystal Prism Suncatcher, Whimsical Rainbow Suncatchers Decor for Window Garden Bedroom Wedding	Garden:Garden Décor:Garden Sculptures & Statues:Sun Catchers
UK	B0H1FFQ5QJ	噪声-珠串棱镜	猫	0	shop	10.99	13	28	FBA	Glamoreal	2000+ Crystal Glass Beads for Jewellery Making, 24 Assorted Faceted Beads (3-15 mm) for DIY Bracelets, Necklaces, Earrings and Sun Catchers (Clear AB Colour)	Home & Kitchen:Arts & Crafts:Beading & Jewellery-Making:Beads & Bead Assortments
UK	B0GY8Z4YY7	噪声-珠串棱镜	猫	0	shop	4.13	12	64	FBA	CavspkArt	38cm Sun Catcher, Sun Catchers for Windows, Hanging Crystals for Windows	Garden:Garden Décor:Garden Sculptures & Statues:Sun Catchers
UK	B0GQYGV1CF	噪声-珠串棱镜	其他元素	0	shop	8.99	11	48	FBA	MIFKLMV	Friendship Gifts for Women, Best Friend Birthday Gifts – Crystal Suncatcher with Gift Box, Galentines Gift for My Special Friend, Hanging Decoration for Home Window Garden Birthday Anniversary	Garden:Garden Décor:Garden Sculptures & Statues:Sun Catchers
UK	B0GDMLHLWW	噪声-珠串棱镜	其他元素	0	shop	13.69	11	108	FBA	Guijinhao	30pcs 38mm Clear Grid Chandelier Crystal Pendants, DIY Crystal Curtain Pendants,Hanging Crystals Suncatcher with Hooks for Windows Home Decor Hanging Wedding Garland (C28-30)	Garden:Garden Décor:Garden Sculptures & Statues:Sun Catchers
UK	B0GWLZ6T3W	噪声-珠串棱镜	猫+花	0	shop	3.99	10	47	NA	RevpoltIQ	3 Pack Crystal Suncatcher Wind Chimes, Lotus Flower Moon Star Sun Catcher with Crystal Prism, Rainbow Maker Window Hanging Decor for Home, Office, Garden Rainbow Prism Sun Catchers Home Decoration	Garden:Garden Décor:Garden Sculptures & Statues:Sun Catchers
UK	B0GZVVPFL3	噪声-珠串棱镜	猫+蝴蝶	0	shop	6.99	9	34	FBA	Zuckset	2 Pcs Crystal Sun Catchers for Windows Hanging Set with 2 Greeting Cards | Crystal ornaments; 24.5 cm snowflake and 28.5 cm butterfly; casts rainbow light; includes 2 greeting cards for gifting	Garden:Garden Décor:Garden Sculptures & Statues:Sun Catchers
UK	B0H1J694TT	噪声-珠串棱镜	其他元素	0	shop	5.99	9	35	FBA	Xenovate	Friendship Gifts For Women, Crystal Suncatcher for Female Bestie, Special Friend Gift for Birthday, Wedding, Anniversary Graduation	Garden:Garden Décor:Garden Sculptures & Statues:Sun Catchers
UK	B0GX61ZRKM	噪声-珠串棱镜	猫	0	shop	5.59	9	77	FBA	YcsRnn	Sun Catchers for Windows, Suncatcher Kit with Garden Hanging Ornaments, Two Crystal Sun Catchers for Windows, Decorative Garden Gifts for Women, Vibrant Window Decorations	Garden:Garden Décor:Garden Sculptures & Statues:Sun Catchers
UK	B0GSF93RW3	噪声-珠串棱镜	其他元素	0	shop	16.99	9	92	FBA	ZYUQFAN	2383 Pcs Green Glass Beads Making Kit, Beaded Plant Kit with Video Tutorials, DIY Charm Suncatcher Beads for Succulent Plants Making, Forever Plants Beads for Jewellery	Home & Kitchen:Arts & Crafts:Beading & Jewellery-Making:Beading Kits
UK	B0H6LJG7ZG	噪声-珠串棱镜	其他元素	0	shop	8.99	8	7	FBA	Kideerly	Dog Memorial Gifts, Pet Memorial Gifts, Pet Loss Gifts, Crystal Suncatcher for Windows, Rainbow Bridge Hanging Ornament, Sympathy Gift for Loss of Dog	Pet Supplies:Dogs:Memorials & Funerary:Memorials & Tombstones
UK	B0H11FMFHW	噪声-珠串棱镜	其他元素	0	shop	5.99	8	27	FBA	Mitibet	70th Birthday Gifts for Women, Heart Crystal Suncatcher, Unique Present for Mum, Female Friend 70 Year Old Lady, Happy Birthday Garden Decor	Garden:Garden Décor:Garden Sculptures & Statues:Sun Catchers
UK	B0GZVXYL1G	噪声-珠串棱镜	猫	0	shop	7.49	8	34	FBA	Zirax	4 PCS Crystal Suncatcher, Hanging Moon Star Sun Catchers for Windows, Rainbow Maker Wind Chimes for Garden, Car, Office, Party, Wedding Decor	Garden:Garden Décor:Garden Sculptures & Statues:Sun Catchers
UK	B0GXK9NCP3	噪声-珠串棱镜	蝴蝶	0	shop	5.99	8	61	FBA	Zirax	Thank You Gifts for Women, Butterfly Crystal Suncatcher, Leaving Gifts for Colleagues Women, Happy Retirement Gifts for Friends, Teacher Appreciation, Nurse Coworker Goodbye Keepsake Decor	Garden:Garden Décor:Garden Sculptures & Statues:Sun Catchers
UK	B0GWM27CWH	噪声-珠串棱镜	其他元素	0	shop	7.99	8	84	FBA	XQMMGO	80th Birthday Gifts For Women, Crystal Suncatcher, Unique Heart Birthday Gift Ideas For Her, For Mum Sister Friend Wife	Garden:Garden Décor:Garden Sculptures & Statues:Sun Catchers
UK	B0H1H5SLC9	噪声-珠串棱镜	猫	0	shop	6.09	7	44	FBA	ERCHUTH	Crystal Suncatcher,Personalised Sun Catcher Gift Friend Gifts for Women | Suncatchers Crystal Gifts for Women Friendship Bestie Friend Birthday Gifts Anniversary Graduation Christmas Friend Gifts	Garden:Garden Décor:Garden Sculptures & Statues:Sun Catchers
UK	B0GZ4VBC45	噪声-珠串棱镜	猫+蝴蝶	0	shop	2.99	7	47	FBA	NAXIXI	Vibrant Garden Ornaments and Window Decor,Crystal Butterfly Suncatcher Kit,Crystal Butterfly Suncatcher Creates Stunning Rainbow,Cryst/al Dream Catcher Hanging Decoration for Ornament(Butterfly)	Garden:Garden Décor:Garden Sculptures & Statues:Sun Catchers
UK	B0H1BM9J6Q	噪声-珠串棱镜	猫	0	both	6.59	7	56	FBA	htdayang	2 PCS Sun Catchers for Garden Ornaments Outdoor, Sun Catcher Crystals | Hanging Crystal Sun Catcher, Exquisite Crystal Sun Catchers for Windows for Home Christmas Party Wedding Decoration	Garden:Garden Décor:Garden Sculptures & Statues:Sun Catchers
UK	B0GVN7JB4Z	噪声-珠串棱镜	其他元素	0	shop	4.69	7	91	FBA	lunictto	Angel Wing Suncatcher with Heart Charm Hanging Glass Prism Beads, Guardian Angel Memorial Ornament for Window Garden Wall, Sympathy Keepsake Gift for Bereavement (Heart)	Garden:Garden Décor:Garden Sculptures & Statues:Sun Catchers
UK	B0H1W8N2XY	噪声-珠串棱镜	猫+蜜蜂	0	shop	7.09	6	27	FBA	Solvio	Crystal Suncatcher Bee Gifts for Women, Rainbow Maker Sun Catchers for Windows, Hanging Glass Ornament for Garden Home Decor, Bumble Bee Gift	Garden:Garden Décor:Garden Sculptures & Statues:Sun Catchers
UK	B0H1CZ1VFC	噪声-珠串棱镜	其他元素	0	shop	5.49	6	35	FBA	Solvio	Crystal Suncatcher Friendship Gifts for Women, 70th Birthday Gifts for Best Friend Bestie Mum Auntie, Thank You Present for Mother's Day Christmas Wedding Anniversary	Garden:Garden Décor:Garden Sculptures & Statues:Sun Catchers
UK	B0GSFMS234	噪声-珠串棱镜	蜜蜂+花	0	shop	5.99	6	48	FBA	DELORIGIN	Strawberry Flower Car Decor Crystal Ball Rainbow Suncatcher Car Hanging Ornaments Cute Fruit Honeybee Cars Charm Accessories Pendant for Rear View Mirror Birthday Home Bag Decorations	Automotive:Car Accessories:Rearview Mirror Ornaments
UK	B0H1B7Q1XT	噪声-珠串棱镜	猫	0	shop	4.99	5	44	FBA	ShunJian	Crystal Suncatcher for Window, Garden Sun Catcher &amp; Friendship Plaque Gift, Birthday Gift for Women, Sister Gift, Friend Gift for Women, Present for Mum &amp; Friend for Christmas, Wedding &amp; Anniversary	Garden:Garden Décor:Garden Sculptures & Statues:Sun Catchers
UK	B0GQM58LPD	噪声-珠串棱镜	高地牛	0	shop	9.99	5	99	FBA	Netupett	Highland Cow Crystal Suncatcher, &quot;Just A Girl Who Loves Highland Cow&quot; Ornaments, Scottish Gifts for Cows Lovers, Perfect for Christmas, Birthday, Party &amp; Graduation	Garden:Garden Décor:Garden Sculptures & Statues:Sun Catchers
UK	B0H1WF2VQG	平板亚克力	猫	0	shop	8.99	180	67	NA	EDSG	EDSG Personalised Family Stained Glass Sun Catcher, Fathers Day Photo Gifts from Daughter Son Wife, Photo Frame Gifts for Fathers Day Birthday Christmas Dad Daddy Grandpa (Design 1)	Home & Kitchen:Home Accessories:Decorative Accessories:Hanging Ornaments
UK	B0GYBPFGT8	平板亚克力	猫	0	shop	4.59	114	59	FBA	Wtirey	Crystal Sun Catchers for Windows,Suncatcher Kit with Hanging Crystals &amp; Stained Glass Window Decorations,Friendship &amp; Healing Gifts for Women,Garden Ornaments Outdoor,Crystal Ornaments,Style M	Garden:Garden Décor:Garden Sculptures & Statues:Sun Catchers
UK	B0GT4SCSDL	平板亚克力	知更鸟	0	clean	5.59	76	93	FBA	KRENIE	Robin Gifts Suncatcher Hanging Ornament – Acrylic Bird Window Decoration 20 cm – Decorative Pendant for Home Garden – Gift for Friends	Garden:Garden Décor:Garden Sculptures & Statues:Sun Catchers
UK	B0GXJ7MZWP	平板亚克力	猫+蝴蝶	0	shop	4.39	65	65	FBA	HurPae	Crystal Sun Catchers for Windows,Suncatcher Kit with Hanging Crystals,Window Decorations &amp; Garden Ornaments Outdoor,Stained Glass Sun Catcher Kit with Crystal Butterfly,Hanging Crystals for Windows	Garden:Garden Décor:Garden Sculptures & Statues:Sun Catchers
UK	B0GXJLCN5Q	平板亚克力	猫+蝴蝶	0	shop	4.39	65	75	FBA	HurPae	Crystal Sun Catchers for Windows,Suncatcher Kit with Hanging Crystals,Window Decorations &amp; Garden Ornaments Outdoor,Stained Glass Sun Catcher Kit with Crystal Butterfly,Hanging Crystals for Windows	Garden:Garden Décor:Garden Sculptures & Statues:Sun Catchers
UK	B0GQS5FXV6	平板亚克力	猫+海/龟	1	shop	5.58	58	117	FBA	Generic	Blue Turtle Suncatcher with Inspirational Card, Acrylic Stained Glass Style Sun Catcher for Windows, Cosy Turtle Ornament, Hanging Decorations for Shelf Wall and Garden	Garden:Garden Décor:Garden Sculptures & Statues:Sun Catchers
UK	B0GQSGP47G	平板亚克力	猫+猫头鹰	1	clean	6.58	53	118	FBA	Generic	Blue Owl Suncatcher, Owl Garden Ornaments Outdoor, Acrylic Stained Glass Sun Catchers for Windows &amp; Walls, Garden Fence Decorations Gifts for Friends and Family	Garden:Garden Décor:Garden Sculptures & Statues:Sun Catchers
UK	B0H33FYNHY	平板亚克力	猫+狐狸	0	shop	6.79	49	33	FBA	Feibety	Fox Suncatcher Ornament, Acrylic Stained Glass Window Hangings, Vibrant Sun Catchers for Windows, Hanging Garden Decor, Romantic Fox Gifts for Women and Animal Lovers	Garden:Garden Décor:Garden Sculptures & Statues:Sun Catchers
UK	B0GYN7THNP	平板亚克力	猫+生命树	0	shop	5.19	38	47	FBA	Solvio	Tree of Life Suncatcher for Windows, Stained Glass Style Acrylic Sun Catcher, Hanging Garden Wall Decorations and Ornaments for Indoor Outdoor Patio Balcony	Garden:Garden Décor:Garden Sculptures & Statues:Sun Catchers
UK	B0H3F9KB91	平板亚克力	猫	0	shop	15.99	36	36	FBM	Muralscape	8 inch Cat Stained Glass Suncatcher Windows Hanging,Stained Glass Ornament Home Decor,Suncatchers for Windows Hanging,Birthday Gifts for Women,Lovers,Friend(Black)	Garden:Garden Décor:Garden Sculptures & Statues:Sun Catchers
UK	B0H3FFN178	平板亚克力	蜂鸟+花	0	clean	17.99	36	89	FBM	Muralscape	10 inch Hummingbird Flower Stained Glass Suncatcher Windows Hanging,Stained Glass Ornament Home Decor,Suncatchers for Windows Hanging,Birthday Gifts for Women,Lovers,Friend(Black)	Garden:Garden Décor:Garden Sculptures & Statues:Sun Catchers
UK	B0GRGJ6RCD	平板亚克力	猫	1	both	5.82	33	99	FBA	Generic	Sunset Cat Suncatcher, Heartwarming Cat Gifts for Women, Acrylic Stained Glass Sun Catchers for Windows &amp; Walls, Hanging Ornament for Home, Garden &amp; Fence Decorations	Garden:Garden Décor:Garden Sculptures & Statues:Sun Catchers
UK	B0GS52FJJJ	平板亚克力	猫+高地牛+蝴蝶	1	shop	5.28	31	88	FBA	Generic	Butterfly Highland Cow Suncatcher, Acrylic Stained Glass Window Hangings, Funny Highland Cow Ornament, Sun Catchers for Windows, Home, Garden &amp; Balcony, Gift for Cows Lovers	Garden:Garden Décor:Garden Sculptures & Statues:Sun Catchers
UK	B0GRGWCC4D	平板亚克力	猫+海/龟	1	shop	5.58	28	99	FBA	Generic	Sea Waves Sun Catchers for Windows, Blue Wave Stained Glass Suncatcher, Acrylic Handmade Sun Catcher, Hanging Ornament for Garden and Home Decor, Suncatcher Gift for Women, Men &amp; Wife	Garden:Garden Décor:Garden Sculptures & Statues:Sun Catchers
UK	B0GRFBJ16J	平板亚克力	猫+蜜蜂	1	shop	6.98	27	100	FBA	zhongko	Bee Sun Catcher, Bumble Bee Gifts for Women, Stained Glass Style Acrylic Suncatcher for Windows, Bees and Honey Pot Ornament, Rustic Window Hanging Decor for Home, Garden and Balcony	Garden:Garden Décor:Garden Sculptures & Statues:Sun Catchers
UK	B0GQSHYP4L	平板亚克力	猫+花	1	shop	6.98	25	115	FBA	Generic	Daffodils Suncatcher, Spring Daffodils Ornament Gift, Acrylic Stained Glass Style Sun Catcher for Windows, Elegant Hanging Decoration for Home, Garden and Balcony	Garden:Garden Décor:Garden Sculptures & Statues:Sun Catchers
UK	B0GXW8SM98	平板亚克力	猫+花	0	shop	5.99	22	83	FBA	Srumvoat	Wildflower Sun Catcher, Alternative Stained Glass Design, Durable Acrylic Suncatcher, Artistic Window Decoration for Garden Christmas &amp; Birthday Mothers Day 20x20 cm (Upgraded No-Punched)	Garden:Garden Décor:Garden Sculptures & Statues:Sun Catchers
UK	B0GSY7FCVQ	平板亚克力	猫+花	0	shop	6.99	22	111	FBA	Srumvoat	Window Sun Catcher, Durable Acrylic Suncatchers with Chain, Passionate Sunflower Daisy Lavender Sunset Suncatcher, Decorative Hanging Ornament for Home Garden Gift, Sunflower Gifts for Women	Garden:Garden Décor:Garden Sculptures & Statues:Sun Catchers
UK	B0H2DVDLGK	平板亚克力	花+蝴蝶	0	shop	7.99	21	25	FBA	WHJYCC	Butterfly Suncatcher 40th Birthday Present for Women Born in 1986 - Inspirational Floral Acrylic Crystal Hanging Ornament, Purple Window Decoration for Mum, Wife, Sister, Friend (Purple 40th)	Home & Kitchen:Home Accessories:Decorative Accessories:Hanging Ornaments
UK	B0GZV9NL2C	平板亚克力	蝴蝶	0	shop	6.09	21	34	FBA	Elmsley	40th Birthday Gifts for Women, Butterfly Acrylic Crystal Suncatcher for 40th Birth Anniversary, 1985 Birthday Gifts for Women, the 40 Year Old B-Day Presents for Mum Wife Sister Female	Fashion:Women:Jewellery:Pendants & Coins:Pendants
UK	B0H2HKLJWR	平板亚克力	猫+猫头鹰	0	shop	5.98	21	41	FBA	Embhlitfe	Embhlitfe Blue Owl Suncatcher,Owl Sun Catcher for Window Hanging Decoration Owl Garden Ornaments Outdoor,Acrylic Stained Glass Ornament for Window Wall Hanging Garden Fence Decorations	Garden:Garden Décor:Garden Sculptures & Statues:Sun Catchers
UK	B0GYDFF8F1	平板亚克力	猫	1	shop	4.58	21	59	FBA	Dei tkeyts	Sunset Sun Catchers for Windows, Tropical Beach Acrylic Suncatcher, Stained Glass Window Hanging Ornament, 2D Flat Hanging Garden Ornament Suncatchers for Home Window Wall Decoration	Garden:Garden Décor:Garden Sculptures & Statues:Sun Catchers
UK	B0GYDF8LY8	平板亚克力	猫+蜂鸟	0	shop	4.39	20	48	FBA	Solvio	Solvio Round Acrylic Hummingbird Garden Wall Art Outdoor, Weather-Resistant Hanging Garden Ornaments for Fence Decorations, Colorful Sun Catchers for Windows, Patio, Yard, Porch, or Living Room Decor	Home & Kitchen:Home Accessories:Decorative Accessories:Hanging Ornaments
UK	B0GS5SXK5Q	平板亚克力	猫+龙	1	shop	6.99	20	88	FBA	Generic	Fourth Merch Wing Sun Catcher, Dragon Sun Catchers for Windows, Fantasy Animals Suncatcher, Stained Glass Style Suncatcher, Garden Hanging Ornament for Indoor &amp; Outdoor, Birthday Gifts for Book Fans	Garden:Garden Décor:Garden Sculptures & Statues:Sun Catchers
UK	B0GRFCYG17	平板亚克力	猫+花	1	both	6.98	20	107	FBA	zhongko	Cross Sun Catcher, Flower Cross Ornament, Stained Glass Style Acrylic Suncatcher for Windows, Christian Gift for Birthday &amp; Housewarming, Hanging Decor for Home, Garden and Balcony	Garden:Garden Décor:Garden Sculptures & Statues:Sun Catchers
UK	B0H1G61FJH	平板亚克力	猫	0	shop	9.99	19	57	FBM	Muralscape	Personalized Stained Glass Suncatcher for Windows Hanging,Personalized Family Portrait,Memorial Gift,Birthday Gifts for Mom,Grandma,Dad,Daughter Window Decor,Round Garden Sun Catcher(6in/8in/10in)	Garden:Garden Décor:Garden Sculptures & Statues:Sun Catchers
UK	B0GYR65V4C	平板亚克力	猫+海/龟	1	shop	6.28	19	63	FBA	Orsefeliy	Sea Waves Suncatcher, Blue Wave Stained Glass Sun Catchers for Windows, Colorful Hanging Ornament for Garden, Fence and Home Decor, Suncatcher Gift for Women, Men &amp; Wife	Garden:Garden Décor:Garden Sculptures & Statues:Sun Catchers
UK	B0GYJJ7GY6	平板亚克力	猫	0	shop	6.99	19	65	FBA	CocCCoon	CocCCoon 2Pcs Solar Hot Air Balloon Garden Lights Decor Stained Sun Catcher,Solar Balloon Lights Outdoor Garden Flame Effect Lantern Stained Glass Style for Garden Patio As Decorative Indoor Outdoor	Lighting:Outdoor Lighting:Decking & Patio Lighting
UK	B0GWRLQ5V5	平板亚克力	猫+花	0	shop	7.98	19	87	FBA	Comforso	8-Inch Wildflower Sun Catchers for Windows, Color-Catching Acrylic Sun Catcher with Chain, Circle Suncatcher Hanging Floral Decor for Home, Garden, or Patio, (20x20 cm)	Garden:Garden Décor:Garden Sculptures & Statues:Sun Catchers
UK	B0GQLGZQ7K	平板亚克力	猫	1	shop	6.98	19	104	FBA	Generic	Garden Friendship Cat Sun Catchers for Windows, Stained Glass Window Hanging, Cat Suncatchers for Windows, 2D Flat Hanging Garden Ornament Suncatchers, Cat Gift for Animal Lovers	Garden:Garden Décor:Garden Sculptures & Statues:Sun Catchers
UK	B0GXV3J93D	平板亚克力	猫+海/龟	1	shop	6.28	18	55	NA	Zetrifoep	Sunrise Sun Catchers for Windows, Sea Beach Sun Catcher, Acrylic Stained Glasss Style Suncatcher, Window Hanging Ornament, Sunrise Suncatchers for Windows, Garden &amp; Balcony	Garden:Garden Décor:Garden Sculptures & Statues:Sun Catchers
UK	B0GSW12JML	平板亚克力	猫+知更鸟	1	shop	5.28	18	93	FBA	Generic	Sun Moon Sun Catchers for Windows, Robin Suncatchers for Windows, Stained Glass Window Hanging, 2D Colorful Round Garden Decor, Colorful Window Wall Hanging Ornament for Women Men	Garden:Garden Décor:Garden Sculptures & Statues:Sun Catchers
UK	B0H75TZYGB	平板亚克力	万圣节	0	shop	13.98	17	19	FBM	Generic	Handmade Stained Glass Spinner Wind Hanging Suncatcher for Porch, 3D Kinetic Rotating Ornament, Beautifully Crafted Durable Metal Frame, Smooth Spinning for Home Decor Lovers (Witch, 20 cm)	Garden:Garden Décor:Garden Sculptures & Statues:Sun Catchers
UK	B0GQXMS9PM	平板亚克力	猫+知更鸟+花	1	shop	5.69	17	98	FBA	Generic	Romantic Heart Robin Suncatcher, Acrylic Stained Glass Style Robin Ornament Gift, Charming Flower Animal Sun Catcher for Windows, Window Hanging Decor for Home Office Shelf Wall Garden Balcony Ceiling	Garden:Garden Décor:Garden Sculptures & Statues:Sun Catchers
UK	B0GZW944CB	平板亚克力	猫	0	both	6.99	16	29	FBA	Cokoozoo	Sun Catcher, Cat Suncatcher Window Hanging, Sun Catchers for Windows Acrylic Hanging Ornament, Garden Gifts for Women with Multicolour Cat Suncatcher Design for Home Window Balcony Patio Garden Decor	Garden:Garden Décor:Garden Sculptures & Statues:Sun Catchers
UK	B0GZN13B38	平板亚克力	猫+狐狸+花	1	shop	6.58	15	43	FBA	Dei tkeyts	Fox Sun Catchers for Windows, Flower Acrylic Suncatcher, Stained Glass Window Hanging Ornament, 2D Flat Hanging Garden Ornament Suncatchers for Home Window Wall Decoration	Garden:Garden Décor:Garden Sculptures & Statues:Sun Catchers
UK	B0GVZJ1JK9	平板亚克力	花	0	shop	4.39	15	68	FBA	Comforso	Purple Flower Suncatcher for Windows, Forget-Me-Not Inspired Acrylic Gift, 6 Inch Stained Glass Style Window Hanging, Easy to Hang with Chain for Home Decor, Garden &amp; Thoughtful Gifts	Garden:Garden Décor:Garden Sculptures & Statues:Sun Catchers
UK	B0GVK8YZD9	平板亚克力	其他元素	0	shop	5.18	15	75	FBA	Apojgitn	8 Pcs 20 Inch Stained Glass Window Hanging Chains with Safety Hooks – Picture Hanging Chain Black Decorative Metal Chain for Stained Glass Panels, Suncatchers, Garden Decor, Patio &amp; Kitchen	DIY & Tools:Hardware:Nails, Screws & Fasteners:Picture Hangers
UK	B0GS1K3464	平板亚克力	猫	1	shop	6.99	15	92	FBA	zhongko	Black Cat Sun Catchers for Windows, Cat Suncatchers for Windows, Stained Glass Window Hanging, 2D Flat Hanging Garden Ornament Suncatchers, Colorful Window Wall Hanging Ornament	Garden:Garden Décor:Garden Sculptures & Statues:Sun Catchers
UK	B0GTYL2FHT	平板亚克力	猫	1	shop	5.28	15	93	FBA	Generic	Cat Sun Catchers for Windows, Potted Plant Suncatchers for Windows, Stained Glass Window Hanging, 2D Suncatcher Glasses Panels, Colorful Window Wall Hanging Ornament for Women Men	Garden:Garden Décor:Garden Sculptures & Statues:Sun Catchers
UK	B0GZMDKS7X	平板亚克力	猫+猫头鹰	0	shop	5.99	14	30	FBA	Solvio	Enchanting Owl Suncatcher, Acrylic Stained Glass Sun Catchers for Windows &amp; Walls, Garden Ornaments Outdoor, Hanging Decorations Gifts for Friends and Family	Garden:Garden Décor:Garden Sculptures & Statues:Sun Catchers
UK	B0GXV94188	平板亚克力	猫+花	1	shop	4.98	14	59	FBA	Dei tkeyts	Tulip Sun Catchers for Windows, Spring Tulip Acrylic Suncatcher for Windos, Stained Glass Window Hanging Ornament, Hanging Garden Ornament Suncatchers for Home Window Wall Decoration	Garden:Garden Décor:Garden Sculptures & Statues:Sun Catchers
UK	B0GRGJ6WHQ	平板亚克力	猫+蜂鸟+花	1	shop	6.99	14	103	FBA	Generic	Hummingbirds Sun Catchers for Windows, 20x20CM Stained Glass Window Hanging, Flower Suncatchers for Windows, 2D Flat Hanging Garden Ornament Suncatchers, Acrylic Garden Wall Art Outdoor	Garden:Garden Décor:Garden Sculptures & Statues:Sun Catchers
UK	B0GZMS6Q52	平板亚克力	猫	1	shop	4.98	13	40	FBA	Dei tkeyts	Wolf Sun Catchers for Windows, Wolf Acrylic Suncatcher, Stained Glass Window Hanging Ornament, 2D Flat Hanging Garden Ornament Suncatchers for Home Window Wall Decoration	Garden:Garden Décor:Garden Sculptures & Statues:Sun Catchers
UK	B0GYWF3GRG	平板亚克力	猫	1	shop	6.32	13	59	FBA	Dei tkeyts	Potted Sun Catchers for Windows, Heart-Leaf Ivy Acrylic Suncatcher, Stained Glass Window Hanging Ornament, 2D Flat Hanging Garden Ornament Suncatchers for Home Window Wall Decoration	Garden:Garden Décor:Garden Sculptures & Statues:Sun Catchers
UK	B0GX5R7R5K	平板亚克力	其他元素	0	shop	7.99	13	59	FBA	MYRLOFT	70th Birthday Gifts for Women, Crystal Suncatcher with Acrylic Heart, Window Hanging Decoration, Keepsake Present for Mum Grandma Nan Auntie Wife	Garden:Garden Décor:Garden Sculptures & Statues:Sun Catchers
UK	B0GXL2KHWV	平板亚克力	蝴蝶	0	shop	7.98	13	59	FBA	Mtbricey	Thank You Suncatcher Gift for Women Men Butterfly Crystal Appreciation Hanging with Box Acrylic Keepsake Ornament for Teacher Colleague Friend Retirement Appreciation Gifts	Home & Kitchen:Home Accessories:Decorative Accessories:Hanging Ornaments
UK	B0GS57Q8BF	平板亚克力	猫+龙	1	clean	6.58	13	99	FBA	zhongko	Fourth Merch Wing Suncatcher, Fantasy Dragon Ornament Gifts for Book Fans, Stained Glass Effect Sun Catchers for Windows, Gothic Hanging Decor for Shelf Wall and Garden	Garden:Garden Décor:Garden Sculptures & Statues:Sun Catchers
UK	B0GYNS19VC	平板亚克力	猫+蝴蝶	1	shop	6.58	12	41	FBA	Orsefeliy	Pink Crescent Suncatcher, Acrylic Stained Glass Style Sun Catchers for Windows, Romantic Suncatcher with Crystal &amp; Butterfly Pendants, Moon Ornaments for Bedroom, Garden &amp; Wedding	Garden:Garden Décor:Garden Sculptures & Statues:Sun Catchers
UK	B0GWH7YRZ5	平板亚克力	知更鸟	0	shop	5.79	12	47	FBA	Zirax	Robin Memorial Gifts for Mum and Friends - Acrylic Heart Suncatcher Plaque for Window - Remembrance Keepsake for Loss of Loved One	Home & Kitchen:Home Accessories:Decorative Accessories:Hanging Ornaments
UK	B0H2Y8M7RB	平板亚克力	其他元素	0	shop	12.95	12	52	FBM	KKHH	Custom Family Portrait Stained Glass Suncatcher, Personalized Photo Window Hanging, Gift for Mom, Dad, Couples and Friends	Home & Kitchen:Home Accessories:Decorative Accessories:Hanging Ornaments
UK	B0GWD4KJVW	平板亚克力	猫+花	1	shop	6.28	12	67	NA	Orsefeliy	Black Cat Sun Catchers for Windows, Flower Stained Glass Style Suncatcher, Handmade Window Hanging Ornament, Durable Acrylic Sun Catcher, Animal Suncatchers for Garden, Balcony and Home Decor	Garden:Garden Décor:Garden Sculptures & Statues:Sun Catchers
UK	B0GWZDZJY7	平板亚克力	蝴蝶	0	shop	7.69	12	77	FBA	Comforso	Butterfly Crystal Suncatcher, Window Hanging Ornament, Thank You Gifts for Women, Leaving Gifts for Colleagues Women, Teacher Appreciation Gift, Acrylic Home Decor Gift for Friends Nurse	Garden:Garden Décor:Garden Sculptures & Statues:Sun Catchers
UK	B0GXWD3Z2Y	平板亚克力	花+蝴蝶	0	shop	6.99	12	88	FBA	Srumvoat	Butterfly Suncatcher for Windows, 8 Inch Acrylic Garden Decor with Butterfly and Flower Design, No Punched, Chains Pre-Installed on the Frame, Energetic Window Hanging for Home Decor for All Season	Garden:Garden Décor:Garden Sculptures & Statues:Sun Catchers
UK	B0GSZ5BDHX	平板亚克力	蝴蝶	0	shop	5.29	12	95	FBA	WEIKANG	60th Birthday Gifts for Women, Butterfly Acrylic Crystal Suncatcher, Inspirational Butterfly Crystal Suncatcher for 60th Birthday Present for Mum, Wife, Sister and Other Women	Garden:Garden Décor:Garden Sculptures & Statues:Sun Catchers
UK	B0GYRB8HBJ	平板亚克力	猫+狐狸	1	shop	6.99	11	59	FBA	Orsefeliy	Heart Fox Suncatcher, Acrylic Stained Glass Sun Catchers for Windows, Vibrant Hanging Ornament for Outdoor Indoor, Romantic Fox Gifts for Women Animal Lovers	Garden:Garden Décor:Garden Sculptures & Statues:Sun Catchers
UK	B0GYWG9VTJ	平板亚克力	猫+生命树	1	shop	3.98	10	45	FBA	Dei tkeyts	Tree of Life Sun Catchers for Windows, Acrylic Tree of Life Sun Suncatcher, Stained Glass Window Hanging Ornament, 2D Flat Hanging Garden Ornament Suncatchers for Home Window Wall Decoration	Garden:Garden Décor:Garden Sculptures & Statues:Sun Catchers
UK	B0GZ3H3MS4	平板亚克力	猫	1	shop	6.99	10	55	FBA	Zetrifoep	Angel Wings Pendant, 2D Guardian Angel Ornament Gifts for Women Men, Acrylic Stained Glass Style Sun Catcher for Windows, Hanging Ornaments for Bedroom Living Room &amp; Garden Decor	Garden:Garden Décor:Garden Sculptures & Statues:Sun Catchers
UK	B0GV2CKSM2	平板亚克力	猫+龙	1	shop	5.58	10	56	NA	Generic	Dragon Suncatchers for Windows Hanging, Book Dragon Ornament Sun Catcher, Colorful Acrylic Stained Glass Decor, Fantasy Room Decor, Bookish Gifts for Teacher, Librarian, Book Lovers, Reader, Women	Garden:Garden Décor:Garden Sculptures & Statues:Sun Catchers
UK	B0GT4Y5TDL	平板亚克力	猫+高地牛	0	clean	6.99	10	76	FBA	Clyrax	Highland Cow Gifts Sun Catcher, Acrylic Sun Catchers for Windows, Highland Cows Decor Hanging, Garden Sun Catchers with Iron Chain, Highland Cow Gifts for Women, Garden Wall Ornaments, 16×17cm	Garden:Garden Décor:Garden Sculptures & Statues:Sun Catchers
UK	B0GXBBKF2P	平板亚克力	猫+生命树+花	0	both	4.48	10	77	FBA	Copbopwn	20×20cm Acrylic Tree of Life Suncatcher Stained Glass Style, Sun Catchers for Windows Home Garden Hanging, Forget Me Not Gifts Home Garden Gifts for Women Tree of Life Ornament	Garden:Garden Décor:Garden Sculptures & Statues:Sun Catchers
UK	B0GQSY6NHC	平板亚克力	猫	1	shop	5.48	10	101	FBA	Generic	Sun Sun Catchers for Windows, 20x20CM Stained Glass Window Hanging, Sun River Suncatchers for Windows, 2D Flat Hanging Garden Ornament Suncatchers, Acrylic Garden Wall Art Outdoor	Garden:Garden Décor:Garden Sculptures & Statues:Sun Catchers
UK	B0GZ3G3NBH	平板亚克力	猫	1	shop	6.99	9	55	FBA	Zetrifoep	Heart Angel Pendant, Guardian Angel Gifts for Women Men, Acrylic Stained Glass Style Sun Catcher for Windows, Hanging Angel Ornaments for Bedroom Living Room and Garden Decor	Garden:Garden Décor:Garden Sculptures & Statues:Sun Catchers
UK	B0GX19DLHR	平板亚克力	猫+花	1	shop	6.99	9	70	FBA	Zetrifoep	Daffodil Flower Pot Sun Catchers for Windows, Acrylic Stained Glass Window Hanging Decor, Yellow Daffodil Gifts Suncatchers for Home Garden Ornament	Garden:Garden Décor:Garden Sculptures & Statues:Sun Catchers
UK	B0GTY6RXK5	平板亚克力	猫+高地牛+花	1	shop	5.98	9	76	FBA	Generic	Highland Cow Sun Catchers for Windows, Highland Cow Ornament Stained Glass Suncatcher, Acrylic Floral Cows Window Hanging Decor for Home Garden, Cows Lover Gifts	Garden:Garden Décor:Garden Sculptures & Statues:Sun Catchers
UK	B0GXTYB8ZL	平板亚克力	猫	1	shop	6.28	8	70	FBA	Zetrifoep	Evil Eye Sun Catchers for Windows, Mystic Stained Glass Style Sun Catcher, Painted Evil Eye Suncatcher, Acrylic Window Hanging Ornament, Creative Suncatchers for Garden, Balcony &amp; Wall Hanging Decor	Garden:Garden Décor:Garden Sculptures & Statues:Sun Catchers
UK	B0H5JKCNRC	平板亚克力	猫+蜂鸟	0	shop	12.99	7	29	FBM	Generic	Graceful Hummingbird Wind Chime, Wind Chimes for Outside, Stained Glass &amp; Crystal Sun Catcher Windchime, Colorful Bird Yard Decorations Outdoor, Memorial Gardening Gift for Women (#A)	Garden:Garden Décor:Chimes
UK	B0GYJCRRQB	平板亚克力	猫+知更鸟	0	shop	6.99	6	63	FBA	Feibety	Acrylic Robin Garden Ornaments Outdoor, 20x20cm Sun Catcher Hanging Decorations for Windows, Colorful Bird Memorial Gifts for Women, Durable Stained Glass Effect Suncatchers for Home Patio Tree	Garden:Garden Décor:Garden Sculptures & Statues:Sun Catchers
UK	B0GWQ3XK7R	平板亚克力	猫+蝴蝶	0	shop	3.99	6	84	FBA	Skycen	Butterfly Suncatcher Ornament with Greeting Card, Stained Glass Window Hangings, Acrylic Sun Catchers for Garden Decorative Function, Butterfly Gifts for Home Garden Office Decor	Garden:Garden Décor:Garden Sculptures & Statues:Sun Catchers
UK	B0H256D89S	平板亚克力	其他元素	0	shop	7.39	5	27	FBM	Generic	Boho Dancing Lady Suncatcher, Stained Glass Acrylic Hanging Ornament, Mystical Gothic Woman Window Spinner for Indoor Outdoor Decor, Gifts for Women, Mom L	Garden:Garden Décor:Garden Sculptures & Statues:Sun Catchers
UK	B0H5R5S9HM	平板亚克力	猫	0	shop	9.15	5	31	FBM	Generic	Dancing Lady Sun Catcher, Handmade Stained Glass Wind Spinner, Hanging Window Crystals Ornament, Boho Garden Decor 12cm Height, Colourful Retro Glass Art for Patio Porch Gifts 1pc	Garden:Garden Décor:Garden Sculptures & Statues:Sun Catchers
UK	B0GTYWHX35	平板亚克力	猫+生命树+花	1	shop	4.98	5	93	FBA	Generic	Tree of Life Sun Catchers for Windows, Flower Suncatchers for Windows, Stained Glass Window Hanging, 2D Suncatcher Glasses Panels, Colorful Window Wall Hanging Ornament for Women Men	Garden:Garden Décor:Garden Sculptures & Statues:Sun Catchers
UK	B0H1WDS6D3	拼图suncatcher	猫	0	shop	8.99	105	58	FBM	Generic	Acrylic Puzzles Suncatcher Window Hanging, Acrylic Jigsaw Puzzle Sun Catchers Moonlit Riverscape Decor Crafts for Living Room Bedroom Summer Balcony Decor	Toys & Games:Arts & Crafts:Craft Kits:Glass Art & Suncatchers
UK	B0H16W4RVK	拼图suncatcher	猫+蜂鸟	0	shop	11.99	104	64	FBA	GEVECORI	Acrylic Jigsaw Sun Catchers for Windows, Suncatcher Puzzle Window Hanging | DIY Hummingbird Suncatcher with Stained-Glass Effect, Craft Kit Home Decor Art Gift for Women, Birthday (7.4&quot;)	Garden:Garden Décor:Garden Sculptures & Statues:Sun Catchers
UK	B0GWCVXNTR	拼图suncatcher	其他元素	0	shop	9.99	83	68	FBA	Winnsell	Winnsell Acrylic Puzzles Suncatcher, Suncatcher Window Hanging, Acrylic Jigsaw Puzzle Suncatcher DIY Suncatcher Kits for Home Office (A7)	Toys & Games:Jigsaws & Puzzles:Jigsaw Accessories
UK	B0GY8HF6LB	拼图suncatcher	其他元素	0	shop	9.99	83	77	FBM	Generic	Acrylic Puzzles Suncatcher, Tree of Radiant Glass Puzzle – Jigsaw Puzzle for Doors Garden, Mother's Day Christmas Birthday Gifts for Women Men (E)	Toys & Games:Arts & Crafts:Craft Kits:Glass Art & Suncatchers
UK	B0H1MT9GVT	拼图suncatcher	猫	0	clean	8.99	70	55	FBM	Generic	Acrylic Jigsaw Puzzle Suncatcher | 83 Pieces Acrylic Puzzles Suncatchers For Windows Hanging | Stained Glass Window Puzzle Sun Catcher For Adult | Aesthetic Diy Arts &amp; Crafts For Home Decor	Automotive:Car Accessories:Rearview Mirror Ornaments
UK	B0H1MPTQG8	拼图suncatcher	猫	0	shop	8.99	70	62	FBM	Generic	Acrylic Jigsaw Puzzle Suncatcher | 83 Pieces Acrylic Puzzles Suncatchers For Windows Hanging | Stained Glass Window Puzzle Sun Catcher For Adult | Aesthetic Diy Arts &amp; Crafts For Home Decor	Automotive:Car Accessories:Rearview Mirror Ornaments
UK	B0FHWPR815	拼图suncatcher	其他元素	0	shop	10.99	61	37	FBA	XUDUOO	Acrylic Puzzles Suncatcher, Tree of Radiant Glass Puzzle, Acrylic Jigsaw Puzzle Window Hanging, Stained Garden Decor, DIY Suncatcher Kits Gifts for Birthday Home Decor	Toys & Games:Arts & Crafts:Craft Kits:Glass Art & Suncatchers
UK	B0H394Y9SG	拼图suncatcher	生命树	0	shop	8.89	38	47	FBM	Generic	Acrylic Jigsaw Puzzle Suncatcher, Tree of Radiant Glass Puzzles – Jigsaw Puzzle Ornament for Doors Garden, Mother's Day Christmas Birthday Gifts for Women Men (Tree of Life A)	Toys & Games:Arts & Crafts:Craft Kits:Glass Art & Suncatchers
UK	B0GZ473K6R	拼图suncatcher	猫	0	shop	9.99	37	73	FBM	Generic	Acrylic Jigsaw Puzzle Suncatcher | 22cm Large Acrylic Puzzles Suncatchers For Windows Hanging | 83 Pieces Stained Glass Window Puzzle Sun Catcher For Adult | Aesthetic Diy Arts &amp; Crafts For Home Decor	Toys & Games:Arts & Crafts:Craft Kits:Glass Art & Suncatchers
UK	B0H2CVB7MK	拼图suncatcher	花	0	shop	11.99	34	39	FBA	ZENITHYX	Forget Me Not Acrylic Puzzle Suncatchers, Floral Window Hanging Suncatcher for Windows Garden Home Decoration 7 Inch	Toys & Games:Arts & Crafts:Craft Kits:Glass Art & Suncatchers
UK	B0GZNKDHXK	拼图suncatcher	猫+海/龟	0	shop	9.99	29	65	FBA	Zorvix	Acrylic Jigsaw Puzzle Suncatcher Window Hanging, Ocean Sunset Pattern Sun Catchers for Windows, Suncatcher Puzzle Crafts for Adults, Garden Hanging Ornaments Gifts for Women, 7 In	Toys & Games:Jigsaws & Puzzles:Jigsaw Accessories
UK	B0GYP2LSYT	拼图suncatcher	猫+高地牛+花	0	shop	12.97	29	81	FBM	Generic	Acrylic Jigsaw Puzzle Suncatcher - 7.9in Sun Catcher Stained Glass Acrylic Puzzle, 83 Pieces Puzzle SunCatchers for Windows Home Decor Birthday Women Men Mom (Highland Cow &amp; Sunflower Sky)	Garden:Garden Décor:Garden Sculptures & Statues:Sun Catchers
UK	B0H38XN59S	拼图suncatcher	其他元素	0	shop	11.99	24	43	FBM	TASBER	Acrylic Jigsaw Puzzle Suncatcher, 22cm Acrylic Puzzles Suncatcher Window Hanging, Jigsaw Puzzle for Doors Garden, Mother's Day Christmas Birthday Gifts for Women Men (A)	Toys & Games:Arts & Crafts:Craft Kits:Glass Art & Suncatchers
UK	B0GYMKD1NV	拼图suncatcher	猫	1	shop	9.58	12	46	FBA	Generic	Cat Acrylic Puzzles Suncatchers, Acrylic Jigsaw Suncatchers, Starry Moon Cat Sun Catchers for Windows, Window Hanging Decor for Doors, Garden &amp; Balcony, Mother's Day Birthday Gifts for Women Men	Garden:Garden Décor:Garden Sculptures & Statues:Sun Catchers
UK	B0GYVWQ1RM	拼图suncatcher	猫+海/龟	0	clean	10.99	12	68	FBA	Bimkole	Bimkole 83 Pieces Acrylic Jigsaw Puzzle Suncatcher - Sea Turtle, Stained Glass Window Hanging Pendant, Home Decor Creative Mom Gifts, Sun Catcher Decor for Garden Home Birthday Gifts 18 cm	Garden:Garden Décor:Garden Sculptures & Statues:Sun Catchers
UK	B0GYSQHCBL	拼图suncatcher	猫	0	shop	9.99	12	76	FBA	Bimkole	Bimkole 83 Pieces Acrylic Jigsaw Puzzle Suncatcher - Angel, Stained Glass Window Hanging Pendant, Home Decor Creative Mom Gifts, Sun Catcher Decor for Garden Home Birthday Gifts 18 cm	Garden:Garden Décor:Garden Sculptures & Statues:Sun Catchers
UK	B0H1BJJG8Q	拼图suncatcher	猫	1	shop	9.58	9	43	FBA	Orsefeliy	Cats Puzzles Sun Catcher, Sunset Puzzle Sun Catchers for Windows, Animals Stained Glass Suncatcher, Acrylic Garden Hanging Ornament for Doors, Patio &amp; Balcony, Funny Cat Lovers Gifts	Garden:Garden Décor:Garden Sculptures & Statues:Sun Catchers
UK	B0H1GKV54M	拼图suncatcher	猫+海/龟	1	shop	9.99	9	46	FBA	Orsefeliy	Sea Waves Acrylic Puzzle Suncatcher, Exquisite Sun Catcher with Chain, Artistic Home Decor Gift for Indoors and Outdoors, Sun Catchers for Windows, Balcony and Garden	Toys & Games:Arts & Crafts:Craft Kits:Glass Art & Suncatchers
UK	B0GY3MMCNQ	拼图suncatcher	猫	0	shop	10.97	9	90	FBM	Generic	Acrylic Puzzles Suncatcher Window Hanging, 7.4 Inch DIY Suncatcher Kits for Doors Garden, Stained Glass Acrylics Sun Catcher Puzzle for Women &amp; Men Birthday Home Decor (#10)	Toys & Games:Jigsaws & Puzzles:Jigsaw Accessories
UK	B0H28RQ17G	拼图suncatcher	猫+高地牛	0	shop	9.99	8	36	FBA	HurPae	Highland Cow Stained Glass Jigsaw Puzzle Suncatcher for Windows,7.4 Inch DIY Suncatcher Kits for Doors,Acrylic Jigsaw Sun Catcher DIY Rainbow Maker,Vibrant Home Decor Art Gift for Women,Mum,Birthday,	Garden:Garden Décor:Garden Sculptures & Statues:Sun Catchers
UK	B0H2VXTMZX	拼图suncatcher	猫	0	shop	11.99	7	48	FBA	Foribyw	Acrylic Jigsaw Puzzle Suncatcher, Stained Glass Window Hanging Decor for Cafe and Study, Rainbow Maker Sun Catcher, DIY Craft Art Gift for Women, Mum and Friends, Coffe and Books, 20cm/8Inch	Toys & Games:Arts & Crafts:Craft Kits:Glass Art & Suncatchers
UK	B0H4LPJDCS	拼图suncatcher	猫+花	0	shop	11.99	6	11	FBA	Zorvix	Acrylic Jigsaw Puzzle Suncatcher Floral Window Decor, DIY Acrylic Puzzle Suncatcher for Doors Garden, 7in Colorful Sun Catcher Kit	Toys & Games:Jigsaws & Puzzles:Jigsaw Accessories
UK	B0H143CY6B	拼图suncatcher	猫+花	1	both	8.32	6	47	FBA	Orsefeliy	Wildflower Puzzle Suncatcher with Chain, Aesthetic Acrylic Jigsaw Puzzle Sun Catcher Resistant to Fading &amp; Yellowing, Artistic Home Decor Suncatchers for Windows, Garden and Balcony	Garden:Garden Décor:Garden Sculptures & Statues:Sun Catchers
UK	B0H2HMK73Y	拼图suncatcher	猫+生命树	0	shop	18.99	6	54	FBM	KKHH	Acrylic Puzzle Suncatcher 83 Pieces – Tree of Life, DIY Sun Catcher Puzzle Window Hanging, Symbolic Tree Art Decor for Home Garden Office, Meaningful Gift for Nature Lovers	Garden:Garden Décor:Garden Sculptures & Statues:Sun Catchers
UK	B0GZNRCRDH	拼图suncatcher	猫+蜂鸟	0	shop	17.99	5	48	FBA	FILOEEX	Hummingbird Stained Glass Puzzle Suncatcher, Acrylic DIY Puzzle Light Catcher Window Hanging Ornament, Colourful Puzzles Sun Catcher for Home Garden Decor, Bird Themed Gift for Indoor Outdoor (B)	Home & Kitchen:Home Accessories:Decorative Accessories:Hanging Ornaments
UK	B0GYS92SQ7	拼图suncatcher	猫	0	shop	10.98	5	74	FBM	Generic	Acrylic Puzzles Suncatcher Window Hanging, DIY Sun Catcher Kits for Doors Garden, Suncatchers Stained Glass Acrylic Puzzle Decoration for Women Men Mom Birthday Gift Home Decor (color F)	Toys & Games:Arts & Crafts:Craft Kits:Glass Art & Suncatchers
UK	B0GWD2LYG8	类目命中-待分	知更鸟	0	shop	5.99	32	89	FBA	TGDIVYA	3PCS Robin Gifts, Hanging Garden Ornaments, Garden Hanging Ornaments - Beautiful Bird Decor for Outdoor Patio, Hanging Accents, Nature Lovers Present, Perfect for Garden Parties	Garden:Garden Décor:Garden Sculptures & Statues:Sun Catchers
UK	B0GWZK2MBH	类目命中-待分	猫	0	shop	4.91	31	50	FBA	Zorvix	Cat Sun Catcher For Windows, Black Cat Garden Ornament, Life Hanging Animal Garden Ornaments Suncatcher With Chains, Housewarming Decoration Gift for Women Men Friends, 20x20cm	Garden:Garden Décor:Garden Sculptures & Statues:Sun Catchers
UK	B0GTSXRN5H	类目命中-待分	生命树	0	shop	7.49	29	98	FBA	KxrTpx	KxrTpx Garden Wall Art, Tree of Life Wall Art, Garden Fence Decorations, Wall Art for Garden, Tree of Life Ornament, Garden of Life, Fence Decorations Outdoor, Garden Fence Ornaments, 20 * 20 cm	Garden:Garden Décor:Garden Sculptures & Statues:Sun Catchers
UK	B0GVZBDLNC	类目命中-待分	猫	0	shop	4.19	10	72	FBA	MeiHui	Cry/stal Sun Catcher for Windows,Handmade Hanging Ornament,Garden &amp; Window Suncatchers,Friendship Gifts for Women,Natural Light Effects,Durable to Use,Easy Installation,Weather-Resistant Design	Garden:Garden Décor:Garden Sculptures & Statues:Sun Catchers
UK	B0H29M215F	类目命中-待分	知更鸟	0	shop	5.29	9	36	FBA	Tbczvx	3pcs robin Garden Ornaments Outdoor, Hanging, Metal Garden Ornaments, Bird Gifts for Women, Three Robin Ornaments Set with Detailed Silver Finish, Outdoor Decorative Accents	Garden:Garden Décor:Garden Sculptures & Statues:Sun Catchers
UK	B0GS8WC8Z1	类目命中-待分	猫+蝴蝶	0	shop	3.59	7	108	FBA	BAGUBDR	2Pcs Sun Catchers for Windows, Sun Catcher, Butterfly Garden Ornament, Circular Disc and Butterfly Design for Indoor Decor, Window Hanging Decorations with Butterfly‘s Effect	Garden:Garden Décor:Garden Sculptures & Statues:Sun Catchers
UK	B0H1W3T352	类目命中-待分	猫	0	shop	5.99	6	50	FBA	KFSCIP	Dream Catcher Garden Decorations Outdoor, Solar Garden Ornaments with Angel Wings Design, Wind Spinners for Garden Decor, Large Garden Ornaments for Windows and Outdoor Spaces, Colour Catchers for Rom	Garden:Garden Décor:Garden Sculptures & Statues:Sun Catchers
US	B0H6HMK5N1	其他窗挂	猫+万圣节	0	shop	17.99	109	30	NA	Generic	Halloween Black Cat Moon Diamond Art Hanging Ornament Kit, Double-Sided Diamond Painting Suncatcher with Faceted Rhinestones, DIY Hanging Pendant Halloween Window Decor，1pc	Arts, Crafts & Sewing:Crafting:Mosaic Making:Diamond Painting Kits & Accessories:Diamond Painting Kits
US	B0H1BB1LHD	其他窗挂	猫	0	shop	6.99	61	49	FBA	Fosaseua	65Pcs Circle Window Stickers Non Adhesive Window Decals to Prevent Bird Strikes Vinyl Reusable Prism Rainbow Windows Clings for Birds Sun Catcher Sticker	Home & Kitchen:Home Décor Products:Window Treatments:Window Stickers & Films:Window Stickers
US	B0GYNQH5DD	其他窗挂	猫	0	clean	16.99	29	31	FBA	ZALMUNIA	Dog Memorial Gifts for Loss of Dog Pet Memorial Suncatcher &amp; Pet Hair Memory Keychain Set for Dogs Cats Pet Loss Sympathy Bereavement Remembrance Gifts for Pet Owners (Sliver)	Pet Supplies:Dogs:Memorials & Funerary
US	B0GYLGWG8T	其他窗挂	猫+龙+蝴蝶	0	shop	9.98	21	50	FBM	Craftora	72Pcs Stainless Steel Butterfly Charms for Jewelry Making, Filigree Dragonfly Charms Spray Paint Insect Filigree Metal Embellishments for DIY Earrings Necklace Sun Catcher	Arts, Crafts & Sewing:Beading & Jewelry Making:Charms
US	B0GWMF3184	其他窗挂	海/龟	0	shop	8.69	19	68	FBA	PH PandaHall	PH PandaHall Japanese Wind Chimes 16inch Clear Jellyfish Hanging Wind Bell Glass Ocean Animal Hanging Pendants Ornament Suncatcher Chime for Coastal Beach Garden Patio Indoor Outdoor Decor, 1 Pack	Home & Kitchen:Home Décor Products:Home Décor Accents:Hanging Ornaments
US	B0GL23R33W	噪声-珠串棱镜	其他元素	0	shop	11.99	187	49	FBA	ZHIYUXI	ZHIYUXI 1100PCS Patriotic Faceted Glass Beads for Jewelry Making, Red White Blue Crystal Assorted Suncatchers Glass Beads Mix 4mm 6mm 8mm for Bracelet Necklace Earrings Keychain Crafts Accessories	Arts, Crafts & Sewing:Beading & Jewelry Making:Beads & Bead Assortments
US	B0GVDRD92S	噪声-珠串棱镜	其他元素	0	shop	24.99	182	87	FBA	Deinduser	Deinduser Beaded Plant Kit, DIY Hanging Suncatcher Craft Kit with Glass Crystal Beads, Pot, Chain, Faux Moss, Air Dry Clay, Instruction Booklet &amp; Video Tutorial, Tabletop or Window Decor Gift	Arts, Crafts & Sewing:Beading & Jewelry Making:Jewelry Making Kits
US	B0GTNNLR2S	噪声-珠串棱镜	其他元素	0	shop	40.99	144	116	FBA	Suncalla	12 Pcs Crystal Garland Strands Colorful Crystals Suncatcher Hanging Suncatcher with Chain Pendant Ornament for Window Party Wedding Home Decoration (Transparent)	Patio, Lawn & Garden:Outdoor Décor:Garden Sculptures & Statues:Suncatchers
US	B0GL5N7SPW	噪声-珠串棱镜	其他元素	0	both	9.99	130	84	FBA	QINJIEJIE	QINJIEJIE 1000Pcs 4/6/8/10mm Glass Beads for Suncatchers Jewelry Making Bulk	Arts, Crafts & Sewing:Beading & Jewelry Making:Beads & Bead Assortments
US	B0GX4YBGKL	噪声-珠串棱镜	其他元素	0	clean	23.99	128	47	FBA	Ornalrist	Sister Glass Suncatcher Gifts from Sisters Brother - to My Sister Adult Ideas on Birthday Christmas Mother's Day Crystal Hanging Heart Rainbow Maker Sisters Keepsake Home Garden Decor	Home & Kitchen:Home Décor Products:Home Décor Accents:Hanging Ornaments
US	B0GVS79FB9	噪声-珠串棱镜	其他元素	0	clean	9.99	124	58	FBA	CRZSEELL	315pcs Glass Beads, 8mm Crystal Champagne Gold AB Color Beads for Jewelry Making, Briolette Faceted Rondelle Bulk Bead for Crafts DIY, Suncatchers, Bracelets, Earring, Necklace	Arts, Crafts & Sewing:Beading & Jewelry Making:Beads & Bead Assortments
US	B0GWYQSL83	噪声-珠串棱镜	其他元素	0	shop	9.99	121	39	FBA	NITOPUPU	300Pcs 8mm Pink Faceted Glass Beads for Jewelry Making Rondelle Loose Crystal Beads for Bracelets Necklace DIY Crafts Suncatcher	Arts, Crafts & Sewing:Beading & Jewelry Making:Beading Supplies
US	B0GVS7KFFW	噪声-珠串棱镜	其他元素	0	shop	9.99	116	65	FBA	CRZSEELL	315pcs Glass Beads, 8mm Crystal Green AB Color Beads for Jewelry Making, Briolette Faceted Rondelle Bulk Bead for Crafts DIY, Suncatchers, Bracelets, Earring, Necklace	Arts, Crafts & Sewing:Beading & Jewelry Making:Beads & Bead Assortments
US	B0GRGD8WKD	噪声-珠串棱镜	猫	0	shop	8.99	87	99	FBA	SVKN	4 Pcs Small Trellis for Potted Plants Indoor with Crystal Sun Catcher Pendant, Metal Plant Stake for Mini Potted Plant Decoration for Home Window Garden	Patio, Lawn & Garden:Gardening & Lawn Care:Plant Support Structures:Trellises
US	B0GYXY5PTT	噪声-珠串棱镜	花	0	clean	7.98	76	19	FBA	WOHSEROM	1LB Light Pink Glass Beads, 0.6&quot;-0.8&quot; Flat Glass Marbles for Vase Filler, Fish Tank Rocks, Aquarium Decor, Rose Gems Decorative Stones for Suncatchers, Centerpieces &amp; DIY Crafts	Home & Kitchen:Home Décor Products:Vase Fillers
US	B0GXXPDDM6	噪声-珠串棱镜	其他元素	0	shop	18.69	42	49	FBA	Homeqttomt	Pet Memorial Gifts for Dogs-4x6 Wooden Photo Frame with Crystal Heart Suncatcher, Loss of Dog Sympathy Gift, Pet Memorial Picture Frame Keepsake for Dogs That Passed	Pet Supplies:Dogs:Memorials & Funerary
US	B0GW8BL9B9	噪声-珠串棱镜	猫	0	both	17.97	21	98	FBA	smallchuzi	Crystal Suncatchers for Windows Hanging, Light Prism Sun Catcher Indoor Window, Forever Home Decorations	Patio, Lawn & Garden:Outdoor Décor:Garden Sculptures & Statues:Suncatchers
US	B0H7RNTNTQ	噪声-珠串棱镜	猫+海/龟	0	clean	12.99	20	10	NA	Generic	Ocean Crystal Wind Chimes for Outside, Marine Animal Sun Catcher Chime for Garden Patio Backyard Decor, Unique Sympathy Memorial Gifts for Women Mom (Sea Turtle)	Patio, Lawn & Garden:Outdoor Décor:Chimes
US	B0H1WJS4F6	噪声-珠串棱镜	其他元素	0	shop	7.99	20	28	FBA	KLFHS	Glass Beads for Jewelry Making, KLFHS 50PCS 96-Faceted Round Beads(12mm) | Large Suncatcher Beads, Glass Bead Bulk for Pens Bracelet Necklace Earring Craft DIY (Mixed Color)	Arts, Crafts & Sewing:Beading & Jewelry Making:Beads & Bead Assortments
US	B0GVYKPJSB	噪声-珠串棱镜	猫	0	shop	17.99	18	56	NA	ACRNIGHEET	ACRNIGHEET DIY Gold Metal Leaf Suncatchers, 320Pcs Sun Catchers Making Supplies Kit for Adults, Metal Leaf Crystal Rainbow Suncatcher Making Kit with Instruction Guidance for Garden Weeding Decor	Patio, Lawn & Garden:Outdoor Décor:Garden Sculptures & Statues:Suncatchers
US	B0GSFY9G5T	噪声-珠串棱镜	猫	0	shop	8.99	16	91	FBA	ADLABLD	100Pcs 14mm Crystal Suncatcher Beads, Bulk AB Color Sun Catcher Supplies Chandelier, Crystal Glass Octagon Beads for DIY Jewelry Making, Chandelier Replacement	Arts, Crafts & Sewing:Beading & Jewelry Making:Beads & Bead Assortments
US	B0GVYGCJLJ	噪声-珠串棱镜	猫	0	shop	6.79	12	63	FBA	BEAMARKER	1 Box Green Aventurine Car Hanging Ornament Crystals Meditation Rearview Mirror Charms Natural Stone Feng Shui Macrame Sun Catcher Pendant Decorations for Car Accessories Window Home Decor	Home & Kitchen:Home Décor Products:Home Décor Accents:Hanging Ornaments
US	B0H1DBVCXQ	平板亚克力	其他元素	0	clean	9.99	349	53	FBA	CENTOLEO	Acrylic Michigan Suncatcher Ornament for Window Hanging, Ideal Travel Gift for Family &amp; Friends, American Gifts for Women, Michigan Souvenirs Gifts for Women	Home & Kitchen:Home Décor Products:Home Décor Accents:Hanging Ornaments
US	B0H8YFDCZB	平板亚克力	其他元素	0	clean	19.99	82	89	FBM	vinatimes	Custom 50th Anniversary Wedding Gifts for Parents, Personalized Stained Glass Suncatcher Window Hanging with Doves &amp; Heart, 50th Anniversary Decor for Husband Wife, 60 &amp; 65th Keepsake for Couples	Patio, Lawn & Garden:Outdoor Décor:Garden Sculptures & Statues:Suncatchers
US	B0GT1DGQ69	平板亚克力	其他元素	0	clean	23.99	80	70	FBA	QZGXDECO	Stained Glass Leaf Wind Chimes - Hand-Painted Glass Leaves Suncatcher for Window, Outdoor Garden Decor, Colorful Leaf Ornaments Hanging Wall Art for Patio, Unique Memorial Gifts for Women &amp; Mom	Patio, Lawn & Garden:Outdoor Décor:Chimes
US	B0H3NPYMD5	平板亚克力	其他元素	0	clean	22.99	68	46	FBA	ForraFun	ForraFun 1 Set Unfinished Lotus Moon Pre Cut Stained Glass Kit for Adult Made Easy Stained Glass Suncatcher Craft with Solder Wire, Brush for Home Birthday Party Decor	Arts, Crafts & Sewing:Crafting:Stained Glass Making:Tools
US	B0GSZQH6NY	平板亚克力	猫+花	0	shop	15.99	49	30	FBA	Sahoottie	Forget Me Not Flower Stained Glass Window Hanging 7.9in | Blue Sun Catcher , Handmade Glass Panel Indoor Wall Window Decor, Ideal Gift for Mom Women Plant Lovers	Home & Kitchen:Home Décor Products:Home Décor Accents:Hanging Ornaments
US	B0H4Z67PG5	平板亚克力	猫+蜂鸟	0	clean	9.98	48	34	FBM	LivialyCity	Graceful Hummingbird Wind Chime, Wind Chimes for Outside, Stained Glass &amp; Crystal Sun Catcher Windchime, Colorful Bird Yard Decorations Outdoor, Memorial Gardening Gift for Women Grandma (5#)	Patio, Lawn & Garden:Outdoor Décor:Chimes
US	B0GVNVPSF2	平板亚克力	猫	0	shop	12.99	44	70	FBA	Rngmsi	Rngmsi Lady of Guadalupe Stained Glass Window Hanging, 7.8″ Virgen De Guadalupe Sun Catchers Indoor Window Gift, Catholic Suncatchers Home Garden Art Decor for Thanksgiving Christmas Housewarming	Patio, Lawn & Garden:Outdoor Décor:Garden Sculptures & Statues:Suncatchers
US	B0H6JV66FK	平板亚克力	其他元素	0	shop	14.99	37	26	FBM	FRJINIE	Handmade Stained Glass Spinner Wind Hanging Suncatcher for Porch, Kinetic Rotating Ornament, Beautifully Crafted Durable Metal Frame, Smooth Spinning for Home Decor Lovers (# A-7.87 in)	Patio, Lawn & Garden:Outdoor Décor:Garden Sculptures & Statues:Wind Sculptures & Spinners:Wind Spinners
US	B0GRQYJDMN	平板亚克力	猫	0	shop	9.99	36	94	FBA	Rngmsi	Rngmsi Cat Stained Glass Window Hanging, 7.8&quot; Memorial Gifts for Loss of Cat Suncatcher Sympathy Gift Ornament, Stained Glass Suncatcher for Memorialize Passing Away Pet	Pet Supplies:Cats:Memorials & Funerary
US	B0GWZSCSWR	平板亚克力	花	0	shop	4.39	31	40	FBA	RAHHLIZS	Flower and Books Suncatchers Acrylic Suncatcher for Window 4 Inch Book Ornament Faux Stained Glass Window Hanging Colorful Book Lovers Gifts Graduation Day Gifts for Teacher Librarian Reader Bookworm	Home & Kitchen:Home Décor Products:Home Décor Accents:Hanging Ornaments
US	B0GVHLQLD8	平板亚克力	其他元素	0	both	16.99	30	110	FBA	Glassco	Glassco 3/32&quot; Round H Hobby Came Lead Came for Stained Glass, 12 Ft | H Channel, Adds Strength &amp; Structure, For Small Glass Projects &amp; Suncatchers, Stained Glass Supplies	Arts, Crafts & Sewing:Crafting:Stained Glass Making:Lead & Foil
US	B0H1B9WTSG	平板亚克力	猫+花	0	shop	29.99	23	72	FBA	Fuutreo	Fuutreo 2 Pack Cat Stained Glass Suncatchers, Floral &amp; Sunset Design Window Hanging Ornaments with 2 Hooks, Indoor Sun Catchers for Home Decor, Gifts for Cat Lovers, Mom, Women	Patio, Lawn & Garden:Outdoor Décor:Garden Sculptures & Statues:Suncatchers
US	B0GVNW5C6J	平板亚克力	猫+生命树	0	shop	9.99	19	82	FBA	Rngmsi	Rngmsi Stained Glass Window Hanging, Tree of Life Sun Catchers Indoor Window Gift, 7.8″ Decorative Sun Catchers Ornaments Home Garden Art for Housewarming	Patio, Lawn & Garden:Outdoor Décor:Garden Sculptures & Statues:Suncatchers
US	B0GSV6GSVB	平板亚克力	猫	0	shop	7.99	16	97	FBA	Jxiwfvl	10Pcs Stained Glass Chains 20&quot; Black Hanging Chains Craft Chain for Suncatcher Chain and Hooks Decorative Metal Chainn to Hang Picture Frame Sun Catcher Plants Art Crafts Window, Light Weight	Tools & Home Improvement:Hardware:Picture Hangers
US	B0H2TTSZQ9	平板亚克力	其他元素	0	clean	22.89	12	89	FBA	IriCrist	UFO Dog Memorial Gifts for Loss of Dog, Unique Pet Loss Sympathy Stained Glass Spaceship Suncatcher, Thoughtful Bereavement Window Hanging for Memory Puppy Passing Away Remembrance - Green	Pet Supplies:Dogs:Memorials & Funerary
US	B0H5X283H9	拼图suncatcher	海/龟	0	clean	19.99	456	32	NA	WOODBESTS	WOODBESTS Acrylic Jigsaw Puzzle Suncatcher-Starsea Turtle,7.4IN	Patio, Lawn & Garden:Outdoor Décor:Garden Sculptures & Statues:Suncatchers
US	B0GY8Q9GC7	拼图suncatcher	其他元素	0	clean	19.99	275	88	FBM	WOODBESTS	WOODBESTS Acrylic Jigsaw Puzzle Suncatcher 83 Pieces-Swell, DIY Acrylic Puzzle Suncatcher, Window&amp;Garden Decor, Unique Gifts for Mom, Women,Wife, Sisters, Aunt, Besties 7.4in	Toys & Games:Puzzles:Jigsaw Puzzles
US	B0H49B7JRY	拼图suncatcher	猫	0	clean	14.99	270	37	FBM	AOSERI	Acrylic Jigsaw Puzzle Suncatcher, 81-Piece Scarlet Macaw Sun Catcher Kit Crafts for Adults, 7.4 Inch Window Hanging Decor for Home Garden Gifts	Toys & Games:Puzzles:Puzzle Accessories
US	B0GZ4P2HHP	拼图suncatcher	猫+花	0	clean	16.95	270	76	FBM	AOSERI	Acrylic Puzzle Suncatcher, 81 PCS Stained Glass Style Red Cardinal Rose Jigsaw Puzzle Kit for Adults, Cardinal Window Hanging Sun Catcher Decor, Gift for Bird Lovers Mom Grandma, 7.4 in	Toys & Games:Puzzles:Puzzle Accessories
US	B0GYK6R15D	拼图suncatcher	猫	0	clean	14.99	270	76	NA	AOSERI	Acrylic Puzzle Suncatcher, 81 PCS Stained Glass Style Forest Fairy Jigsaw Puzzle Kit for Adults, Fairy Garden Window Hanging Sun Catcher Decor Gift for Women Mom, 7.4 in	Toys & Games:Puzzles:Puzzle Accessories
US	B0GYK6CFM5	拼图suncatcher	猫+花	0	shop	19.94	180	86	FBA	AOSERI	Acrylic Puzzle Suncatcher 81 PCS, Floral Book Sun Catcher Puzzle, Stained Glass Style Suncatchers Window Hanging, Reading Nook Decor Gift for Women Readers Book Lovers, 7.4 in	Toys & Games:Puzzles:Puzzle Accessories
US	B0H3KXYPLS	拼图suncatcher	猫+生命树	0	clean	12.99	87	21	FBA	nufcufy	Sun Catchers Puzzle for Indoor Window, Tree of Life Shatterproof Acrylic Jigsaw Puzzle Kit Suncatcher, Stained Glass Effect Puzzle for Outdoor Garden Yard Decor, Birthday Gifts for Mom, Wife, 7.5in	Patio, Lawn & Garden:Outdoor Décor:Garden Sculptures & Statues:Suncatchers
US	B0GYJTSFQR	拼图suncatcher	猫	0	shop	16.95	82	83	FBM	AOSERI	Acrylic Puzzle Suncatcher, 81 PCS Stained Glass Style Lighthouse Sailboat Jigsaw Puzzle Kit for Adults, Coastal Window Hanging Sun Catcher Decor Gift for Women, 7.4 in	Toys & Games:Puzzles:Puzzle Accessories
US	B0H827WVHJ	拼图suncatcher	万圣节	0	clean	9.99	56	5	FBM	LPIGOH	Halloween Decorations, Scary Skull Acrylic Jigsaw Puzzle Suncatcher Gothic Decor Spooky Funny Window Suncatcher Acrylic Puzzle, Home Decor Gift for Women Men Horror Gift 7.4 in	Toys & Games:Puzzles:Jigsaw Puzzles
US	B0H2FMVXFL	拼图suncatcher	其他元素	0	clean	19.99	43	89	FBM	Hopelucr	Acrylic Jigsaw Puzzle Suncatcher - Flamingo Wonderland, Unique Irregular 85 Pieces Acrylic Puzzle, DIY Suncatcher Kits for Adults, Window Hanging Home Decor Gift for Women Mom Men Friends 7.4in	Toys & Games:Puzzles:Puzzle Accessories
US	B0H15Q26C4	拼图suncatcher	猫	0	shop	29.97	34	50	FBM	AOSERI	Acrylic Jigsaw Puzzle Suncatcher for Window Hanging,Lighthouse Sun Catchers Puzzles 103PCS Crafts for Adults Home Garden Decor Gifts for Women, Men, Wife, Mom-8.9 in	Toys & Games:Puzzles:Puzzle Accessories
US	B0H49JZLH4	拼图suncatcher	猫	0	clean	16.98	32	34	NA	AOSERI	Acrylic Jigsaw Puzzle Suncatcher, 103-Piece Scarlet Macaw Sun Catcher Crafts for Adults, 7.4 Inch Window Hanging Decor for Home Garden Gifts	Toys & Games:Puzzles:Puzzle Accessories
US	B0H13XF77J	拼图suncatcher	猫+蜂鸟	0	shop	16.99	32	37	FBA	GFPGYQ	Acrylic Jigsaw Puzzle Suncatcher, Emerald Flame Hummingbird, 7.87 in | Sun Catcher Windows Hanging, Garden Decoration for Adults，72pcs	Patio, Lawn & Garden:Outdoor Décor:Garden Sculptures & Statues:Suncatchers
US	B0H1R59TC1	拼图suncatcher	猫+蝴蝶	0	shop	29.98	26	60	FBA	AOSERI	Acrylic Jigsaw Puzzle Suncatcher, Hydrangea Butterfly 66Pcs Window Hanging Sun Catcher Puzzle Kit,DIY Crafts for Adults,Home Garden Decor Gift for Women Men Mom Dad 8.9 inch	Toys & Games:Puzzles:Jigsaw Puzzles
US	B0H1QYLJK7	拼图suncatcher	龙	0	clean	24.99	24	89	FBM	NABYSHOP	Acrylic Puzzles Suncatcher Window Hanging, 83 Pieces Blue Dragon Library Puzzle, Suncatcher for Doors Garden, Mother's Day Christmas Birthday Gifts for Women Men (M - 8.2 * 8.2 in)	Toys & Games:Puzzles:Puzzle Accessories
US	B0GY96C7B9	拼图suncatcher	猫+高地牛	0	shop	17.98	21	87	FBM	Generic	Acrylic Puzzle Suncatcher 83 Pieces, Highland Cow Acrylic Jigsaw Puzzle, Sun Catcher Puzzle Kit, Window Hanging Ornament, DIY Art Gift for Home Garden Indoor Decor (Highland Cow-D)	Toys & Games:Puzzles:Jigsaw Puzzles
DE	B0F1XGQ4H4	其他窗挂	花+蝴蝶	0	shop	8.99	115	464	FBA	HERZONE	HERZONE 48pcs Holz Blumen zum Bemalen Frühlingsdeko Anhänger Schmetterlinge blumen Holzanhänger zum Bemalen Frühlingsanhänger aus Holz zum Aufhängen Fensterdeko Fensterhänger (mix)	Spielzeug:Kunst & Handwerk:Kinder-Bastelsets:Holz
DE	B0CRK6PXYF	其他窗挂	蝴蝶	0	shop	11.99	92	915	FBA	WandSticker4U	WandSticker4U®- [34 Stück] Fensterbilder Kinder SCHMETTERLINGE selbstklebend (Farbe: pastell) I Fenstersticker Schmetterlinge I Fensteraufkleber Fensterdeko Kinderzimmer Frühling Sommer	Küche, Haushalt & Wohnen:Wohnaccessoires & Deko:Dekoartikel:Aufkleber:Fensterbilder
DE	B0D6FXNT1W	其他窗挂	其他元素	0	shop	7.99	61	740	FBA	AHEJIOO	AHEJIOO Fadenvorhang Insektenschutz, 100 X 200 cm Fadenvorhang Schwarz, Fliegenvorhang, Fadenvorhänge, für Hochzeit, Café, Restaurant, Schaufensterdekoration	Küche, Haushalt & Wohnen:Wohnaccessoires & Deko:Fensterdekoration:Vorhänge:Schiebevorhänge
DE	B0FS1JXXN9	其他窗挂	其他元素	0	shop	8.99	57	300	FBA	Toyvian	Toyvian Rustikale Holz wanddekoration Sonne Mond Design Hängende Ornament für Wohnzimmer Boho Deko Fensterdeko Wohnzimmer Schlafzimmer	Küche, Haushalt & Wohnen:Wohnaccessoires & Deko:Dekoartikel
DE	B0FMY9RFVK	其他窗挂	其他元素	0	shop	12.59	55	279	FBA	ANATTASOUL	ANATTASOUL Fensterbilder Doppelseitig 3D-Cartoon-Vögel Und Zweige Fensterdeko Wiederverwendbar Fenstersticker Blickdichter Fenster Aufkleber Deko Frühling Sommer für Wohnzimmer Badezimmer	Küche, Haushalt & Wohnen:Wohnaccessoires & Deko:Dekoartikel:Aufkleber:Fensterbilder
DE	B0FJWPGJQM	其他窗挂	其他元素	0	shop	12.97	55	303	FBA	Fgdui	9PCS Sonnenfänger, Vogelabwehr Windspiel Wetterfest and Langlebig,3D Windspiel aus Edelstahl zur Vogelabwehr für Garten，Balkon &amp; Teich, Effektive Tauben	Garten:Gartendeko:Windspiele & -säcke:Windspiele
DE	B0DQL9HY19	其他窗挂	其他元素	0	shop	8.99	50	564	FBA	Bavooty	Bavooty Edelstahl Windspiel,3D Hängende Wind Spinner,Drehendes Kinetic Windmobile,Edelrost Windspiel Spirale Herz,Lichteffekt Design Windspiele Garten für Wohnzimmer Korridor Fensterdeko Hängend	Garten:Gartendeko:Windspiele & -säcke:Windspiele
DE	B0FY24VZYC	其他窗挂	其他元素	0	shop	23.49	48	211	NA	ANATTASOUL	ANATTASOUL Fensterbilder Doppelseitig Lustiger Strauß schaut heraus Fensterdeko Wiederverwendbar Fenstersticker Blickdichter Fenster Aufkleber Deko Herbst Winter für Wohnzimmer Badezimmer	Küche, Haushalt & Wohnen:Wohnaccessoires & Deko:Dekoartikel:Aufkleber:Fensterbilder
DE	B0FVLZM72X	其他窗挂	其他元素	0	shop	27.49	47	250	NA	ANATTASOUL	ANATTASOUL Fensterbilder Doppelseitig Baufahrzeuge Fensterdeko Wiederverwendbar Fenstersticker Blickdichter Fenster Aufkleber Deko Herbst Winter für Wohnzimmer Badezimmer	Küche, Haushalt & Wohnen:Wohnaccessoires & Deko:Dekoartikel:Aufkleber:Fensterbilder
DE	B0CM91D7XG	其他窗挂	花	0	shop	9.88	47	888	FBM	JOYHAZE	8 Stück Künstliche Pfingstrosen (ohne Vase), Seiden-Einzelstiel-Pfingstrosen Kunstblumen für Hochzeit, Zuhause, Büro, Party, Fensterdekoration, Tischmittelpunkte, DIY-Blumenarrangements	Küche, Haushalt & Wohnen:Wohnaccessoires & Deko:Kunstblumen & -pflanzen:Blumen
DE	B0G4RF5Z26	其他窗挂	蝴蝶	0	shop	13.99	46	182	FBA	ANATTASOUL	ANATTASOUL Fensterbilder Doppelseitig Lebendige Schmetterlinge Fensterdeko Wiederverwendbar Fenstersticker Blickdichter Fenster Aufkleber Deko Frühling Sommer für Wohnzimmer Badezimmer	Küche, Haushalt & Wohnen:Wohnaccessoires & Deko:Dekoartikel:Aufkleber:Fensterbilder
DE	B0G3WXBGQ7	其他窗挂	其他元素	0	shop	11.99	37	206	NA	ANATTASOUL	ANATTASOUL Fensterbilder Doppelseitig Drachen und Bücher Fensterdeko Wiederverwendbar Fenstersticker Blickdichter Fenster Aufkleber Deko Frühling Sommer für Wohnzimmer Badezimmer	Küche, Haushalt & Wohnen:Wohnaccessoires & Deko:Dekoartikel:Aufkleber:Fensterbilder
DE	B0CJV33V1T	其他窗挂	其他元素	0	shop	19.95	33	1026	FBM	Spetebo	Spetebo LED Weihnachtsstern 3D warm weiß 12 cm 3er Set mit Timer - weiß - Deko Leuchtstern Batterie betrieben für Innen - Stern Leuchte Fensterdeko Weihnachten Advent Winter Deko Beleuchtung	Küche, Haushalt & Wohnen:Wohnaccessoires & Deko:Saisonale Deko:Zierschmuck
DE	B08GLCYDL7	其他窗挂	其他元素	0	shop	13.44	32	2103	FBA	SALCAR	SALCAR 55cm LED Papierstern Beleuchtet zum Aufhängen, Advents Leuchtstern Fenster mit Warmweiß E14 Lampe, 3D Weihnachtsstern Fensterdeko Weihnachten - Weiß Papierstern	Küche, Haushalt & Wohnen:Wohnaccessoires & Deko:Saisonale Deko:Zierschmuck
DE	B0FPXKMXTG	其他窗挂	其他元素	0	shop	22.69	31	193	FBA	ULTECHNOVO	ULTECHNOVO Irisierende Fensterfolie Selbstklebend 40x250cm Regenbogeneffekt Glasfolie für Fensterdeko und Sichtschutz Bunte Holografische Folie für DIY Handwerk und Schaufenster Rot-Bunt	Küche, Haushalt & Wohnen:Basteln, Malen & Handarbeiten:Bastel- & Malmaterialien:Klebstoffe & Entferner:Folien
DE	B0CC9F8WYN	其他窗挂	其他元素	0	shop	10.59	28	1074	FBA	Nepfaivy	Fensterbilder Weihnachten Selbstklebend Schneeflocken Fensterdeko 202PCS - Nepfaivy Wiederverwendbare Statische Weihnachtsfensterbilder, Winter Fenstersticker Schneeflocken Fensteraufkleber Deko	Küche, Haushalt & Wohnen:Wohnaccessoires & Deko:Dekoartikel:Aufkleber:Fensterbilder
DE	B0G26S67M7	其他窗挂	其他元素	0	shop	5.99	27	217	FBA	FloraVigo	18-teiliges Fensterhaken-Set, zum Aufhängen von Fensterdekorationen, Lichterketten, Weihnachtssternen (maximaler Klemmbereich: 20 mm)	Küche, Haushalt & Wohnen:Aufbewahrung & Organisation:Wandhaken:Mehrzweckhaken
DE	B0FDVYV48H	其他窗挂	其他元素	0	shop	12.99	27	341	FBA	LERANXIN	4 Stück Fensterdeko Hängend Holz, Hängende Fensterdeko in Herzform, Holzherzen zum Hängen mit Juteschnur, für Dekoration von Fenstern, Balkonen, Türen	Küche, Haushalt & Wohnen:Wohnaccessoires & Deko:Dekoartikel:Mobiles
DE	B07FRQVP47	其他窗挂	其他元素	0	shop	13.79	27	2621	FBA	VOSAREA	VOSAREA Japanisches Glas Windspiel: Furin Windspiele Glas Outdoor Garten Hängend - Rosa Windspiel japanische Windglocke Fensterdeko für draußen Gartendeko Sommer	Garten:Gartendeko:Glockenspiele
DE	B0FSQVQXXC	其他窗挂	万圣节	0	shop	4.99	26	283	FBA	HUIKUANGEU	Diamond Painting Fensterbilder Beidseitig,Diamond Art Painting Anhänger,Diamond Painting Hängende Ornament,Halloween Diamonds Painting Anhänger,Fensterdeko Hängend,Tür Fenster Wand Eingang Decor	Küche, Haushalt & Wohnen:Basteln, Malen & Handarbeiten:Mosaikherstellung:Bausätze & Zubehör für Diamantmalerei:Bausätze für Diamantmalerei
DE	B0CCVWNY97	其他窗挂	其他元素	0	shop	14.95	24	1071	FBM	ReWu	ReWu Capiz-Girlande Muscheldekoration mit Treibholz Bemalt 180cm Handarbeit Wanddekoration Fensterdekoration Zimmergirlande Grau Natur	Küche, Haushalt & Wohnen:Wohnaccessoires & Deko:Saisonale Deko:Kränze & Girlanden:Girlanden
DE	B0G3WVRL9Z	其他窗挂	其他元素	0	shop	26.99	23	198	FBA	ANATTASOUL	ANATTASOUL Fensterbilder Doppelseitig Planeten und Astronauten Fensterdeko Wiederverwendbar Fenstersticker Blickdichter Fenster Aufkleber Deko Frühling Sommer für Wohnzimmer Badezimmer	Küche, Haushalt & Wohnen:Wohnaccessoires & Deko:Dekoartikel:Aufkleber:Fensterbilder
DE	B0G1HQMKTP	其他窗挂	蝴蝶	0	shop	10.07	20	254	FBA	WandSticker4U	WandSticker4U®- [3 Bögen, 44 Stück] Fensterbilder SCHMETTERLINGE rosa/pink selbstklebend I Fenstersticker Kinder Schmetterlinge Frühling I Fensterdeko Kinderzimmer Schmetterlingsdeko Fenster	Küche, Haushalt & Wohnen:Wohnaccessoires & Deko:Deko fürs Kinderzimmer:Fensterbilder
DE	B0DLBPZZS1	其他窗挂	蝴蝶	0	shop	6.59	19	544	FBA	Nhgkju	28 Stück Schmetterling Hängende Wirbel Dekoration Geburtstagsdeko Mädchen Party Spiele Mardi Gras Zubehör Fensterdeko Hochzeitsdeko 7 Farben	Küche, Haushalt & Wohnen:Basteln, Malen & Handarbeiten:Partyzubehör & Dekoration:Dekorationen:Luftschlangen
DE	B0DMNXN43K	其他窗挂	其他元素	0	shop	14.95	19	619	NA	UNUS	UNUS Aufsteller Hirsch Wald Silhouette Deko aus Bambusholz und Metall Moderne Tisch- und Fensterdeko mit 3 Hirschen und Bäumen Schwarz	Küche, Haushalt & Wohnen:Wohnaccessoires & Deko:Saisonale Deko:Zierschmuck
DE	B0GJ633RPL	其他窗挂	其他元素	0	shop	8.99	18	158	FBA	WRQIOO	WRQIOO 25cm Türdeko Haustür aus Metall, Haustr Deko, Fensterdeko Hängend, Olivenblatt Kranz aus Metall, Türkranz Ganzjährig für Tür Wand Fenster Balkon Innen und Außen(Olivenblätter)	Küche, Haushalt & Wohnen:Wohnaccessoires & Deko:Dekoartikel:Kränze
DE	B0FHQ81H77	其他窗挂	其他元素	0	shop	12.59	18	317	FBA	MiOYOOW	Vorhang Raffhalter, 2 Stück Metall Vorhanghalter mit Strasssteinen, Magnetische Gardinenhalter für Zuhause, Schlafzimmer, Büro, Fensterdekoration	Küche, Haushalt & Wohnen:Wohnaccessoires & Deko:Gardinenstangen & Zubehör:Raffhalter
DE	B0GJRWB31M	其他窗挂	其他元素	0	shop	7.99	17	155	FBA	KUAJTUN	2 Stück Fensterdeko zum Hängen, Eisen Deko für Innenräume, Fensterdeko Hängend Modern mit Klaren Linien, Vielseitige Fenster Deko Hängend für Fenster Wand, Stilvolle Deko Fenster zum Hängen	Küche, Haushalt & Wohnen:Wohnaccessoires & Deko:Dekoartikel:Aufkleber:Fensterbilder
DE	B0G3WYWKH8	其他窗挂	蝴蝶	0	shop	11.49	17	206	FBA	ANATTASOUL	ANATTASOUL Fensterbilder Doppelseitig Feen und Schmetterlinge Fensterdeko Wiederverwendbar Fenstersticker Blickdichter Fenster Aufkleber Deko Frühling Sommer für Wohnzimmer Badezimmer	Küche, Haushalt & Wohnen:Wohnaccessoires & Deko:Dekoartikel:Aufkleber:Fensterbilder
DE	B0DTV3YB9S	其他窗挂	其他元素	0	shop	14.95	17	545	FBM	UNUS	UNUS Aufsteller Berglandschaft, Fensterdeko aus Metall und Bambus, Stilvolle Dekoration für Wohnzimmer, Büro &amp; Regale	Küche, Haushalt & Wohnen:Wohnaccessoires & Deko:Dekoartikel:Skulpturen:Wandskulpturen
DE	B08BWVP93S	其他窗挂	其他元素	0	shop	12.70	17	2137	NA	Casaria	Casaria® LED Weihnachtsstern mit Ständer Beleuchtet 26 cm Holz Batterie Fenster Weihnachtsdeko Weihnachten Fensterdeko Leuchtstern Dekostern Braun	Beleuchtung:Lichterketten:Innen
DE	B0GD2BG2X7	其他窗挂	其他元素	0	shop	11.99	15	199	FBA	QKNOSM	3 Stück Hexenglocken Garten Windspiel, Metall Windspiele für Draußen Hängend Segen Glocke Hängende Ornamente mit klarem Klang für Veranda Fensterdekoration	Garten:Gartendeko:Glockenspiele
DE	B0DHYXCTDB	其他窗挂	其他元素	0	shop	9.98	15	640	NA	4smile	4smile Fensterhaken zum Einhängen - 30 Stück Fenster Aufhänger (bis 16 mm) als Haken für Fensterdeko - Fenster- und Türhaken transparent, ohne bohren Fenster Haken Aufhängung Deko Weihnachten	Baumarkt:Eisenwaren:Haken:Türhaken
DE	B0FHDDCXRM	其他窗挂	万圣节	0	shop	5.99	14	348	FBA	Snhauxinfa	60 Stück Halloween Deko,Fledermaus Deko,Papier FledermäUse Indoor set,Tür Decoration Fensterdeko Gruselige,Decorations für Grusel,Hallooween 3D-Wandaufkleber Schwarz,Hängende Wanddekoration	Baumarkt:Malerbedarf, Werkzeuge & Tapeten:Wandaufkleber & Wandbilder:Wandaufkleber
DE	B0FM3YZLS6	其他窗挂	蝴蝶	0	shop	13.49	13	302	FBA	ANATTASOUL	ANATTASOUL Fensterbilder Doppelseitig Realistische Pflanzen mit Schmetterlingen Fensterdeko Wiederverwendbar Fenstersticker Blickdichter Fenster Aufkleber Deko für Wohnzimmer Badezimmer	Küche, Haushalt & Wohnen:Wohnaccessoires & Deko:Dekoartikel:Aufkleber:Fensterbilder
DE	B0DFL3M5FQ	其他窗挂	其他元素	0	shop	5.99	13	637	FBA	DAZZTIME	DAZZTIME Weihnachtsbeleuchtung, Fensterdeko Beleuchtet, Weihnachtsdeko, Dekorative Fenster Licht, Hängende Leuchte Mit Saugnapf für Zimmer, Garten, Balkon	Küche, Haushalt & Wohnen:Wohnaccessoires & Deko:Saisonale Deko:Zierschmuck
DE	B0G4L75HV8	其他窗挂	蝴蝶	0	shop	10.99	12	228	FBA	INQUIRLLY	Lineart Schmetterling zum Aufhängen | Elegant Zeitloses Design fensterdeko hängend | Fensterdeko Hängend Modern | Ganzjährige Fensterdeko hängend | Fensterschmuck | Frühlingsdeko | Wanddeko | Fensterb	Küche, Haushalt & Wohnen:Wohnaccessoires & Deko:Dekoartikel
DE	B0CJ7XD7V2	其他窗挂	其他元素	0	shop	6.90	12	984	FBA	BINJCE	236 Stück Fensterbilder Weihnachten, Schneeflocken Fensterdeko Weihnachtsmann Selbstklebend Fensterbilder für Weihnachts, Fensterfolie Winter pvc aufkleber Fenster Weihnachts deko (Weihnachten B)	Küche, Haushalt & Wohnen:Wohnaccessoires & Deko:Dekoartikel:Aufkleber:Fensterbilder
DE	B0GJDQ7BTH	其他窗挂	其他元素	0	shop	5.99	11	146	FBA	DOPENSPI	2 Stück Lineart Vögelset zum Aufhängen, Wanddeko mit Selbstklebende Haken Fensterdeko Hängend Modern Fensterschmuck Fensterbilder Fensterhänger für Zimmer, Balkon	Küche, Haushalt & Wohnen:Wohnaccessoires & Deko:Dekoartikel:Aufkleber:Fensterbilder
DE	B0F7XXH1KD	其他窗挂	其他元素	0	shop	13.49	11	350	FBA	ANATTASOUL	ANATTASOUL Fensterbilder Doppelseitig Blüten und Krähe Fensterdeko Wiederverwendbar Fenstersticker Blickdichter Fenster Aufkleber Deko Frühling Sommer für Kinderzimmer Badezimmer	Küche, Haushalt & Wohnen:Wohnaccessoires & Deko:Dekoartikel:Aufkleber:Fensterbilder
DE	B0D3HV1M9W	其他窗挂	其他元素	0	shop	15.95	11	795	FBM	ReWu	ReWu Capiz Girlande Fine mit Treibholz Capizmuscheln Grün Natur Hängedekoration Wohndekoration Muschelkette Fensterdeko Dekokette 180 cm	Küche, Haushalt & Wohnen:Wohnaccessoires & Deko:Saisonale Deko:Kränze & Girlanden:Girlanden
DE	B0G51CMCHQ	其他窗挂	花	0	shop	19.28	10	222	FBA	JACKANNA	Türkranz Ganzjährig Fensterdeko Hängend Herzlich Willkommen Schild Holz Herzlich,Trockenblumenkranz Haustürdeko, Tmit Willkommensschild Trockenblumen und Haus für Homedeko Türdeko	Küche, Haushalt & Wohnen:Wohnaccessoires & Deko:Dekoartikel:Kränze
DE	B0F18NR2KW	其他窗挂	其他元素	0	shop	9.99	10	444	FBA	INQUIRLLY	Lineart Vögelset zum Aufhängen | Elegant Zeitloses Design fensterdeko hängend | Fensterdeko Hängend Modern | Ganzjährige Fensterdeko hängend | Fensterschmuck | Frühlingsdeko | Wanddeko | Fensterbilder	Küche, Haushalt & Wohnen:Wohnaccessoires & Deko:Dekoartikel:Aufkleber:Fensterbilder
DE	B0CFF8J95F	其他窗挂	其他元素	0	shop	13.38	9	444	FBM	sourcing map	sourcing map 12 Stück Herz Deko Rattan Deko, 5 cm Fensterdeko Hängend Styropor Herz Kranz Natürlich Wicker Türdeko Haustür für Valentinstag Dekoration Hochzeit, Rot	Küche, Haushalt & Wohnen:Wohnaccessoires & Deko:Dekoartikel:Kränze
DE	B0C8P8GB7Q	其他窗挂	其他元素	0	shop	14.95	8	1123	FBM	UNUS	UNUS Deko Häuser Metall, Lichthaus, Häuserleiste, Haussilhoutte, Windlicht, Teelichthalter, Fensterdekoration, Bücherstütze 4er Set	Küche, Haushalt & Wohnen:Wohnaccessoires & Deko:Kerzen & Kerzenhalter:Kerzenhalter:Teelichthalter
DE	B0GFMXY4GQ	其他窗挂	花	0	shop	9.99	7	134	FBA	dellyy	dellyy Fensterbilder Frühling Selbstklebend Sonnenblumen, Fenstersticker Frühling, Fensterbilder Blumen, Beidseitig Bedruckt, Fensterdeko für Wohnzimmer Kinderzimmer Balkon Glastür	Küche, Haushalt & Wohnen:Wohnaccessoires & Deko:Dekoartikel:Aufkleber:Fensterbilder
DE	B0GKNYDR4J	其他窗挂	其他元素	0	shop	7.49	6	128	FBA	ikBrtaiay	Lineart Vögelset zum Aufhängen, Elegant Zeitloses Design fensterdeko hängend, Fenster Deko, Fensterdeko Hängend Modern, Hängedeko Fenster, Fensterschmuck Hängends, Ganzjährige Fensterdekoe hängends	Küche, Haushalt & Wohnen:Wohnaccessoires & Deko:Dekoartikel:Aufkleber:Fensterbilder
DE	B0GLWVHK7P	其他窗挂	其他元素	0	shop	9.99	6	134	FBA	HBSFBH	2PCS Osterhase Fensterlichter, Osterdeko LED Hase Fensterdeko mit Timer &amp; Saugnapf, Osterdeko LED Fenster Licht, Osterhase Fenster Licht, Ostern Deko LED Lichterkette, für Innen Außen Fenster Deko	Baby:Baby- & Kleinkinderzimmer:Dekoartikel für Baby- & Kleinkinderzimmer:Fensterdeko
DE	B0FJ835WQY	其他窗挂	其他元素	0	shop	2.32	6	335	FBA	SKIPTHYBER	Erntedankfest Fensteraufkleber Fensterbilder Herbst Selbstklebend Fensterbilder Frühling Selbstklebend Aufkleber Fenstersticker Ahornblätter Kürbis Kleintiere Fensterdeko für Thanksgiving Deko	Küche, Haushalt & Wohnen:Wohnaccessoires & Deko:Dekoartikel:Aufkleber:Fensterbilder
DE	B0DMNXJFW5	其他窗挂	其他元素	0	shop	3.99	6	604	FBA	DAZZTIME	Led Weihnachtsstern Beleuchtung, Weihnachtsdeko für Fenster und Balkon, Lichterkette Innen, Weihnachten, Fensterdekoration	Beleuchtung:Lichterketten:Außen & Innen
DE	B0DCZBGNG9	其他窗挂	其他元素	0	shop	6.99	6	681	FBA	NQEUEPN	NQEUEPN Haustier Erinnerung Hund, 16,4x15cm Gedenk Geschenk Hund mit Kette Haustier-Gedenk-Sonnenfänger Haustier-Gedenkgeschenke für Haustierbesitzer	Haustier:Hunde:Gedenkstätten & Bestattungen
DE	B08FYPBPP6	其他窗挂	其他元素	0	shop	17.95	6	2104	FBM	Spetebo	Spetebo LED Glaskugel silber zum Hängen mit Timer - Ø 14 cm - Dekohänger warm weiß beleuchtet Batterie betrieben - Glas Kugel Dekoleuchte Weihnachten Advent Winter Fensterdeko	Beleuchtung:Innenbeleuchtung:Spezial- & Stimmungsbeleuchtung:Stimmungslichter
DE	B08HQRT3ZJ	其他窗挂	其他元素	0	shop	21.20	6	2136	FBM	Casaria	Casaria® LED Weihnachtsstern mit Ständer Beleuchtet 60 cm Batterie Fenster Weihnachtsdeko Weihnachten Fensterdeko Leuchtstern Dekostern Papierstern	Beleuchtung:Weihnachtsbeleuchtung
DE	B07MFRLQZL	其他窗挂	其他元素	0	shop	15.50	6	2733	NA	Logbuch-Verlag	Osteranhänger Hahn &amp; Henne, 6 Stück: Hühner zum Aufhängen, Fensterdeko Hängend, Osterdekoration Holz, Huhn-Anhänger, Deko Osterstrauch &amp; Fenster, Osterdeko Frühling &amp; Ostern, Holzanhänger, 9,5 x 9 cm	Baby:Baby- & Kleinkinderzimmer:Dekoartikel für Baby- & Kleinkinderzimmer:Fensterdeko
DE	B08CZHVDQL	其他窗挂	其他元素	0	shop	22.15	5	2016	FBM	BOLTZE	Boltze Boltze 2 x Herz-Anhänger Mariella aus Mangoholz, 64 cm lang, Fensterdekoration, Geschenk	Küche, Haushalt & Wohnen:Wohnaccessoires & Deko:Dekoartikel:Aufkleber:Fensterbilder
DE	B0H4QSVX78	其他窗挂	猫头鹰	1	shop	6.99	4	9	FBA	Orsefeliy	Eule Deko Hängend, 2D Flache Holzfigur mit Trageband, Eulen Gartendeko für Draußen, Fensterdeko Hängend für Schlafzimmer Wohnzimmer &amp; Balkon, Eulen Geschenke für Eulenliebhaber und Frauen	Küche, Haushalt & Wohnen:Basteln, Malen & Handarbeiten:Holzwerken:Figuren
DE	B0H1H92HRM	其他窗挂	花	0	clean	10.29	4	35	FBA	Fresilkora	2 Stück Fensterbilder Pusteblume Blau Fensteraufkleber Pflanzen Blumen Fenstersticker Fensterdeko Frühling Sommer für Wohnzimmer Schlafzimmer Glasflächen Fenster Deko 29x60cm	Küche, Haushalt & Wohnen:Wohnaccessoires & Deko:Dekoartikel:Aufkleber:Fensterbilder
DE	B0G6ZQ1KXJ	其他窗挂	花	0	shop	13.99	4	147	FBA	ANATTASOUL	ANATTASOUL Fensterbilder Doppelseitig Seerosen und Libellen Fensterdeko Wiederverwendbar Fenstersticker Blickdichter Fenster Aufkleber Deko Frühling Sommer für Wohnzimmer Badezimmer	Küche, Haushalt & Wohnen:Wohnaccessoires & Deko:Dekoartikel:Aufkleber:Fensterbilder
DE	B0G615MFHL	其他窗挂	花	0	shop	13.99	4	196	FBA	FloraVigo	Trockenblumenkranz 30cm Metallring mit Fensterdekorationen im Bohème-Stil, hängende Kränze/Türklopfer – geeignet für die Wand- und Türdekoration im Wohnzimmer	Küche, Haushalt & Wohnen:Wohnaccessoires & Deko:Dekoartikel:Kränze
DE	B0FL7BBQHR	其他窗挂	万圣节	0	shop	2.99	4	318	FBA	NIYATA	NIYATA Halloween Fensterdeko Zombie Poster Set mit 5 Blättern – Wiederverwendbare Deko mit Blutigen Handabdrücken, Fußspuren und Wandaufklebern für Spukhaus Party Dekoration	Küche, Haushalt & Wohnen:Wohnaccessoires & Deko:Dekoartikel:Aufkleber:Fliesenaufkleber
DE	B0FFMX24GC	其他窗挂	其他元素	0	shop	5.59	4	388	FBA	prota	prota Fensterbilder Herbst Selbstklebend, 9 Blätter Ahornblätter Kürbis Waldtiere Fenster, Thanksgiving Herbstdeko Fensterbilder Fensterdeko Herbst für Cafe	Küche, Haushalt & Wohnen:Wohnaccessoires & Deko:Dekoartikel:Aufkleber:Fensterbilder
DE	B08HQYF727	其他窗挂	其他元素	0	shop	13.95	4	2135	FBM	Casaria	CASARIA® LED Weihnachtsstern Beleuchtet 60 cm Batterie Fenster Innen Weihnachtsdeko Weihnachten Fensterdeko Leuchtstern Dekostern Papierstern Weiß	Beleuchtung:Lichterketten:Innen
DE	B0CJ2XSZXB	其他窗挂	其他元素	0	shop	19.95	3	1036	FBM	Spetebo	Holz Deko Tannenbäume 3er Set 15 cm zum Hinstellen - schwarz - Weihnachtbaum Figur aus Kiefer zur winterlichen Dekoration - Christbaum Deko Aufsteller Tischdeko Fensterdeko Winterdeko Weihnachtsdeko	Küche, Haushalt & Wohnen:Wohnaccessoires & Deko:Saisonale Deko:Künstliche Weihnachtsbäume
DE	B0BLLRFQMZ	其他窗挂	其他元素	0	shop	13.17	3	1344	NA	MIJOMA	MIJOMA LED Leuchtstern 30 cm weiß warmweiß 30 LEDs mit Timer Weihnachtsdeko außen &amp; innen Metall Stern Fensterdeko Weihnachten batteriebetrieben Dekoleuchte Outdoor Indoor	Beleuchtung:Lichterketten:Innen
DE	B0B4J3HZYJ	其他窗挂	万圣节	0	shop	10.99	3	1439	FBA	Zueyen	3 Stück Halloween Fensterdeko Gruseliges Tuch, Halloween Gruseliges Baumwolle Gaze Tuch für Halloween Party Outdoor Hof Haus Tisch Fenster Dekoration, Tischtücher, 78.7 x 29.9 Inch(Weiß)	Küche, Haushalt & Wohnen:Basteln, Malen & Handarbeiten:Partyzubehör & Dekoration:Dekorationen:Tischdekoration
DE	B0GYYTYP7M	其他窗挂	其他元素	0	shop	9.59	2	41	FBA	Xiansini	Vogel Fensterdeko Hängend, Fensterdekoration zum Aufhängen， Dekofiguren Hängend Modern, für Wohnzimmer, Flur, Frühling Wohnzimmer Frühlingsdeko Fensterschmuck Ganzjährig	Baby:Baby- & Kleinkinderzimmer:Dekoartikel für Baby- & Kleinkinderzimmer:Fensterdeko
DE	B0FF4S7YLX	其他窗挂	其他元素	0	shop	7.09	2	311	FBA	ANATTASOUL	ANATTASOUL Fensterbilder Doppelseitig Weihnachtsbaum Fensterdeko Wiederverwendbar Fenstersticker Blickdichter Fenster Aufkleber Deko Herbst Winter für Kinderzimmer Badezimmer	Küche, Haushalt & Wohnen:Wohnaccessoires & Deko:Dekoartikel:Aufkleber:Fensterbilder
DE	B0FJDKV27S	其他窗挂	万圣节	0	shop	9.99	2	333	FBA	GMMG	Fensterbilder Halloween Deko Fenster Sticker Halloween Fensterdeko Blutige Handabdrücke Zombie Silhouetten Dekoration Horror Sticker Poster	Küche, Haushalt & Wohnen:Wohnaccessoires & Deko:Dekoartikel:Aufkleber:Fensterbilder
DE	B076553ZFT	其他窗挂	其他元素	0	shop	16.95	2	3176	NA	Spetebo	Spetebo LED Holz Weihnachtsstern - Fensterdeko mit Fernbedienung - Deko Stern Hängelampe	Beleuchtung:Lichterketten:Innen
DE	B0H33XJTZW	其他窗挂	花+蝴蝶	0	shop	9.98	1	10	FBA	CEOVR	CEOVR Vögel Diamond Painting Anhänger Kits Erwachsene, Blumen, Schmetterlinge Diamant Painting Hängende Ornament Kit, DIY Diamantmalerei Suncatcher Erwachsene 19.9x19.3cm	Küche, Haushalt & Wohnen:Basteln, Malen & Handarbeiten:Mosaikherstellung:Bausätze & Zubehör für Diamantmalerei:Bausätze für Diamantmalerei
DE	B0H29QDWDS	其他窗挂	花+蝴蝶	0	shop	5.99	1	35	FBA	Ovanda	Schmetterling Deko Holz 12 Stück, Sommerdeko zum Aufhängen, Holzanhänger Blumen Schmetterlinge mit Seil, Hawaii Party Deko, Tropische Gartenparty Fensterdeko Türdeko Luau Partydeko	Küche, Haushalt & Wohnen:Wohnaccessoires & Deko:Dekoartikel:Kränze
DE	B0GQM1XXG1	其他窗挂	其他元素	0	shop	18.99	1	72	FBA	MeYuxg	MeYuxg 4 Stück Fadenvorhang Türvorhang,100x200cm Glitzer Fadenvorhang Insektenschutz, Raumteiler Fensterdekoration für Hochzeit Party Dekoration, Wetterfest Waschbar (Champagne)	Küche, Haushalt & Wohnen:Wohnaccessoires & Deko:Dekoartikel:Türvorhänge
DE	B0GXSG2K27	其他窗挂	花+蝴蝶	0	shop	4.59	1	76	FBA	KeDeFenWen	Fensterbilder Frühling,Wiederverwendbar Fensteraufkleber Vogelschutz,Fenstersticker Frühling,Fensterdeko Ostern,Frühlingsdeko Fenster,Blumen,Sommer,Selbstklebend,Kinder,Fensterfolie,Schmetterlinge	Küche, Haushalt & Wohnen:Wohnaccessoires & Deko:Fensterdekoration:Fensterfolien
DE	B0GJF9CQ5Y	其他窗挂	其他元素	0	shop	3.99	1	144	FBA	Mavouri	9 Stück Kleeblatt Fensterbilder Selbstklebend, St Patricks Day Fenster Sticker, St Patrick's Day Fensteraufkleber, Kleeblatt Fensterdeko Fenstersticker für 2026 Irland Festival, Silvester Deko	Küche, Haushalt & Wohnen:Wohnaccessoires & Deko:Dekoartikel:Aufkleber:Fensterbilder
DE	B0GJDDDGZ8	其他窗挂	其他元素	0	shop	6.59	1	161	FBA	RzuoQnt	Sonnenfänger,Fensterschmuck Hängend,mit Buntem Glas-Effekt, Sonnenfänger Fenster Deko für Wohnzimmer und Küche hängende Deko für Garten, 20 x 20 cm großer Anhänger mit glitzernden Elementen	Küche, Haushalt & Wohnen:Wohnaccessoires & Deko:Traumfänger
DE	B0FSJTWCSS	其他窗挂	万圣节	0	shop	8.09	1	261	FBA	OIXEYA	Halloween Deko Gruselig Fensterbilder - Halloween Deko Fenster Vorhang für Outdoor Innen Garten Haustür Tür, 60 x 48cm Helloween Draußen Fensterdeko Türdeko Horror Party Decorations Zubehör	Küche, Haushalt & Wohnen:Wohnaccessoires & Deko:Dekoartikel:Aufkleber:Fensterbilder
DE	B0FQ9W87RR	其他窗挂	万圣节	0	shop	7.99	1	300	FBA	SPERMUOY	Halloween Gruselig Fensterdeko,2 Stück Halloween Deko Fenster Vorhang für Outdoor Innen 120 x 80cm Gruselig halloween Fensterbilder Horror Party Decorations Zubehör	Küche, Haushalt & Wohnen:Wohnaccessoires & Deko:Dekoartikel:Aufkleber:Fensterbilder
DE	B0FG8K44ST	其他窗挂	万圣节	0	shop	12.99	1	327	FBA	ANATTASOUL	ANATTASOUL Fensterbilder Doppelseitig Schädel Und Kirche Halloween Fensterdeko Wiederverwendbar Fenstersticker Blickdichter Fenster Aufkleber Deko Herbst Winter für Wohnzimmer Badezimmer	Küche, Haushalt & Wohnen:Wohnaccessoires & Deko:Dekoartikel:Aufkleber:Fensterbilder
DE	B0FGHNGZLN	其他窗挂	万圣节	0	shop	5.99	1	329	FBA	Forbabe	Halloween Deko Horror Fenster, Blutige Fensterdeko Türdeko für Outdoor Innen Garten Party, 2 Stück 155 x 70cm Halloween Tür Fensterbilder + 8 Sets 35x25cm Blutiger Handabdruck Aufkleber (A)	Küche, Haushalt & Wohnen:Wohnaccessoires & Deko:Dekoartikel:Aufkleber:Fensterbilder
DE	B0FK5F1359	其他窗挂	万圣节	0	shop	17.88	1	353	FBM	GZWY	GZWY Herbstdeko Fensterlichter, Herbst Dekoration Kürbis Ahornblatt mit LED Licht,Halloween Deko Kürbis Fensterdeko mit Saugnapf, Herbstdeko Innen Lichterkette für Herbst Halloween (2er-Pack)	Beleuchtung:Lichterketten:Innen
DE	B0D1KCRDBB	其他窗挂	其他元素	0	shop	19.99	1	668	FBM	SALCAR	SALCAR LED Weihnachtsstern Fensterdeko, 4 Stück 120 LED Stern Weihnachtsdeko Batteriebetrieben mit Timer, 8 Modi Stern Fensterlichter für Party, Deko, Balkon, Party, Hochzeit	Küche, Haushalt & Wohnen:Wohnaccessoires & Deko:Saisonale Deko:Zierschmuck
DE	B07HB8CW67	其他窗挂	其他元素	0	shop	23.95	1	2848	NA	Spetebo	Holz Fensterdeko Tannenbaum 45 cm - Tisch Deko Leuchte mit 15 LED - Weihnachtsdeko	Küche, Haushalt & Wohnen:Wohnaccessoires & Deko:Saisonale Deko:Zierschmuck
DE	B0H33VJTPV	其他窗挂	花+蝴蝶	0	shop	16.98	1	NULL	FBA	CEOVR	CEOVR Schmetterlinge Diamond Painting Anhänger Kits Erwachsene, Blumen Diamant Painting Hängende Ornament Kit, DIY Diamantmalerei Suncatcher Erwachsene 19.7x19.6cm	Küche, Haushalt & Wohnen:Basteln, Malen & Handarbeiten:Mosaikherstellung:Bausätze & Zubehör für Diamantmalerei:Bausätze für Diamantmalerei
DE	B0H33WWRX5	其他窗挂	其他元素	0	shop	8.39	1	NULL	FBA	CEOVR	CEOVR Mäuse Diamond Painting Anhänger Kits Erwachsene, Tiere Diamant Painting Hängende Ornament Kit, DIY Diamantmalerei Suncatcher Erwachsene 19.9x17cm	Küche, Haushalt & Wohnen:Basteln, Malen & Handarbeiten:Mosaikherstellung:Bausätze & Zubehör für Diamantmalerei:Bausätze für Diamantmalerei
DE	B0H43Q358C	其他窗挂	其他元素	0	shop	16.89	0	16	FBM	Operitacx	Operitacx Genuss Wandtattoo für Küche und Wohnzimmer 58x18cm Pvc Wandaufkleber mit Starker Haftung und Einfacher Anwendung für Fensterdeko und Badezimmer	Baumarkt:Malerbedarf, Werkzeuge & Tapeten:Wandaufkleber & Wandbilder:Wandaufkleber
DE	B0H1239SZY	其他窗挂	其他元素	0	shop	10.99	0	17	FBA	AXVRAV	4 Stück Holzherz Fensterdeko Hängend Modern, Deko Herzen Holz zum Aufhängen Holz-Dekoanhänger Natürlicher Rustikale Hängende Wohnaccessoires für Wand Fenster Wohnzimmer Flur Hochzeit Deko	Küche, Haushalt & Wohnen:Wohnaccessoires & Deko:Dekoartikel:Mobiles
DE	B0H34CKNSW	其他窗挂	其他元素	0	shop	13.89	0	18	FBA	Zlokdraxy	Windspiel Metall, 2 Stück Handgefertigte Hexenglocken - Garten Windspiele für Draußen Hängend, Ornamente für Veranda, Balkon &amp; Fensterdekoration, Klangspiel für Garten	Garten:Gartendeko:Glockenspiele
DE	B0GHND7623	其他窗挂	其他元素	0	shop	6.99	0	18	FBA	CATZUM	27 Stück Suncatcher Sticker, Regenbogen Folie, Fenster Sterne und Mondmuster, mit Prismeneffekt, Glasdekoration für Terrassentüren und Fenster, Einfache Anwendung	Küche, Haushalt & Wohnen:Wohnaccessoires & Deko:Dekoartikel:Aufkleber:Fensterbilder
DE	B0GZZWY54G	其他窗挂	其他元素	0	shop	5.99	0	34	FBA	Novaly	Goldene Vorhang Raffhalter aus Metall, 4 Stück Elegante Gardinenhalter ohne Bohren Moderne Vorhanghalter Gardinen Raffhalter Set für Wohnzimmer Schlafzimmer Büro und dünne Fensterdekoration - Gold	Küche, Haushalt & Wohnen:Wohnaccessoires & Deko:Gardinenstangen & Zubehör:Raffhalter
DE	B0GWJ6TFZW	其他窗挂	其他元素	0	shop	4.98	0	38	FBA	gihun	12 Bunte Fensteraufkleber Vogelschutz für Glasscheiben,Selbstklebende Fensteraufkleber mit Eiscreme,Suncatcher Sticker Prism-Fenster-Aufkleber aus PVC,Regenbogen Vogelschutz Aufkleber für Fenster	Küche, Haushalt & Wohnen:Wohnaccessoires & Deko:Dekoartikel:Aufkleber:Fensterbilder
DE	B0GZTDK8CX	其他窗挂	蝴蝶	0	shop	7.99	0	42	FBA	Ufdeoton	2er Set Schmetterling zum Aufhängen, Fensterdeko Tiere Set zum Aufhängen, Eisen Fensterdeko Hängend Schmetterling Schwarze 3D Druck Wanddeko. Nylonfaden &amp; Klebehaken für Innen/Außen	Küche, Haushalt & Wohnen:Wohnaccessoires & Deko:Wand- & Türschilder
DE	B0H1WL435R	其他窗挂	其他元素	0	clean	7.79	0	42	FBA	KORVANEL	Gardinen Halter, 4PCS Geflochten Blatt Curtain Tiebacks, Verstellbarer Gardinen Zusammenbinden, Dekorativer Gardinenhalter Raffhalter Für Modernes Haus Und Büro Fensterdekoration Innenraum	Küche, Haushalt & Wohnen:Wohnaccessoires & Deko:Gardinenstangen & Zubehör:Raffhalter
DE	B0GJCR11YK	其他窗挂	其他元素	0	shop	20.98	0	66	FBM	Yarteim	Türkranz Ostern Kranz Deko, Frühlingskranz Haustür Türdeko Osterkranz mit Künstliche Grün Blätter, Schleife, Türkranz Frühling Osterhase Kranz Fensterdeko Hängend Osterkränze für Hochzeit Wohnzimmer	Küche, Haushalt & Wohnen:Wohnaccessoires & Deko:Dekoartikel:Kränze
DE	B0GV47ZW7Y	其他窗挂	花	0	shop	14.98	0	83	FBA	Wapasezyar	Türkranz Willkommen, Türkranz Herzlich Willkommen Trockenblumen Fensterdeko Hängedeko, Personalisiert Dekokranz mit Willkommensschild, für Wand, Tür, Fenster Deko	Küche, Haushalt & Wohnen:Wohnaccessoires & Deko:Dekoartikel:Kränze
DE	B0GVJR6BX9	其他窗挂	其他元素	0	shop	6.79	0	90	FBA	KORVANEL	Fensterdeko hängend Vögel Set 2 Stück, Moderne Fensterdekoration zum Aufhängen, Hängedeko für Frühling und Sommer, Fensterschmuck für Wohnzimmer, leichte Wanddeko und Deko Fenster	Küche, Haushalt & Wohnen:Wohnaccessoires & Deko:Dekoartikel:Aufkleber:Fensterbilder
DE	B0GX9Y69QP	其他窗挂	其他元素	0	shop	19.99	0	95	FBA	Sinlay	Sinlay Herbstdeko Fenster Licht, Herbst Lichterkette mit Timer, 3er-Pack Herbst Dekoration LED Kürbis Ahornblatt Haselnuss Deko Lichter, Batteriebetrie, Hängende Fensterdeko Leuchtende Kürbisse (A)	Beleuchtung:Lichterketten:Innen
DE	B0GMF3311Q	其他窗挂	其他元素	0	shop	5.99	0	112	FBA	ZYOMVUN	Herz Deko Holz Anhänger Hängende, 2 Stück, Fensterdeko Hängend, Holzherzen Hängedeko Fenster Hängen für Hochzeit/Wohnzimmer Dekohänger, Deko Herz Mobile, Dekoanhänger Geschenk	Küche, Haushalt & Wohnen:Wohnaccessoires & Deko:Dekoartikel:Mobiles
DE	B0GSYJKP89	其他窗挂	其他元素	0	shop	8.79	0	116	FBM	Generisch	Fensterbilder Ostern, 2 Stück Osterdeko Fensterbilder Statische Haftung, Große Osterhasen Fenstersticker Wiederverwendbar, Ostern Deko Hase Fensteraufkleber für Oster Fensterdeko	Küche, Haushalt & Wohnen:Wohnaccessoires & Deko:Dekoartikel:Aufkleber:Fensterbilder
DE	B0GQHC3YPH	其他窗挂	生命树	0	shop	5.39	0	119	FBA	KAHZOR	1 Stück Sonnenfänger Fenster, Fensterdeko Hängend, lebensbaum deko,Baum des Lebens Deko Für Schlafzimmer, Wohnzimmer,Büro	Baby:Baby- & Kleinkinderzimmer:Dekoartikel für Baby- & Kleinkinderzimmer:Fensterdeko
DE	B0GSN4FNW2	其他窗挂	其他元素	0	clean	23.30	0	125	NA	Rehoetom	Künstlicher Sommerkranz, 35 cm, mehrfarbiger Kunststoff, für Haustür, Hängedekoration für Zuhause, Garten, Hochzeit, Party, Wand für Fensterdekoration (35 cm)	Garten:Blumen & Pflanzen:Sträuße & Kränze:Frische Gestecke & Kränze
DE	B0GHMRJ2XH	其他窗挂	其他元素	0	shop	8.99	0	141	FBA	CATZUM	8 Stück Groß Fensterdeko Blatt Anhänger Dekohänger aus Metall mit Perle+Linie, Frühlingsdeko und Herbstdeko, Hängend für Zimmer (Champagner, Silber, Golden, Kupfer)	Küche, Haushalt & Wohnen:Wohnaccessoires & Deko:Dekoartikel:Aufkleber:Fensterbilder
DE	B0G73WSP4P	其他窗挂	其他元素	0	shop	8.59	0	142	FBA	Angoily	Angoily 20 Stück Holz Ostereier Anhänger zum Basteln - Unbehandeltes Holz Osterschmuck mit Juteschnur - Osterbaum Dekoration DIY Osteranhänger Rohlinge für Frühlingsdeko Fensterdekoration	Küche, Haushalt & Wohnen:Basteln, Malen & Handarbeiten:Holzwerken:Unbehandeltes Holz
DE	B0GJD5H3LT	其他窗挂	其他元素	0	shop	6.99	0	147	FBA	UxuoQxa	12 Stück Ostereier Zum Aufhängen, Osterdeko Zum Aufhängen für Fensterdekoration, Ostern Deko mit Häschen und Eiern in Pastellfarben, Ideal für Frühlingsdekoration im Innenbereich	Küche, Haushalt & Wohnen:Basteln, Malen & Handarbeiten:Partyzubehör & Dekoration:Dekorationen:Tischdekoration
DE	B0GHXFFMDR	其他窗挂	生命树	0	shop	7.29	0	154	FBA	UxuoQxa	2 Stück Fensterdeko Hängend Lebensbaum Deko, Baum des Lebens Fensterdekoration Für Wohnzimmer Und Büro, Natürliche Fensterdekoration Mit Aufhängung	Baby:Baby- & Kleinkinderzimmer:Dekoartikel für Baby- & Kleinkinderzimmer:Fensterdeko
DE	B0GHFB68NM	其他窗挂	其他元素	0	shop	20.98	0	168	FBM	FUFRE	FUFRE Frühlingsdeko LED Fenster Lichter, Frühling Deko Klee Fensterbeleuchtung mit Timer, LED Fensterdeko Frühling Wasserdicht, Lichterkette Hängende für St. Patrick's Day Deko Osterdeko Fenster (B)	Beleuchtung:Lichterketten:Innen
DE	B0GCMVSKPB	其他窗挂	其他元素	0	shop	6.99	0	168	FBA	RunFar shop	Fensterbilder Valentinstag Selbstklebend Fenstersticker Fensteraufkleber Valentinstag deko PVC Fensterdeko Cupid Glitzer Schaumstoff Amor Scherenschnitte Aufkleber Fenster Fensterbilder	Baumarkt:Malerbedarf, Werkzeuge & Tapeten:Wandaufkleber & Wandbilder:Wandaufkleber
DE	B0FXH4RCRB	其他窗挂	其他元素	0	shop	8.99	0	169	FBA	ANATTASOUL	ANATTASOUL Fensterbilder Doppelseitig Elefanten und Hunde Fensterdeko Wiederverwendbar Fenstersticker Blickdichter Fenster Aufkleber Deko la Saint-Valentin für Wohnzimmer Badezimmer	Küche, Haushalt & Wohnen:Wohnaccessoires & Deko:Dekoartikel:Aufkleber:Fensterbilder
DE	B0GJCCN6GW	其他窗挂	其他元素	0	shop	21.98	0	176	FBM	GZWY	GZWY 2 Stück Osterdeko LED Fenster Licht, Lichterkette Ostern Deko Hase Eier mit LED Licht, Osterhase Fensterbeleuchtung Osterbeleuchtung Osterdeko Zum Aufhängen Fensterdeko für Deko Wohnzimmer (D)	Beleuchtung:Lichterketten:Innen
DE	B0GBV3YFJV	其他窗挂	生命树	0	shop	5.49	0	190	FBA	PDirat	2 Stück Fensterdeko Hängend, Lebensbaum Deko Zwei Teile, Baum Des Lebens Dekoration Für Fenster, Elegante Raumgestaltung Mit Natürlichem Design, Einfache Montage Und Vielseitige Anwendung（5.9 in）	Baby:Baby- & Kleinkinderzimmer:Dekoartikel für Baby- & Kleinkinderzimmer:Fensterdeko
DE	B0GF23H8GR	其他窗挂	蝴蝶	0	shop	23.98	0	197	NA	Yarteim	Frühlingsdeko Innen LED Fenster Licht, Frühling Schmetterlinge Fensterlichter mit Saugnapf, Schmetterling Lichterkette Fensterdeko Lichter, Ostern Fensterbeleuchtung Batterieantrieb für Draußen Innen	Beleuchtung:Lichterketten:Innen
DE	B0G58PTL2Y	其他窗挂	其他元素	0	shop	14.80	0	217	FBM	Xevinas	Xevinas LED Sterne Weihnachtsbeleuchtung Fenster Strom, Fensterdeko Weihnachten Beleuchtet Sternschnuppe Sterne, Weihnachten Fensterbeleuchtung für Weihnachten Hochzeit Party (A)	Küche, Haushalt & Wohnen:Wohnaccessoires & Deko:Saisonale Deko:Zierschmuck
DE	B0G5GJG8YD	其他窗挂	其他元素	0	shop	17.88	0	225	FBM	HanQZen	Fensterbilder Weihnachten XXL, wiederverwendbar &amp; statisch – Weihnachtsbaum Aufkleber (4-teilig), 40x27.5 cm – Wahlweise 1er oder 2er Set – Fensterdeko ohne Kleber für Glas und Schaufenster (1)	Küche, Haushalt & Wohnen:Wohnaccessoires & Deko:Dekoartikel:Aufkleber:Fensterbilder
DE	B0G5DQMW13	其他窗挂	其他元素	0	shop	23.97	0	227	FBM	Yarteim	LED Kranz Lichterkranz Fenster mit Timer,30cm LED Fensterbeleuchtung Frühlingsdeko Fensterkranz,Hängend Fensterdeko Beleuchtet Ganzjährig,8 Modi,Türkranz Frühling Silberblatt Lichterkette Leuchtring	Beleuchtung:Weihnachtsbeleuchtung
DE	B0FWC2ZHQP	其他窗挂	其他元素	0	shop	10.99	0	227	FBA	wokdsbl	3 Stück LED Weihnachts Fensterdeko mit Saugnapf – Rentier, Schneeflocke &amp; Glocke Hängend, Batteriebetrieben mit 8 Modi &amp; Timer, Weihnachtsbeleuchtung Fenster Innen für Tür Wand und Wohnzimmer	Beleuchtung:Innenbeleuchtung:Spezial- & Stimmungsbeleuchtung:Stimmungslichter
DE	B0FXG74TY3	其他窗挂	其他元素	0	shop	8.99	0	251	FBA	DAZZTIME	DAZZTIME Weihnachtsdeko Schneeflocke Lichtervorhang Innen,2m 160LED Weihnachtslampe für Innenfenster,Weihnachtsbeleuchtung Fenster,Fensterdeko Weihnachten Beleuchtet,für Weihnachten,Balkon	Beleuchtung:Lichterketten:Außen & Innen
DE	B0FTGPGTQX	其他窗挂	其他元素	0	shop	4.99	0	255	FBA	Chesomn	9 Blätte Fenstersticker Weihnachten Selbstklebend, Wiederverwendbar Weihnachtsdeko Fenster, Weihnachtsfenster Bilder Kinder Weihnachts Fensterdeko PVC Fensteraufkleber für Weihnachtsdeko (Rosa)	Küche, Haushalt & Wohnen:Wohnaccessoires & Deko:Dekoartikel:Aufkleber:Fensterbilder
DE	B0FH6M212C	其他窗挂	万圣节	0	shop	7.99	0	260	FBA	Shyllin	Halloween Deko Gruselig Fensterbilder, Halloween Deko Fenster Vorhang für Outdoor Innen Tür, 2 Stück Hallo ween Fensterdeko Fensterbild Horror Party Dekoration 120x80cm	Küche, Haushalt & Wohnen:Wohnaccessoires & Deko:Dekoartikel:Aufkleber:Fensterbilder
DE	B0FRSC96PX	其他窗挂	其他元素	0	shop	12.99	0	261	FBA	YeahBoom	Papierstern Lampenschirm,50cm Papiersterne Zum Aufhängen,Weihnachten mit Timer und 8 Beleuchtungsmodi,Weihnachtsstern Papier,Papierstern Dekoration,Sterne Papier zum Fensterdeko	Küche, Haushalt & Wohnen:Wohnaccessoires & Deko:Saisonale Deko:Zierschmuck
DE	B0FRSDNT8W	其他窗挂	其他元素	0	shop	6.99	0	262	FBA	YeahBoom	Papierstern Lampenschirm,45cm Papiersterne Zum Aufhängen,Weihnachten mit Timer und 8 Beleuchtungsmodi,Weihnachtsstern Papier,Papierstern Dekoration,Sterne Papier zum Fensterdeko	Küche, Haushalt & Wohnen:Wohnaccessoires & Deko:Saisonale Deko:Zierschmuck
DE	B0FRS9MFPY	其他窗挂	其他元素	0	shop	6.99	0	263	FBA	YeahBoom	Papierstern Lampenschirm,45cm Papiersterne Zum Aufhängen,Weihnachten mit Timer und 8 Beleuchtungsmodi,Weihnachtsstern Papier,Papierstern Dekoration,Sterne Papier zum Fensterdeko	Küche, Haushalt & Wohnen:Wohnaccessoires & Deko:Saisonale Deko:Zierschmuck
DE	B0FHK6457V	其他窗挂	其他元素	0	shop	11.79	0	263	FBA	YARNOW	YARNOW Puppenhaus Zubehör 1:12 Miniatur Holzfensterrahmen Mit 12 Gittern, Realistisches Fensterdekor Für Wohnzimmer Schlafzimmer	Spielzeug:Puppen & Zubehör:Zubehör:Ausstattungen
DE	B0FRSDCXYL	其他窗挂	其他元素	0	shop	6.99	0	265	FBA	YeahBoom	YeahBoom Papierstern Lampenschirm,45cm Papiersterne zum Aufhängen,Weihnachtsstern Papier,Papierstern Dekoration,Sterne Papier zum Fensterdeko	Küche, Haushalt & Wohnen:Wohnaccessoires & Deko:Saisonale Deko:Zierschmuck
DE	B0FP4ZZK34	其他窗挂	其他元素	0	shop	7.62	0	266	FBA	LIANRISES	10 Blatt Glitzer Silber Schneeflocken Weihnachtsdeko Fenster, 125 Stück Wiederverwendbar Statisch Haftend PVC Aufkleber, Fensterdeko für Winter,Weihnachten,Silvester, Eine Schaufel Geschenkt	Küche, Haushalt & Wohnen:Wohnaccessoires & Deko:Dekoartikel:Aufkleber:Fensterbilder
DE	B0FV8NTZJT	其他窗挂	其他元素	0	shop	4.59	0	272	FBA	DvBCNMe	Wichtel Schablone, Wichtelschablone Fußabdrücke, Elf On The Shelf Zubehör,Weihnachtsdekorationsset mit Fußabdrücken, Ideal für Fensterdekoration und Weihnachtsgeschichte Tonie	Küche, Haushalt & Wohnen:Wohnaccessoires & Deko:Saisonale Deko:Zierschmuck
DE	B0FSQN9RHV	其他窗挂	其他元素	0	shop	23.96	0	273	FBM	Yarteim	3 Stück Weihnachtsstern Beleuchtet, Weihnachten Papiersterne zum Aufhängen, Led Weihnachtsdeko Innen Fenster, Papiersterne Leuchtsterne Fensterdeko Weihnachten, Hängend Weihnachtsbeleuchtung Fenster	Küche, Haushalt & Wohnen:Wohnaccessoires & Deko:Saisonale Deko:Zierschmuck
DE	B0FLVHZ4DL	其他窗挂	其他元素	0	shop	4.99	0	275	NA	vnfsmy	192 Fensterbilder Weihnachten Selbstklebend, Weiß Fensterdeko, Fensterdeko Schneeflocken, Fenstersticker, PVC Weihnachtsdeko Fenster Winter Wiederverwendbar als Deko Weihnachten für Weihnachten Dekora	Küche, Haushalt & Wohnen:Wohnaccessoires & Deko:Dekoartikel:Aufkleber:Fensterbilder
DE	B0FKFNDBMG	其他窗挂	花	0	shop	6.89	0	277	FBA	PATRICKWHITE	12 Stück Bambus Floral Hoop, Holzringe zum Basteln, Makramee Ringe Traumfänger Ringe Holz Hoops Set für Hochzeitskranz Dekor und Wandbehang Handwerk Blumenkranz Türkranz Fensterdeko DIY Set-10 cm ø	Küche, Haushalt & Wohnen:Basteln, Malen & Handarbeiten:Blumengestecke:Ringe
DE	B0FSZMGQ9L	其他窗挂	其他元素	0	shop	25.98	0	284	FBM	GZWY	Weihnachtsstern Beleuchtet, 3 Stück LED Weihnachtsdeko Stern Fenster Beleuchtet, Fensterdeko Weihnachten Deko LED Stern Papiersterne zum Aufhängen Weihnachtsbeleuchtung für Weihnachtsdeko Innen (D)	Küche, Haushalt & Wohnen:Wohnaccessoires & Deko:Saisonale Deko:Zierschmuck
DE	B0FBWWMGMX	其他窗挂	其他元素	0	shop	16.87	0	285	FBM	Skeadex	Skeadex Diamond Painting Ahänger, Diamond Painting Fensterbilder Beidseitig Sommer Deko Martime Diamant Malerei mit Fisch Muschel 5D Diamant Painting Sommer Fensterdeko Hängend für DIY (B)	Küche, Haushalt & Wohnen:Basteln, Malen & Handarbeiten:Mosaikherstellung:Bausätze & Zubehör für Diamantmalerei:Bausätze für Diamantmalerei
DE	B0FN866989	其他窗挂	其他元素	0	shop	8.99	0	287	FBA	HERZONE	HERZONE Wichtelschablone Fußabdrücke Weihnachtsboden-Vorlage, Wichtel Zubehör Fußabdruck Schablone, für Böden, Fensterdekoration (C)	Küche, Haushalt & Wohnen:Basteln, Malen & Handarbeiten:Zeichnen:Zeichen- & Typografiezubehör
DE	B0FRXF8RYK	其他窗挂	其他元素	0	shop	6.19	0	289	FBA	CHDZSW	5 Stück Papiersterne, 9 Zacken Faltsterne, 30cm Papiersterne zum Aufhängen, Papier Stern Dekoration, Weihnachten Dekoration für Weihnachtsdeko, Fensterdeko, Hochzeit, Geburtstag Tischdeko	Küche, Haushalt & Wohnen:Wohnaccessoires & Deko:Saisonale Deko:Zierschmuck
DE	B0FRF2RCYY	其他窗挂	其他元素	0	shop	11.99	0	296	FBA	CHENBOOW	Stern Beleuchtet,2 Stück Fensterbeleuchtung,Weihnachtsbeleuchtung Fenster,Weihnachtsdeko Fenster,Fensterdeko Weihnachten Beleuchtet,Wasserdicht LED Stern Fenster,für Innen Außen Weihnachten Deko	Küche, Haushalt & Wohnen:Wohnaccessoires & Deko:Saisonale Deko:Zierschmuck
DE	B0FJKTXF4W	其他窗挂	其他元素	0	shop	20.69	0	298	NA	wokdsbl	45cm Weihnachtsstern Beleuchtet LED, 3D Papierstern für Fensterdeko Weihnachten Innen, Faltbarer Weihnachtsstern, Warmweiß Weihnachtsdeko Stern Hängend	Beleuchtung:Lichterketten:Innen
DE	B0FRM588KZ	其他窗挂	其他元素	0	shop	36.98	0	305	FBM	Generisch	Crashing Santa Reindeer Christmas,Lustige Weihnachtsdekoration, Fensterdekoration mit Glasscherben-Aufkleber,Weihnachten Geschenk (2pcs-Beine stoppen)	Küche, Haushalt & Wohnen:Wohnaccessoires & Deko:Dekoartikel:Aufkleber:Fensterbilder
DE	B0FKT5MWXT	其他窗挂	其他元素	0	shop	7.99	0	318	FBA	Penitue	Freundschaft Elefanten Anhänger mit Geschichtenkarte, Bedeutungsvoll Schwesterlichkeit Geschenk Sonnenfänger Elefant für Frauen Geburtstag Beste Freundin Geschenke für Schwestern	Fashion:Damen:Schmuck:Anhänger & Münzen:Anhänger
DE	B0FL7956RQ	其他窗挂	万圣节	0	shop	1.03	0	318	FBA	NIYATA	NIYATA 9 Stück Halloween Fensterdeko Statische, Fensteraufkleber mit Blutigen Handabdrücken Fußspuren und Totenkopf Für Badezimmer Glastür Schaufenster Spukhaus Party Deko	Küche, Haushalt & Wohnen:Wohnaccessoires & Deko:Dekoartikel:Aufkleber:Fliesenaufkleber
DE	B0FQ5MBG4Q	其他窗挂	其他元素	0	shop	74.98	0	318	FBM	ECD Germany	ECD Germany LED-Weihnachtsstern 50 cm, 720 LEDs Extra-Warmweiß, Timer, Innen/Außen, IP44 Wasserdicht, Leuchtstern aus Metall, LED Drahtstern zum Aufhängen für Weihnachten, Weihnachtsdeko Fensterdeko	
DE	B0FF3BCC25	其他窗挂	其他元素	0	shop	4.99	0	325	FBA	ZenithyrEn	Fensterbilder Weihnachten, 9 Stück Weißer Weihnachtsfensterbilder, Selbstklebend Fensterdeko Weihnachtsmann Elch Schneeflocken Schneemann Weihnachtsbaumfür Weihnacht Fenster Tür Dekoration	Küche, Haushalt & Wohnen:Wohnaccessoires & Deko:Dekoartikel:Aufkleber:Fensterbilder
DE	B0FLPNS7QW	其他窗挂	万圣节	0	shop	3.69	0	329	FBA	Youery	Halloween Fensterbilder, 4 Sheets 63 PCS Halloween FensterAufkleber, Fensterdeko Selbstklebend, Fledermäuse Kürbis Spukhaus Motive, enster Sticker für Dekorationen Party Karneval	Küche, Haushalt & Wohnen:Wohnaccessoires & Deko:Dekoartikel:Aufkleber:Fensterbilder
DE	B0FJWX8GLK	其他窗挂	万圣节	0	shop	18.89	0	343	FBM	Yarteim	3 Stück Herbst Deko Lichterkette, Herbst Fensterlichter mit Saugnapf, Kürbis Ahornblatt Fensterdeko Lichter, Batteriebetriebene Hängende Fensterlichter für Halloween Herbstdeko Fenster Beleuchtung	Beleuchtung:Lichterketten:Außen & Innen
DE	B0FJFD7Z5J	其他窗挂	万圣节	0	shop	3.99	0	351	NA	Koboko	KOBOKO 48 Stück Halloween Fledermaus Deko, 3D Fledermäuse Wanddekoration, Halloween Fledermaus PVC Wandaufkleber, 3D Fledermäuse Aufkleber, Halloweens Fensteraufkleber, Fledermäuses Fensterdeko	Baumarkt:Malerbedarf, Werkzeuge & Tapeten:Wandaufkleber & Wandbilder:Wandaufkleber
DE	B0FCM1CFKL	其他窗挂	万圣节	0	shop	14.99	0	353	FBA	wokdsbl	Halloween Fensterdeko 4er Set – LED Fensterlichter Kürbis Geist Fledermaus Spinne mit Saugnapf, Batteriebetriebene Halloween Deko mit 8 Modi &amp; Timer, Leuchtende Deko für Fenster Innen Außen	Beleuchtung:Innenbeleuchtung:Spezial- & Stimmungsbeleuchtung:Stimmungslichter
DE	B0FKYS5KPM	其他窗挂	万圣节	0	shop	17.88	0	354	FBM	Lergas	Herbstdeko Licht mit Saugnapf, Halloween Deko Fenster LED Licht, IP55 Wasserdicht Halloweendeko LED, Leuchtende Fensterdeko Batteriebetriebene, Hängende Deko Herbst Innen Draußen (2 Stück Kürbis)	Beleuchtung:Leuchtmittel:Speziallampen:Dekorative Leuchtmittel
DE	B0FB98QXM7	其他窗挂	万圣节	0	shop	17.99	0	366	FBA	GZWY	GZWY Halloween Deko Lichterkette, 4 Stück Halloween Kürbis Fledermaus Spinne Geist Lichterketten Batterie mit 6h Timer, 8 Lichtmodi, Fensterlichter mit Saugnapf für Fensterdeko (A)	Beleuchtung:Lichterketten:Innen
DE	B0FGQ3BLLR	其他窗挂	万圣节	0	shop	4.38	0	372	FBA	EPODA	Halloween-Fensterdekorationen, 4 Bögen, Aufkleber, Fledermaus, Geist, Spukhaus, Spinne, Totenköpfe, Kürbis-Haftungen, für den Innenbereich	Küche, Haushalt & Wohnen:Wohnaccessoires & Deko:Dekoartikel:Aufkleber:Fensterbilder
DE	B0FGQ23VTQ	其他窗挂	万圣节	0	shop	12.99	0	372	FBM	iksya	2 Pack Gruselige Halloween Geister Fensterdekorationen – Horror Oxford Fabric Fensterabdecker mit Schnüremen, 120x80cm – Indoor/Outdoor Gespenstergeschäft &amp; Party-Dekoration(F)	Küche, Haushalt & Wohnen:Wohnaccessoires & Deko:Dekoartikel:Aufkleber:Fensterbilder
DE	B0FH4XHM8G	其他窗挂	万圣节	0	shop	9.99	0	373	FBA	SPERMUOY	SPERMUOY Halloween Fensterdeko augen,halloween deko augen mit Lichterkette,Halloween Deko Fenster augen für Outdoor Innen leuchtende augen für Den Innenbereich, Hof, Rasen, Friedhofsszenen	Küche, Haushalt & Wohnen:Wohnaccessoires & Deko:Dekoartikel:Aufkleber:Fensterbilder
DE	B0FDL2W1W1	其他窗挂	万圣节	0	shop	2.99	0	376	NA	Gucass	Gucass 48 Stück Halloween Fledermaus Deko, 3D Fledermäuse Halloweendeko PVC Wandaufkleber, Gruseliges Schwarzes Abnehmbares Fledermaus Diy Halloween-Deko Set für Fensterdeko, Tür deko (4 Größen)	Baumarkt:Malerbedarf, Werkzeuge & Tapeten:Wandaufkleber & Wandbilder:Wandaufkleber
DE	B0F8MRTYGS	其他窗挂	蜜蜂+花	0	shop	6.99	0	389	FBA	Nhgkju	Fensterbilder Frühling – 2X Suncatcher Sticker (30x40cm) mit Bienen &amp; Blumen, Statische Fensterfolie Regenbogenfarben für Vogelschutz, Beidseitig Sichtbar	Küche, Haushalt & Wohnen:Wohnaccessoires & Deko:Dekoartikel:Aufkleber:Fensterbilder
DE	B0DLGMK56S	其他窗挂	其他元素	0	shop	30.98	0	438	FBM	Recitem	Beleuchteter Weihnachtsstern – LED-Papierstern Tischlampe für weihnachtliche Deko, ideal als Fensterdeko, Weihnachtsbeleuchtung für innen und stimmungsvolle Lichterkette (Stil 1)	Beleuchtung:Innenbeleuchtung:Tisch- & Stehleuchten:Tischlampen
DE	B0F1MW2J65	其他窗挂	其他元素	0	shop	10.87	0	486	FBM	Xevinas	Maritime Deko Aus Holz, Fensterdeko Hängend Mit Schiff, Fisch Und Anker, Frühling Fensterdeko Sommerdeko Mit Marine Element, Holzfische Deko Für Haus Fenster Wand Garten Dekoration	Küche, Haushalt & Wohnen:Wohnaccessoires & Deko:Dekoartikel:Aufkleber:Fensterbilder
DE	B0F1MX71TT	其他窗挂	其他元素	0	shop	16.98	0	490	FBM	Xevinas	4 Stück Maritime Deko zum Aufhängen aus Holz, Frühling Fensterdeko mit Schiff, Fisch und Anker, Maritime Dekoration Fisch deko sommerdeko mit Marine Element Für Haus Fenster Wand Garten	Küche, Haushalt & Wohnen:Wohnaccessoires & Deko:Dekoartikel:Aufkleber:Fensterbilder
DE	B0DM1L8DN8	其他窗挂	其他元素	0	shop	19.98	0	577	FBM	Yarteim	Holz Weihnachtsbaum mit Stern Spitze, DIY Weihnachtsdekoration Holz, Holzbaum Tannenbaum, 3D Weihnachten Tischdekoration Fensterdeko Weihnachtsschmuck Weihnachten Advent Winter Dekoration	Küche, Haushalt & Wohnen:Wohnaccessoires & Deko:Saisonale Deko:Künstliche Weihnachtsbäume
DE	B0DCC1YMH5	其他窗挂	其他元素	0	shop	5.99	0	614	FBA	ZZQVIP	5er Set Papiersterne Weihnachten 30cm, Faltbare 9-Zack Sterne in 5 Farben (Weiß, Dunkelgrün, Hellgrün, Kraftpapier, Creme), für Weihnachtsdekoration Fensterdeko Hochzeit Geburtstag Tischdeko	Küche, Haushalt & Wohnen:Wohnaccessoires & Deko:Saisonale Deko:Zierschmuck
DE	B0D9D26L2Y	其他窗挂	其他元素	0	shop	11.28	0	619	FBA	Meleager	Weihnachtsstern Beleuchtet, 2 Stück 3D Papiersterne Weihnachten, Leuchtsterne Weihnachten, Led Stern Aufhängen als Fensterdeko, Weihnachtsdeko, Kinderzimmer Deko	Küche, Haushalt & Wohnen:Wohnaccessoires & Deko:Saisonale Deko:Zierschmuck
DE	B0DKXX3BDY	其他窗挂	其他元素	0	shop	22.95	0	624	FBM	Spetebo	LED Ring schwarz zum Hängen mit Timer - 40 cm - Metallkranz mit Gold LED Lichterkette - Weihnachtsdeko Fensterdeko Weihnachten Türkranz	Küche, Haushalt & Wohnen:Wohnaccessoires & Deko:Saisonale Deko:Zierschmuck
DE	B0DJK4J1K6	其他窗挂	其他元素	0	shop	7.95	0	635	NA	LS-LebenStil	LS-LebenStil Deko XL Glas Lichtkugel 15 LED 10cm Gold Braun Timer Batterie-Fach Kugellampe zum Anhängen als Weihnachtsdeko innen Weihnachtsbeleuchtung Fensterdeko Batteriebetrieben	Beleuchtung:Innenbeleuchtung:Deckenbeleuchtung:Hänge- & Pendelleuchten
DE	B0D963RY1B	其他窗挂	其他元素	0	shop	10.99	0	647	FBA	SPERMUOY	SPERMUOY Metall Stern Schwarz 6 Stück Weihnachtsdeko Sterne Metallsterne zum Hängen mit Juteschnur Metall Dekohänger Sterne Weihnachtsstern Fensterdeko für Decken Wand Fenster Weihnachtsbaum	Küche, Haushalt & Wohnen:Wohnaccessoires & Deko:Saisonale Deko:Zierschmuck
DE	B0DG2WWNTB	其他窗挂	万圣节	0	shop	14.98	0	659	FBM	Lergas	Halloween Deko Fenster Lichter, Halloween Lichterkette mit Saugnäpfe &amp; Haken, Halloween LED Fensterlichter Batteriebetriebene für Halloween Deko Innen, Halloween Fensterdeko, Party Deko (Kürbis)	Beleuchtung:Lichterketten:Innen
DE	B0D9RYY7JX	其他窗挂	猫+万圣节	0	shop	5.99	0	666	FBA	XoeLLe	Schwarze Katzen Dekoration Auf Weißem Mond Halloween Deko Outdoor, Halloween Ornament Dekoration Gedenkgeschenk Katze, Hängende Sonnenfänger für Fenster Paneele	Küche, Haushalt & Wohnen:Wohnaccessoires & Deko:Saisonale Deko
DE	B0D9JS7NPN	其他窗挂	万圣节	0	shop	8.05	0	717	FBA	Comioke	Halloween 3D Fledermaus Deko, Halloween-Partyzubehör, 56 Stück Hängende Fledermaus Deko, 3D Fledermäuse Spielzeug Gummi Horror Realistische, Abnehmbares DIY Set für Karneval Fensterdeko	Küche, Haushalt & Wohnen:Wohnaccessoires & Deko:Dekoartikel:Aufkleber:Fensterbilder
DE	B0D1G4SL4W	其他窗挂	其他元素	0	shop	15.98	0	730	NA	Traziewell	Glasaufkleber Fenster Thanksgiving Fenster Aufkleber - Herbst Blätter Dekorationen Fenstersticker Urlaub Wiederverwendbar Fensterdeko 0118	Küche, Haushalt & Wohnen:Wohnaccessoires & Deko:Dekoartikel:Aufkleber:Fensterbilder
DE	B0D7S1D331	其他窗挂	其他元素	0	shop	18.98	0	749	FBM	Lunyloer	Vorhang Clips, 60 Stück Gardinenhaken Gleiter, Vorhangklammern, Gardinenhaken Zum Klemmen GardinenröLlchen für Schiene FüR Die Fensterdekoration Fotos Kunsthandwerk Displays	Küche, Haushalt & Wohnen:Wohnaccessoires & Deko:Gardinenstangen & Zubehör:Zubehörsets
DE	B0D62QXBXY	其他窗挂	其他元素	0	shop	11.95	0	779	FBM	Spetebo	Spetebo Deko Aufsteller Haus aus Mangoholz - 35 cm - Holz Silhouette auf Fuß zum Aufstellen - Tischdeko Fensterdeko zum Hinstellen	Küche, Haushalt & Wohnen:Basteln, Malen & Handarbeiten:Partyzubehör & Dekoration:Dekorationen:Tischdekoration
DE	B0CY241SHV	其他窗挂	其他元素	0	shop	3.59	0	832	NA	Goiern	Herz Deko Holz Anhänger Hängende Dekoherz Fensterdeko Dekoanhänger Geschenk, Holzherzen	Baby:Baby- & Kleinkinderzimmer:Dekoartikel für Baby- & Kleinkinderzimmer:Fensterdeko
DE	B0CKW9SVGZ	其他窗挂	其他元素	0	shop	11.99	0	1015	FBM	Annastore	Annastore Schneespray - Glow in the Dark - Schneespray leuchtet im Dunkeln - 1 x 150 ml | Schneespray für eine einzigartige Weihnachtsdeko - Fensterdeko Schneespray leuchtend - Schneespray Glow in the Dark	Küche, Haushalt & Wohnen:Wohnaccessoires & Deko:Saisonale Deko:Kunstschnee
DE	B0CJ5B3YR5	其他窗挂	其他元素	0	shop	19.95	0	1019	FBM	Spetebo	Spetebo Metallstern Aufsteller 2er Set schwarz - 40 und 30 cm - Weihnachts Tischdeko zum Hinstellen - Advent Winter Deko Stern Fensterdeko Weihnachtsdeko	Küche, Haushalt & Wohnen:Wohnaccessoires & Deko:Saisonale Deko:Zierschmuck
DE	B0CGYV718B	其他窗挂	其他元素	0	shop	13.69	0	1041	FBA	Anyingkai	Anyingkai 6er Set LED Weihnachtsbeleuchtung Fenster, Saugnapf Lichter, Fensterbeleuchtung , Hängend Fensterlicht, Fensterdeko Weihnachten	Beleuchtung:Lichterketten:Innen
DE	B0BD86GX6C	其他窗挂	其他元素	0	shop	8.99	0	1403	FBA	LGZIN	Schneeflocken Fensterbild, 147 Sticker Fensterbilder Weihnachten, Abnehmbare Fensterdeko, Weihnachten Selbstklebend Fensterdeko, Wiederverwendbar PVC Aufkleber für Winter Dekoration (Gold)	Küche, Haushalt & Wohnen:Wohnaccessoires & Deko:Dekoartikel:Aufkleber:Fensterbilder
DE	B0B8DS3DW4	其他窗挂	其他元素	0	shop	22.99	0	1408	FBA	OWOAOOwl	LED Papierstern Beleuchtet zum Aufhängen,4 Stück Weihnachtsstern Beleuchtet,Papier Stern Dekoration,3D Leuchtsterne Weihnachten Fenster,Weihnachtsdeko Fensterdeko Weihnachten Innen Aussen,45 cm	Beleuchtung:Lichterketten:Innen
DE	B0B4J3V4QM	其他窗挂	万圣节	0	shop	9.59	0	1455	FBA	Zueyen	3 Stück Halloween Fensterdeko Gruseliges Tuch, Halloween Gruseliges Baumwolle Gaze Tuch für Halloween Party Outdoor Hof Haus Tisch Fenster Dekoration, Tischtücher, 78.7 x 29.9 Inch(Schwarz)	Küche, Haushalt & Wohnen:Wohnaccessoires & Deko:Fensterdekoration:Vorhänge:Schiebevorhänge
DE	B096V5CLJP	其他窗挂	其他元素	0	shop	11.99	0	1681	NA	SALCAR	SALCAR 3D Leuchtstern Weihnachten Metall Batterie, LED Stern Fenster Weihnachtsstern mit Timer, Weihnachtsdeko Fensterdeko Beleuchtet Innen, Warmweiß	Beleuchtung:Lichterketten:Innen
DE	B09KV364XQ	其他窗挂	其他元素	0	shop	34.49	0	1706	NA	Spetebo	Spetebo LED Weihnachtsdorf mit 9 LED - Set 17-teilig - Weihnachtsstadt Fensterdeko Tischdeko beleuchtet	Küche, Haushalt & Wohnen:Wohnaccessoires & Deko:Saisonale Deko:Zierschmuck
DE	B09KTTWYC2	其他窗挂	其他元素	0	shop	24.95	0	1709	NA	Spetebo	Spetebo LED Weihnachtsstadt - Set 11-teilig - mit 5 warmweißen LED - Weihnachtsdorf Tischdeko Fensterdeko beleuchtet	Küche, Haushalt & Wohnen:Wohnaccessoires & Deko:Saisonale Deko:Zierschmuck
DE	B09FQ7DHLC	其他窗挂	其他元素	0	shop	15.69	0	1719	FBA	Anyingkai	Anyingkai 6 Stück LED-Weihnachtsbeleuchtung mit Saugnapf für Fenster, Fensterdekoration, dekorative Weihnachtsbeleuchtung, batteriebetrieben	Beleuchtung:Lichterketten:Innen
DE	B08L57SF55	其他窗挂	其他元素	0	shop	14.95	0	2106	FBM	Casaria	CASARIA® LED Weihnachtsstern Beleuchtet Innen &amp; Außen Batterie Hängend Timer Sternschnuppe Weihnachten Fensterdeko Deko Weihnachtsbeleuchtung Dekostern	Beleuchtung:Lichterketten:Innen
DE	B07ZFYXHW8	其他窗挂	其他元素	0	shop	34.49	0	2436	FBM	Spetebo	Spetebo LED Holz Schwibbogen 45x28 cm - Motiv Weihnachtsmarkt - Lichterbogen Fensterdeko beleuchtet	Küche, Haushalt & Wohnen:Wohnaccessoires & Deko:Saisonale Deko
DE	B07ZJTTHGS	其他窗挂	其他元素	0	shop	17.95	0	2446	FBM	Spetebo	Spetebo Holz Weihnachtsbaum 15 LED - 37x20x6 cm - Tischdekoration Fensterdeko Holzbaum Tannenbaum beleuchtet	Küche, Haushalt & Wohnen:Wohnaccessoires & Deko:Saisonale Deko:Künstliche Weihnachtsbäume
DE	B07XY6RV7M	其他窗挂	其他元素	0	shop	15.95	0	2466	FBM	Spetebo	Metallkranz Ø 30 cm zum hängen - 40 LED - LED Kranz mit Timer - Türkranz Weihnachtsdeko Fensterdeko Weihnachten Tischkranz	Küche, Haushalt & Wohnen:Wohnaccessoires & Deko:Saisonale Deko:Kränze & Girlanden:Kränze
DE	B07Y81123L	其他窗挂	其他元素	0	shop	17.95	0	2473	FBM	Nipach GmbH	Weihnachtsstern 1 LED warm weiß - Farbe WEISS - 3D Lichter-Stern Dekostern 55 cm Fensterdeko PVC Dekostern Weihnachtsdeko Batterie Timer Xmas	Beleuchtung:Lichterketten:Innen
DE	B01NAVKFVS	其他窗挂	其他元素	0	shop	9.99	0	2671	FBM	BOLTZE	BOLTZE Holz Aufsteller Weihnachten Tischdeko Fensterdeko rot weiß Stückpreis L 27 cm	Küche, Haushalt & Wohnen:Wohnaccessoires & Deko:Saisonale Deko:Zierschmuck
DE	B07HY3G5GH	其他窗挂	其他元素	0	shop	9.95	0	2711	FBM	Spetebo	Weihnachtsstern weiß 60 cm zum Hängen - Leuchtstern Papierstern Fensterdeko Stern Indoor	Beleuchtung:Lichterketten:Innen
DE	B0GHP8QQRP	噪声-珠串棱镜	其他元素	0	shop	11.89	269	176	FBA	TMGOT	Einhorn Geschenke für Mädchen 5-8 Jahre, Kreatives Diamond Painting Kinder | Bastelset Kinder ab 6 5 7 8 Jahre, DIY Basteln Geburtstagsgeschenk für Mädchen, Window Color Set Sonnenfänger Fensterdeko	Spielzeug:Kunst & Handwerk:Kinder-Bastelsets:Scrapbooking
DE	B0FR8L1Q4X	噪声-珠串棱镜	其他元素	0	shop	5.99	191	231	FBA	Blumuze	Abschiedsgeschenk Erzieherin Lehrerin, Kristalle Sonnenfänger Danke Lehrerin Geschenke zum Abschied,Dankeschön Erzieherin Kindergärtnerin, Erzieher Lehrer	Garten:Gartendeko:Figuren & Statuen:Sonnenfänger
DE	B0FWX5LFB7	噪声-珠串棱镜	其他元素	0	shop	11.99	180	276	FBA	Connextion	5 Stück Kristall Sonnenfänger Bastelset DIY Kristalle Anhänger Suncatcher Kinder für Kindergeburtstag Baby Party Fenster Haus Garten Deko (Bastelset-A)	Garten:Gartendeko:Figuren & Statuen:Sonnenfänger
DE	B0FBMDV3FZ	噪声-珠串棱镜	蝴蝶	0	shop	6.48	170	380	FBA	DOPENSPI	38 Stück Schmetterling Suncatcher Sticker, Fensteraufkleber Vogelschutz Prisma Fensteraufkleber Vogelschutz Fenster Regenbogen Fenster Sticker für Glasscheiben(Schmetterling)	Küche, Haushalt & Wohnen:Wohnaccessoires & Deko:Dekoartikel:Aufkleber:Fensterbilder
DE	B0F4XN8YB1	噪声-珠串棱镜	其他元素	0	shop	6.99	115	421	FBA	Rayconup	Sonnenfänger Kristall, 38mm Kristalle zum Aufhängen, 10 Stück Suncatcher Kristall mit 10 Metallring, Prisma Kristalle Tropfen Klare Kristallkugel für Fenster, Kronleuchter, Garten, Hochzeit Dekor	Garten:Gartendeko:Figuren & Statuen:Sonnenfänger
DE	B0GLPR5VG3	噪声-珠串棱镜	其他元素	0	shop	7.99	114	160	FBA	BDYLYS	Sonnenfänger Kristall Hängend Gold, Geometrischer Suncatcher aus Glas mit Regenbogeneffekt, Boho Lichtfänger für Fenster &amp; Balkon, Modernes Deko Geschenk für Frauen	Garten:Gartendeko:Figuren & Statuen:Sonnenfänger
DE	B0CXDKCBZK	噪声-珠串棱镜	其他元素	0	shop	5.99	83	801	FBA	Koboko	KOBOKO Fensteraufkleber Vogelschutz für Glasscheiben, Suncatcher Sticker Prisma Fensteraufkleber Groß, Vogelschutz Aufkleber für Fenster, Regenbogen Fensterfolie für Stopps Birds Flying in Windows	Küche, Haushalt & Wohnen:Wohnaccessoires & Deko:Dekoartikel:Aufkleber:Fensterbilder
DE	B0F4K4PW4H	噪声-珠串棱镜	其他元素	0	shop	11.99	82	426	FBA	DEMIUKO	DEMIUKO Sonnenfänger Kristall Fenster Hängend Windspiel Sonne Mond Anhänger Boho Deko Sonnenfänger Kristallkugeln Kristall Prisma Lichtfänger Suncatcher für Balkon Fensterdeko Weihnachts Geschenk	Garten:Gartendeko:Figuren & Statuen:Sonnenfänger
DE	B0GLQ13HYR	噪声-珠串棱镜	其他元素	0	shop	10.99	76	160	FBA	BDYLYS	3 Stück Sonnenfänger Kristall Suncatcher Set, Elegante Fensterdeko Hängend Modern &amp; Balkon Deko, Goldener Lichtfänger mit Ringen, Lichtspiel Regenbogen Deko, Boho Zimmer Deko	Garten:Gartendeko:Figuren & Statuen:Sonnenfänger
DE	B0DPTG3XFR	噪声-珠串棱镜	蜜蜂+花	0	shop	13.99	75	593	FBA	WandSticker4U	WandSticker4U®- [8 Stück] Fensterbilder Kinder BIENEN &amp; GÄNSEBLÜMCHEN Suncatcher Sticker (63x39 cm) I Fenstersticker Blumen Kinder I Prisma Fensteraufkleber Fensterdeko Kinderzimmer Frühling Sommer	Küche, Haushalt & Wohnen:Wohnaccessoires & Deko:Dekoartikel:Aufkleber:Fensterbilder
DE	B0GQ9VD2JB	噪声-珠串棱镜	其他元素	0	both	9.99	72	137	FBA	BDYLYS	Sonnenfänger Kristall 45cm, Suncatcher zum Aufhängen Fensterdeko | Goldener Lichtfänger mit Kristall Design für Fenster, Balkon, Zimmer, Garten, Wanddeko und spirituelle Deko Geschenke	Garten:Gartendeko:Figuren & Statuen:Sonnenfänger
DE	B0GKFZDN8P	噪声-珠串棱镜	花	0	shop	7.99	71	142	FBA	Meanju	2 Stück Sonnenfänger Lotusblume mit Kristallprisma, Suncatcher Kristall zum aufhängen für Frühlingsdeko, Fensterdeko Hängend Lichtfänger für Zuhause Büro Auto und Garten	Garten:Gartendeko:Figuren & Statuen:Sonnenfänger
DE	B0F5GKPX66	噪声-珠串棱镜	其他元素	0	shop	12.40	71	420	FBA	Calenxy	400 Stück Sonnenfänger Kristall Bastelset, DIY Sonnenfänger Kristall Windspiel, Sonnenfänger Fenster Deko, Suncatcher Windspiel Basteln,Fensterdeko Hängend für Zuhause Büro Garten Outdoor Deko	Garten:Gartendeko:Figuren & Statuen:Sonnenfänger
DE	B0CP7NNSFL	噪声-珠串棱镜	其他元素	0	shop	10.59	58	894	FBA	FakeFace	120mm Prisma Kristall zum Aufhängen Sonnenfänger große Fensterprisma Suncatcher Ornament Glas Anhänger Regenbogenmacher Kronleuchter Kristallanhänger für Fesnter Haus Garten Deko	Garten:Gartendeko:Figuren & Statuen:Sonnenfänger
DE	B0GPW57ZWT	噪声-珠串棱镜	其他元素	0	shop	10.99	55	138	FBA	BDYLYS	Sonnenfänger Kristall 4 Stück, Suncatcher Gold Fensterdeko | 4 goldene Lichtfänger mit Kristallkugeln zaubern Regenbogenlicht an Fenster, Balkon, Zimmer, Garten und Terrasse.	Garten:Gartendeko:Figuren & Statuen:Sonnenfänger
DE	B0D3L8CC3J	噪声-珠串棱镜	其他元素	0	shop	9.70	52	760	FBA	FakeFace	2 stück Kristalle Herz Sonnenfänger Kristallglas-Anhänger Kristall Prisma Suncatcher Regenbogen Kristalle Fensterkristall 45mm Prismenkugel Hängende Fenster Ornament Haus Garten Deko	Garten:Gartendeko:Figuren & Statuen:Sonnenfänger
DE	B0GS63R5B8	噪声-珠串棱镜	其他元素	0	both	7.99	43	127	FBA	PAppositus	3 Stück Sonnenfänger Kristall, Lotusblüte Fensterdeko Hängend – Suncatcher mit Kristallprisma für Regenbogeneffekte, Moderner Lichtfänger aus Messing für Fenster, Garten – Windspiel als Geschenkidee	Garten:Gartendeko:Figuren & Statuen:Sonnenfänger
DE	B0F9VW334N	噪声-珠串棱镜	其他元素	0	shop	15.25	43	400	FBA	Milaboo	MilaBoo® Sonnenfänger Kristall Bastelset – DIY Suncatcher 6er Set oder Fertig Montiert – Bastelset Kindergeburtstag, Fensterdeko Lichtfänger, Mitgebsel Kinder, Garten Deko (DIY Bastelset)	Garten:Gartendeko:Figuren & Statuen:Sonnenfänger
DE	B0GG8VBHNQ	噪声-珠串棱镜	其他元素	0	shop	10.99	37	134	FBA	Dawumin	10 Stück Groß Sonnenfänger Bastelset, Kristall Sonnenfänger, Kristalle zum Aufhängen, Lichtfänger Kristall, Bauhinia Hängende facettierte Kristalle, große Fensterprismen, Sonnenfänger, Ornament(10pcs)	Garten:Gartendeko:Figuren & Statuen:Sonnenfänger
DE	B0GDWFCD6N	噪声-珠串棱镜	其他元素	0	shop	9.59	37	177	FBA	ZY-otu	Kristall Sonnenfänger Lotus 44 cm,Lichtfänger mit Regenbogen Effekt, Spirituelle Geschenke für Frauen, Fensterdeko Hängend, Kristall Deko für Zuhause, Garten, Büro, Meditation &amp; Yoga Raum	Garten:Gartendeko:Figuren & Statuen:Sonnenfänger
DE	B0GYR17GVY	噪声-珠串棱镜	其他元素	0	shop	7.99	31	NULL	FBA	WTpin	2 Stück Sonnenfänger Kristall Fenster Deko Suncatcher Lichtfänger Hängedeko Outdoor Lichtspiel Windspiel,Sonnenkristall zum Aufhängen	Garten:Gartendeko:Figuren & Statuen:Sonnenfänger
DE	B0FDKZ55SJ	噪声-珠串棱镜	其他元素	0	shop	11.08	29	357	FBA	COZERI	2 Stück Kristall Sonnenfänger Windspiel Mit Spiralrotor, Dekorative Windspiele Für Garten Fenster Balkon, Bunte Regenbogen Lichteffekte	Garten:Gartendeko:Windspiele & -säcke:Windspiel
DE	B0G4RJMLSV	噪声-珠串棱镜	其他元素	0	shop	6.99	28	150	FBA	GFUEIGJ	Prisma Fensteraufkleber, 144 Runden Suncatcher Sticker Prisma Fensteraufkleber für Vogelschläge, Vogelschutz Fenster Kreisförmig Sonnenfänger Vogelschutz Regenbogen Fensterfolie Aufkleber	Küche, Haushalt & Wohnen:Wohnaccessoires & Deko:Dekoartikel:Aufkleber:Fensterbilder
DE	B0GJRLW6RP	噪声-珠串棱镜	其他元素	0	shop	6.49	26	132	FBA	COGVOHY	3 Stück Windspiel Bastelset, Kristall-Diamant-Malerei-Windspiel, Sonnenfänger Kristalle Zum Aufhängen, DIY-Bastelset Sonnenlichtfänger, Fensterdekoration, Festliches Geschenk, Geburtstagsgeschenk	Küche, Haushalt & Wohnen:Basteln, Malen & Handarbeiten:Mosaikherstellung:Bausätze & Zubehör für Diamantmalerei:Bausätze für Diamantmalerei
DE	B0GJ5SMZZP	噪声-珠串棱镜	花	0	shop	9.98	24	146	FBA	VVPENA	3 Stück Sonnenfänger Kristall, Lotusblume Fensterdeko Hängend Suncatcher Lichtfänger Deko, Lichtspiel Fenster Decke Wohnzimmer	Garten:Gartendeko:Figuren & Statuen:Sonnenfänger
DE	B0FJ5Q5WYY	噪声-珠串棱镜	其他元素	0	shop	10.98	23	312	FBA	Meleager	Sonnenfänger Kristall，24 Stück Kristalle zum Aufhängen，38 mm Prisma Kristall Tropfen，Lichtfänger für Kronleuchter Anhänger, Fenster, Garten, Handwerksprojekte，Hochzeit Dekor	Garten:Gartendeko:Figuren & Statuen:Sonnenfänger
DE	B0F91WC8GP	噪声-珠串棱镜	花	0	shop	13.99	23	422	FBA	WandSticker4U	WandSticker4U®- Fensterbilder REGENBOGEN &amp; BLUMEN selbstklebend (78x53 cm) I Fenstersticker Mädchen Blumen Regenbogen Suncatcher Sticker Rainbow I Prisma Fensteraufkleber Fensterdeko Frühling Sommer	Küche, Haushalt & Wohnen:Wohnaccessoires & Deko:Deko fürs Kinderzimmer:Fensterbilder
DE	B0FVSTP88J	噪声-珠串棱镜	其他元素	0	shop	5.99	20	270	FBA	Simsky	Lotusblüten Sonnenfänger mit Kristallprisma – Glaswindspiel in Messingrahmen für Fensterdeko, Lichtfänger für Haus, Büro &amp; Auto, Elegante Geschenkidee mit farbigem Lichtspiel	Garten:Gartendeko:Figuren & Statuen:Sonnenfänger
DE	B0D9GWNZSG	噪声-珠串棱镜	其他元素	0	shop	21.99	18	704	FBA	DEMIUKO	DEMIUKO 400 Stück Sonnenfänger Kristall Bastelset Erwachsene DIY Set Sonnenfänger Windspiel Basteln Kristalle Fensterdeko Hängend Lichtfänger Suncatchers für Zuhause Garten Weihnachten Hochzeit Deko	Garten:Gartendeko:Figuren & Statuen:Sonnenfänger
DE	B0GCNCTCYF	噪声-珠串棱镜	其他元素	0	shop	2.99	17	168	FBA	Satiskid	Lotus Sonnenfänger, 40cm Elegantes Windspiel mit Kristallprisma für Fenster, Büro &amp; Auto, Sonnenfänger Kristall Regenbogenlichtfänger, Metall &amp; Glas Deko	Garten:Gartendeko:Figuren & Statuen:Sonnenfänger
DE	B0FJ89Q3GJ	噪声-珠串棱镜	其他元素	0	shop	2.43	17	332	FBA	Blumuze	Hochzeitsgeschenke für Brautpaar, Geschenk Hochzeit,Jahrestag Geschenk für Ihn Sie Hängende Kristalle Sonnenfänger Hochzeitstag Geschenk,Frauen Paare,Partner,Verlobungsgeschenk	Garten:Gartendeko:Figuren & Statuen:Sonnenfänger
DE	B0G3XGV1KB	噪声-珠串棱镜	其他元素	0	shop	2.99	16	224	FBA	fshxj	10 Prisma Sonnenfänger Fenster,Suncatcher Sticker,Fensteraufkleber,Fenster Aufkleber Regenbogen,Vogelschutz für Window,Rainbow Fenstersticker Stickers,Vogel Anti Folie,Fensterbilder Sun	Garten:Gartendeko:Figuren & Statuen:Sonnenfänger
DE	B0DYTXCVQ3	噪声-珠串棱镜	其他元素	0	shop	6.49	15	324	FBA	HSYTEK	Sonnenfänger Kristall, 29cm Metall Engel Kristall Glas Prisma Anhänger, Bunte Kristalle Anhänger, Hängende Dekoration für Fenster, Gärten, Büros(1, Engel)	Garten:Gartendeko:Figuren & Statuen:Sonnenfänger
DE	B0FB3PWF9N	噪声-珠串棱镜	其他元素	0	shop	12.88	15	404	FBA	SHYSBV	2 Stück Kristall Sonnenfänger, Kristall Windspiel mit Doppelspirale, Suncatcher Fensterdeko, Windspiele für Draußen Hängend, Sonnenfänger für Fenster und Garte	Garten:Gartendeko:Figuren & Statuen:Sonnenfänger
DE	B0FJXCTB7L	噪声-珠串棱镜	其他元素	0	shop	3.99	13	348	FBA	Snhauxinfa	10 Prisma Suncatcher Sticker,Sonnenfänger Fenster,Fensteraufkleber,Fenster Aufkleber Regenbogen,Vogelschutz für Window,Rainbow Fenstersticker Stickers,Vogel Folie,Fensterbilder Sun Anti-Kollision	Küche, Haushalt & Wohnen:Wohnaccessoires & Deko:Dekoartikel:Aufkleber:Fensterbilder
DE	B0GGGPQBDB	噪声-珠串棱镜	其他元素	0	shop	13.99	12	132	FBA	VZXZXE	Kristall Sonnenfänger Windspiel zum Aufhängen - Lichtfänger mit Buntglas für Fenster, Garten und Zimmerdeko - Regenbogenmacher als Geschenk für Mama, Mädchen oder Boho Deko	Garten:Gartendeko:Figuren & Statuen:Sonnenfänger
DE	B0G526TLM8	噪声-珠串棱镜	其他元素	0	shop	8.99	12	217	FBA	MplehDa	Sonnenfänger Kristall Windspiel, Hanging Windspiel Regenbogen Mond Anhänger Kristalle, Fensterdeko Hängend, Kristall-Sonnenfänger Prisma Lichtfänger Suncatcher für Garten Zuhause Büro	Garten:Gartendeko:Figuren & Statuen:Sonnenfänger
DE	B0GQ3141WZ	噪声-珠串棱镜	其他元素	0	shop	13.99	11	120	FBA	Calenxy	Sonnenfänger Kristall Bastelset, 400 Stück DIY Sonnenfänger Kristall Windspiel, Sonnenfänger Fenster Deko, Suncatcher Windspiel Basteln,Fensterdeko Hängend für Zuhause Büro Garten Outdoor Deko	Garten:Gartendeko:Figuren & Statuen:Sonnenfänger
DE	B0F28R5B1N	噪声-珠串棱镜	其他元素	0	shop	4.99	11	439	FBA	AetherAurora	75mm Bauhinia Hängende Kristall, Sonnenfänger Kristall Groß | Bauhinia Sonnenfänger Facettierte Kristalle, Regenbogenmacher, Große Fensterprismen, für Fenster, Sonnenfängers, Fensterdeko	Garten:Gartendeko:Figuren & Statuen:Sonnenfänger
DE	B0GQ3HWN4J	噪声-珠串棱镜	其他元素	0	shop	9.99	10	139	FBA	BDYLYS	2er Set Sonnenfänger Kristall, Suncatcher Sonne &amp; Mond Fensterdeko | Goldener Lichtfänger mit Regenbogeneffekt, Kristalle zum Aufhängen für Fenster, Balkon, Garten Deko	Garten:Gartendeko:Figuren & Statuen:Sonnenfänger
DE	B0GKFK646W	噪声-珠串棱镜	其他元素	0	shop	14.99	10	142	FBA	DAZZTIME	Sonnenfänger Kristall,8 Stück Kristall Windspiel,Sonnenfänger Bastelset,Anhänger Kristallkugel,DIY Kristalle Anhänger Suncatcher,Lichtfänger Kristalls,für Fenster Haus Garten Windspiel	Garten:Gartendeko:Figuren & Statuen:Sonnenfänger
DE	B0G2BZBRFY	噪声-珠串棱镜	其他元素	0	shop	9.99	10	224	FBA	TASSFROO	Fadenvorhang Fliegenvorhang Tür, 100 x 200 cm Perlenvorhang Tür Fadenvorhänge Insektenschutz Balkontür Türvorhang Fliegenschutz Schwarz für Schaufensterdekoration Hochzeit Café Restaurant	Küche, Haushalt & Wohnen:Wohnaccessoires & Deko:Dekoartikel:Türvorhänge
DE	B0GJRJ6GCS	噪声-珠串棱镜	蜂鸟	0	shop	5.99	8	148	FBA	HUIKUANGEU	Kolibri-Sonnenfänger,Strass-Kristall-Sonnenfänger,Hängendes Ornament,Sonnenfänger Kristall,Fensterdeko Hängend,Kolibri-Lichtfänger,Farbe Kolibrianhänger Deko,für Fenster,Terrasse,Haus und Garten	Garten:Gartendeko:Figuren & Statuen:Sonnenfänger
DE	B0GM6NF97T	噪声-珠串棱镜	其他元素	0	shop	15.99	7	144	FBA	XJJAUGKLY	5 Stück Sonnenfänger Fenster, Sonnenfänger Kristall &amp; Holzperlen für Sanftes Regenbogenlicht, Suncatcher Als Fensterdeko und Wohnaccessoire Schafft Gemütliche Atmosphäre	Garten:Gartendeko:Figuren & Statuen:Sonnenfänger
DE	B0G3PJDBVF	噪声-珠串棱镜	其他元素	0	shop	13.99	6	185	FBA	GBKDQQ	3 Stück Sonnenfänger Kristall Fenster, Regenbogen Anhänger Deko, Fensterdeko Hängend, Kristall-Sonnenfänger, Fensterdeko Hängend für Zuhause Garten Deko	Garten:Gartendeko:Figuren & Statuen:Sonnenfänger
DE	B0F6Y8JNX3	噪声-珠串棱镜	知更鸟	0	shop	7.90	6	446	FBM	Generisch	Großer Rotkehlchen Vogel auf Ast Sonnenfänger Buntglaseffekt Buntglas Fensterdekoration Regenbogen Maker Kristall Prisma Sonnenfänger Indoor Outdoor Haus Garten Party Dekoration Hängend	Garten:Gartendeko:Figuren & Statuen:Sonnenfänger
DE	B0GRBDDH7D	噪声-珠串棱镜	其他元素	0	shop	9.99	5	140	FBA	Connextion	4 Stück Sonnenfänger Kristall Fenster Deko, Hanging Kristalle Prismenkugel Regenbogen Suncatcher Sonnenfänger Kristal Anhänger Deko für Garten Haus Büro Balkon	Garten:Gartendeko:Figuren & Statuen:Sonnenfänger
DE	B0FJ2BV1GK	噪声-珠串棱镜	其他元素	0	shop	9.99	5	337	FBA	TASSFROO	Fadenvorhang Fliegenvorhang Tür, 100 x 200 cm Perlenvorhang Tür Fadenvorhänge Insektenschutz Balkontür Türvorhang Fliegenschutz Schwarz für Hochzeit Café Restaurant Schaufensterdekoration	Küche, Haushalt & Wohnen:Wohnaccessoires & Deko:Fensterdekoration:Vorhänge:Scheibengardinen & Kurzstores
DE	B0GVJ5HZ7K	噪声-珠串棱镜	其他元素	0	shop	12.99	4	35	FBA	Daelesr	Kristall Windspiel Sonnenfänger für Außen/Innen - Regenbogenmacher Kristallprisma Hängende Dekoration für Fenster, Garten, Balkon - Chakra Kristalle Deko, Geschenk für Frauen &amp; Mama (Grün)	Garten:Gartendeko:Figuren & Statuen:Sonnenfänger
DE	B0GWQH1XWF	噪声-珠串棱镜	其他元素	0	shop	14.99	4	39	FBA	XIANJIA	3er Set Kristal Sonnenfänger Regenbogen für Topfpflanzen | Sonne Perlen Anhänger Deko,Regenbogenmacher, Regenbogen Kristalle Anhänger Deko Fensterdeko, Zuhause Gartendeko	Garten:Gartendeko:Figuren & Statuen:Sonnenfänger
DE	B0GWPSZNC1	噪声-珠串棱镜	猫	0	shop	4.59	4	78	FBA	OliveBreeze	2 Stück Lotusblüten Sonnenfänger mit Kristallprisma,Sonnenfänger Kristall,Suncatcher Kristall für Regenbogeneffekte,Glas Windspiel für Haus und Gartendekorationen,Sun Catcher für Fensterdeko	Garten:Gartendeko:Figuren & Statuen:Sonnenfänger
DE	B0GFW2MG6S	噪声-珠串棱镜	其他元素	0	shop	13.49	4	159	FBA	Vauki	Vauki 24 Stück 30 mm Kristall Sonnenfänger, Glastropfen zum Aufhängen, Sonnenfänger, Prisma Kristalle zum Aufhängen für Kronleuchter Anhänger, Fotografie, Gartenfensterdekoration	Garten:Gartendeko:Figuren & Statuen:Sonnenfänger
DE	B0GYF3P6L7	噪声-珠串棱镜	其他元素	1	shop	8.99	3	39	FBA	Orsefeliy	Acryl Puzzle Sonnenfänger Fensterdeko Hängend, DIY Sonnenfänger Bastelset mit Kette, 20 x 20 cm Sommer Lichtfänger Gartenbalkon Deko zum Hängen für Garten, Fenster,Terrasse	Garten:Gartendeko:Figuren & Statuen:Sonnenfänger
DE	B0GXF5S6G4	噪声-珠串棱镜	猫	0	shop	8.99	3	43	FBA	ZhouWei	ZhouWei Sonnenfänger Kristall für Fensterdeko, Sonnenfänger Fenster Sun Catcher, Lichtfänger Suncatcher, Sonne Mond Anhänger Boho Deko für Haus Büro Oder Auto Glas Windspiel als Geschenkidee	Garten:Gartendeko:Figuren & Statuen:Sonnenfänger
DE	B0GZP2X3BB	噪声-珠串棱镜	其他元素	0	both	8.99	3	46	FBA	Caelura	300 Stück Facettierte Glasperlen Zum Auffädeln, Kristall Perlen zum Auffädeln 4/6/8mm, AB Glass Beads mit Box, Perlen für Sonnenfänger, Armbänder, DIY Schmuck	Küche, Haushalt & Wohnen:Basteln, Malen & Handarbeiten:Perlenweben & Schmuckherstellung:Schmuckperlen & Zubehör
DE	B0H1235WLY	噪声-珠串棱镜	其他元素	0	shop	5.59	3	76	FBA	Novaly	Lotusblüten Sonnenfänger Kristall Fensterdeko Hängend - Suncatcher Lichtfänger Windspiel für Draußen &amp; Innen - Elegante Gartendeko &amp; Spirituelle Deko für Wohnzimmer, Balkon, Auto	Garten:Gartendeko:Figuren & Statuen:Sonnenfänger
DE	B0GT8M6JM5	噪声-珠串棱镜	蝴蝶	0	shop	4.39	3	84	FBA	lvvhuan	14 Stück Prisma Fensteraufkleber, Fensteraufkleber Vogelschutz, Suncatcher Sticker, Schmetterling Suncatcher Sticker, für Stoppt Vögel Türfenster (Schmetterling)	Küche, Haushalt & Wohnen:Wohnaccessoires & Deko:Dekoartikel:Aufkleber:Fensterbilder
DE	B0GGZX65FB	噪声-珠串棱镜	其他元素	0	shop	17.99	3	99	FBA	Zosutetoxo	Crystal Suncatcher, Sonnenfänger Kristall Bastelset Mit Suncatcher Kristalle &amp; Prisma, Fensterdeko Hängend Für DIY Lichtfänger	Garten:Gartendeko:Figuren & Statuen:Sonnenfänger
DE	B0GLHQNGTY	噪声-珠串棱镜	其他元素	0	shop	16.14	3	106	FBA	DASIAUTOEM	DASIAUTOEM Kristall Sonnenfänger Fenster–5 Stück Sonnenfänger Facettierte Kristalle, Suncatcher mit Holzperlen &amp; Kristallkugel, Lichtfänger für Kronleuchter Anhänger, Fenster, Garten, Hochzeit Dekor	Garten:Gartendeko:Figuren & Statuen:Sonnenfänger
DE	B0G651RF5K	噪声-珠串棱镜	其他元素	0	shop	5.99	3	180	FBA	QyizuiPcn	2 Stück Eleganter Lotus Sonnenfänger mit Kristallprisma, Lichtfänger Windspiel zur Fensterdekoration, Haus, Büro &amp; Auto	Garten:Gartendeko:Figuren & Statuen:Sonnenfänger
DE	B0H38N5RR3	噪声-珠串棱镜	其他元素	0	shop	19.89	2	20	FBA	exylosluxek	400 Stück Sonnenfänger Sonnenfänger Bastelset, Suncatcher DIY Set für kreative Dekoration zum Selbermachen	Garten:Gartendeko:Figuren & Statuen:Sonnenfänger
DE	B0H1FFQ5QJ	噪声-珠串棱镜	其他元素	0	shop	10.92	2	26	FBA	Glamoreal	2000+ Kristallglasperlen für die Schmuckherstellung, 24 Verschiedene Facettenperlen (3-15 mm) für DIY-Armbänder, Halsketten, Ohrringe und Sonnenfänger (klare AB-Farbe)	Küche, Haushalt & Wohnen:Basteln, Malen & Handarbeiten:Perlenweben & Schmuckherstellung:Schmuckperlen & Zubehör
DE	B0H33MYGQB	噪声-珠串棱镜	其他元素	0	shop	10.59	2	36	FBA	MIYUANGKJ	2000+ Stück Facettierte Glasperlen Zum Auffädeln Kristallperlen in AB-Farben Glitzerperlen für Armbänder Schmuckherstellung Halsketten Ohrringe Sonnenfänger (3-15 mm)	Küche, Haushalt & Wohnen:Basteln, Malen & Handarbeiten:Perlenweben & Schmuckherstellung:Schmuckperlen & Zubehör
DE	B0GWZJKNRV	噪声-珠串棱镜	其他元素	0	clean	9.49	2	36	FBA	TLDBATICE	2 Stück Sonnenfänger Kristall Fenster Deko Kristalle Zum Aufhängen | Fensterdeko Hängend Lichtfänger Fensterschmuck Suncatcher Sonnenfänger Basteln für Fenster, Gärten und Balkone Schlafzimmer	Garten:Gartendeko:Figuren & Statuen:Sonnenfänger
DE	B0GWDHXK85	噪声-珠串棱镜	猫	0	shop	5.96	2	61	FBA	LEMONSTONE	LEMONSTONE Sonnenfänger Kristall Stern, 20 cm Kristall Sonnenfänger Fenster, Handgefertigter Suncatcher Sun Catcher mit Windspiel, Kristalle zum Aufhängen für Gartendeko, Zimmer, Balkon	Garten:Gartendeko:Figuren & Statuen:Sonnenfänger
DE	B0GXVLNPSJ	噪声-珠串棱镜	猫+花	0	shop	6.99	2	68	FBA	KUAJTUN	42 Stück Fensterbilder Sommer Blumen Selbstklebend, Holografische Regenbogen Folie Fenster mit Prisma Lichtreflexen, Bunte Sun Catcher Sticker für Glasfenster Balkon Kinderzimmer und Wohnungsdeko	Küche, Haushalt & Wohnen:Wohnaccessoires & Deko:Dekoartikel:Aufkleber:Fensterbilder
DE	B0GYS3QHPY	噪声-珠串棱镜	生命树	0	shop	12.99	2	77	FBA	BOTEWO	3 Stück Sonnenfänger Lebensbaum: 45cm Kristall Suncatcher Fensterdeko Hängend mit Regenbogen Effekt für Fenster Balkon Garten Schlafzimmer und Auto	Garten:Gartendeko:Figuren & Statuen:Sonnenfänger
DE	B0GT2W7L4N	噪声-珠串棱镜	其他元素	0	shop	5.99	2	79	FBA	Caelura	Oma Geschenke, Herzförmiger Kristall Sonnenfänger, Geschenk für Oma von Enkel, Geburtstagsgeschenk, Geschenke für Muttertag, Geburtstag, Valentinstag	Garten:Gartendeko:Figuren & Statuen:Sonnenfänger
DE	B0DX658Z5S	噪声-珠串棱镜	其他元素	0	shop	13.99	2	403	FBA	GOMETY	400 Stück Sonnenfänger Kristall Bastelset, DIY Sonnenfänger Fenster Deko Bastelset Erwachsene Suncatcher Windspiel Basteln Hängedekoration für Zuhause Büro Garten Outdoor Hochzeit Party deko	Garten:Gartendeko:Figuren & Statuen:Sonnenfänger
DE	B0H4QQVYJ9	噪声-珠串棱镜	其他元素	0	shop	7.99	1	15	FBA	Simsky	3 Stück Herzförmige Sonnenfänger Kristall, Kristalle zum Aufhängen Herz Prisma Suncatcher, Lichtfänger Fensterkristall für Zuhause Büro Garten Dekoration	Garten:Gartendeko:Figuren & Statuen:Sonnenfänger
DE	B0H2PY6SQ1	噪声-珠串棱镜	其他元素	0	shop	12.99	1	24	FBA	CHENBOOW	Sonnenfänger Kristall,5 Stück Fensterdeko Hängend,Kristall Windspiel,Sonnenfänger Bastelset,Kristall Sonnenfänger Fenster,Hanging Windspiel Anhänger Kristalle,für Haus und Gartendekorationen	Garten:Gartendeko:Figuren & Statuen:Sonnenfänger
DE	B0H1HLLSNJ	噪声-珠串棱镜	其他元素	0	shop	8.99	1	30	FBA	Fresilkora	Sonnenfänger Kristall Mond Flamme, Gold Metall Kristall Lichtfänger Fensterdeko Hängend Suncatcher für Haus, Büro oder Auto – Glas Windspiel als Lichtfänger &amp; Weihnachts Geschenk	Garten:Gartendeko:Figuren & Statuen:Sonnenfänger
DE	B0G2RK97LP	噪声-珠串棱镜	其他元素	0	shop	9.99	1	36	FBA	HTTDSLF	Sonnenfänger Kristall, Kristall Sonnenfänger Dekorativer Kristalls Windspiel, Ornament Kristallkugeln, Fensterdeko Hängend	Garten:Gartendeko:Figuren & Statuen:Sonnenfänger
DE	B0H1V17BF4	噪声-珠串棱镜	其他元素	0	shop	5.59	1	46	FBA	KORVANEL	Suncatcher Bastelset, Kristall Achat Sonnenfänger Fenster, Vielseitiges Sonnenfänger Bastelset, Multiform Dekopendant Für Haus Garten Balkon Und Büro Innen Und Außen Dekoration	Garten:Gartendeko:Figuren & Statuen:Sonnenfänger
DE	B0GXJ28X1N	噪声-珠串棱镜	其他元素	0	clean	9.98	1	63	FBA	XIANGLONGY	DIY Sonnenfänger Set 5 Stück mit K9 Kristallanhängern, Silikonperlen, Schnur &amp; Organzasäckchen, Fensterdeko hängend zum Basteln, Geschenkidee für Frauen, Boho Deko für Zuhause Wohnzimmer	Garten:Gartendeko:Figuren & Statuen:Sonnenfänger
DE	B0GZ2RB893	噪声-珠串棱镜	其他元素	0	shop	5.49	1	71	FBA	JazRvr	Sonnenfänger Kristall, 2 Stück Set Lichtfänger Fensterdeko Hängend, Goldener Halbmond Und Lotus Design, Dekorative Lichtreflexe Für Wohnbereich Und Büro, Messingfarbene Akzente	Garten:Gartendeko:Figuren & Statuen:Sonnenfänger
DE	B0H1Q3RJLM	噪声-珠串棱镜	花	0	shop	6.99	1	71	FBA	Novaly	20 Stück Blumen Fensteraufkleber Selbstklebend, Prisma Fensterfolie Regenbogeneffekt, Vogelschutz Fensterbilder Suncatcher Sticker für Glasfenster, Anti-Kollisions Fensterdeko Sommer Frühling	Küche, Haushalt & Wohnen:Wohnaccessoires & Deko:Dekoartikel:Aufkleber:Fensterbilder
DE	B0GXVWW7KF	噪声-珠串棱镜	蝴蝶	0	shop	2.99	1	74	FBA	BRTNUP	2 Stück Sonnenfänger Kristall Schmetterling – 15 cm Suncatcher Glas mit Regenbogen Effekt, hängende Fenster Deko für Garten Haus, Geschenk	Garten:Gartendeko:Figuren & Statuen:Sonnenfänger
DE	B0GT4QQVWP	噪声-珠串棱镜	其他元素	0	shop	4.49	1	77	FBA	Thinp	10 Stück Kristalle zum Aufhängen,Prismen Sonnenfänger Kristall 25mm Sonnenfänger Kristalle Suncatcher Kristall Hängekristall Tropfenförmige für Hochzeit Kronleuchter Anhänger Fenster Ornament Handwerk	Garten:Gartendeko:Figuren & Statuen:Sonnenfänger
DE	B0GSFRL9MK	噪声-珠串棱镜	生命树+花	0	shop	9.99	1	103	FBA	Snhauxinfa	3 Stück Fensterdeko Hängend,Sonnenfänger Fenster Kristall,für Suncatcher Windspiel Lichtfänger,Catcher Sun Crystal Frühling,Frühlingsdeko Glas Hanging,Hängende Lebensbaum Lotusblume,Dekorativer	Garten:Gartendeko:Figuren & Statuen:Sonnenfänger
DE	B0GTV5T8KT	噪声-珠串棱镜	其他元素	0	shop	8.99	1	106	FBA	Zilaro	Muttertagsgeschenke Für Mama, Beste Mama Geschenk, Herzförmiger Sonnenfänger Kristall Mit Karten, Hängende Dekorationen, Geburtstagsgeschenk Mutter	Garten:Gartendeko:Figuren & Statuen:Sonnenfänger
DE	B0FRRDV2FL	噪声-珠串棱镜	其他元素	0	shop	7.76	1	272	FBA	HHXUUAN	24 Kristallkuge,20mm Prisma Sonnenfänger Kristall,Kristalle zum Aufhängen für Kronleuchter Feng Shui, für Geburtstage, Feiertage (Clear)	Garten:Gartendeko:Figuren & Statuen:Sonnenfänger
DE	B0FJ8BCFV4	噪声-珠串棱镜	其他元素	0	shop	4.99	1	332	FBA	Blumuze	Muttertagsgeschenk für Mama,Hängende Kristalle Sonnenfänger Geschenke für Mama,Geburtstagsgeschenk für Mama,Mutter Geschenkidee zum Muttertag	Garten:Gartendeko:Figuren & Statuen:Sonnenfänger
DE	B0H6ZBGLRD	噪声-珠串棱镜	猫	0	shop	20.98	1	NULL	FBM	Yarteim	2 Stück Sonnenfänger Kristall Libelle, Suncatcher Libelle Deko mit Metallflügeln, 25cm Kristalle zum Aufhängen Lichtfänger Sun Catcher für Fensterdeko &amp; Gartendeko, Hochzeit Dekor	Garten:Gartendeko:Figuren & Statuen:Sonnenfänger
DE	B0H32SBPGR	噪声-珠串棱镜	其他元素	0	shop	7.69	0	8	FBA	Chie no fukuro	Sonnenfänger Fenster Kristall Prisma | Fensterdeko Hängend Ideal für Garten und Terrasse	Garten:Gartendeko:Figuren & Statuen:Sonnenfänger
DE	B0GYP7VCR3	噪声-珠串棱镜	其他元素	0	shop	14.59	0	11	FBA	Duronge	5er Set Kristall Sonnenfänger Fenster – Fertig Montierte Suncatcher mit Holzperlen, Sanftes Lichtspiel, Skandinavische Fensterdeko Hängend für Wohnzimmer &amp; Schlafzimmer	Garten:Gartendeko:Figuren & Statuen:Sonnenfänger
DE	B0H3KKYJJS	噪声-珠串棱镜	其他元素	0	shop	5.99	0	16	FBA	Tusche Geheimnis	Kristall Sonnenfänger für Fenster, Drehender Kristall-Suncatcher mit 2 Messingkreisen und Glaskugelprismen, für Wohnzimmer, Balkon und Garten, Bezaubernde Lichtspiele und Regenbogen-Effekte	Garten:Gartendeko:Figuren & Statuen:Sonnenfänger
DE	B0H3NVDC7S	噪声-珠串棱镜	其他元素	0	shop	5.69	0	22	FBA	Novaly	Sonnenfänger Kristall, Suncatcher Regenbogeneffekt, Lotusblüten Windspiele für Draußen Hängend Lichtfänger Fensterdeko Hängend für Zuhause Büro Garten Balkon Outdoor Deko Geschenk	Garten:Gartendeko:Figuren & Statuen:Sonnenfänger
DE	B0H3KHCTF8	噪声-珠串棱镜	其他元素	0	shop	15.99	0	22	FBA	Tusche Geheimnis	5er Set Kristall Sonnenfänger, Regenbogen-Sonnenfänger Fensterdeko mit Holz- &amp; Kristallperlen, Boho Windspiel &amp; Lichtspiel für Fenster, Wohnraum, Garten &amp; Terrasse	Garten:Gartendeko:Figuren & Statuen:Sonnenfänger
DE	B0GLP4K2N7	噪声-珠串棱镜	猫头鹰+蜂鸟+蝴蝶	0	shop	13.99	0	22	FBA	GMMG	Sonnenfänger Kristall Windspiel,5 Stück Baum Eulen Kolibri Schmetterling Fee Anhänger	Garten:Gartendeko:Figuren & Statuen:Sonnenfänger
DE	B0GYNYN1T5	噪声-珠串棱镜	其他元素	0	shop	16.99	0	23	FBA	BOFITENG	Sonnenfänger Kristall Fenster, 5er Set Suncatcher Kristall mit Holzperlen, Fensterdeko Hängend Modern, Lichtspiel Fenster, Kristalle zum Aufhängen, Lichtfänger für Garten, Hochzeit Dekor	Garten:Gartendeko:Figuren & Statuen:Sonnenfänger
DE	B0H29MSB4F	噪声-珠串棱镜	其他元素	0	shop	13.99	0	24	FBA	Valicaer	Valicaer Fensterbilder Sommer 32 Stück Kinder Bastelset, Selbstklebende Fensterbilder Basteln, Kreative Fensterdeko Für Kinder DIY, Sommer Deko Fensterbilder Selbstklebend	Spielzeug:Kunst & Handwerk:Kinder-Bastelsets:Papierbastelsets
DE	B0H2PXPLHV	噪声-珠串棱镜	其他元素	0	shop	7.59	0	24	FBA	KORVANEL	Dekorativer Sonnenfänger Kristall mit zartem Engelsflügel Design und feinen Facetten, Funkelnder Lichtfänger, stilvolle Fenster Deko für Innenraum Balkon und Garten Gestaltung	Garten:Gartendeko:Figuren & Statuen:Sonnenfänger
DE	B0GZW7NMX6	噪声-珠串棱镜	其他元素	0	both	14.99	0	25	FBA	suaywo	5er Pack Kristall Sonnenfänger für Fenster, Garten &amp; Party Hängedeko | Schöner Lichtfänger mit Holzperlen und Kristallkugel, Prisma Lichtbrecher, ideal als DIY Fenster- und Außendekoration	Küche, Haushalt & Wohnen:Wohnaccessoires & Deko:Traumfänger
DE	B0H1WW9H4D	噪声-珠串棱镜	其他元素	0	shop	13.99	0	27	FBA	Meenewching	2 Stück Sonnenfänger, Kristall Suncatcher Windspiel mit Spiralschwanz, Lichtfänger Kristall, Buntes Prismenlicht für Wohnzimmer, Garten, Party, Fensterdeko für Zuhause, Büro, Balkon	Garten:Gartendeko:Figuren & Statuen:Sonnenfänger
DE	B0H3617NHM	噪声-珠串棱镜	其他元素	0	shop	13.99	0	30	FBA	DEMIUKO	DEMIUKO Sonnenfänger Kristall für Fensterdeko Hängend Windspiele Bunten Perlen Prisma Lichtspiel Suncatcher Kleine Perlenvorhang Lichtfänger Fenster Wanddeko Garten Boho Deko Geschenk für Frauen	Garten:Gartendeko:Figuren & Statuen:Sonnenfänger
DE	B0GYJQYLJG	噪声-珠串棱镜	其他元素	0	shop	13.59	0	32	FBA	Halorin	5 Stück Sonnenfänger Fenster: Wasssertropfenform Sonnenfänger Kristall Fenster, Suncatcher Kristall, Lichtfänger für Wohnzimmer und Fensterdeko	Garten:Gartendeko:Figuren & Statuen:Sonnenfänger
DE	B0GZP1W9HV	噪声-珠串棱镜	猫	0	clean	16.99	0	33	FBA	fiintrwa	fiintrwa 400 Stück Sonnenfänger Bastelset für Erwachsene | DIY Sun Catchers Making Kits mit Bunten Prisma Regenbogen Maker für Zuhause, Garten, Festtagsdekoration und Geschenke	Garten:Gartendeko:Figuren & Statuen:Sonnenfänger
DE	B0GYYZXMXB	噪声-珠串棱镜	猫+花	0	shop	4.99	0	42	FBA	Zynqo	3 Stück Sonnenfänger Kristall, Sonnenfänger Kristall Lotusblume Windspiel, Fensterdeko Hängend Regenbogen Sun Catcher für Lichtspiel Fenster Decke Wohnzimmer	Garten:Gartendeko:Figuren & Statuen:Sonnenfänger
DE	B0GZPCZJJK	噪声-珠串棱镜	其他元素	0	shop	8.99	0	46	FBA	Nurila	1500 Stück Bunte Perlen zum Auffädeln, Regenbogen Ponyperlen Schmuckperlen Set, Perlen für Armbänder, Halsketten, Schlüsselanhänger und Sonnenfänger Perlen DIY Basteln	Küche, Haushalt & Wohnen:Basteln, Malen & Handarbeiten:Perlenweben & Schmuckherstellung:Schmuckperlen & Zubehör
DE	B0GZPXLL9S	噪声-珠串棱镜	其他元素	0	shop	8.99	0	63	FBA	Nurila	1500 Stück Macronsfarbene Perlen zum Auffädeln, Macrons Ponyperlen Schmuckperlen Set, Perlen für Armbänder, Halsketten, Schlüsselanhänger und Sonnenfänger Perlen DIY Basteln	Küche, Haushalt & Wohnen:Basteln, Malen & Handarbeiten:Perlenweben & Schmuckherstellung:Schmuckperlen & Zubehör
DE	B0GZP32TKF	噪声-珠串棱镜	其他元素	0	shop	8.99	0	63	FBA	Nurila	1500 Stück Retro Perlen zum Auffädeln, Retro Ponyperlen Schmuckperlen Set, Perlen für Armbänder, Halsketten, Schlüsselanhänger und Sonnenfänger Perlen DIY Basteln	Küche, Haushalt & Wohnen:Basteln, Malen & Handarbeiten:Perlenweben & Schmuckherstellung:Schmuckperlen & Zubehör
DE	B0H1M58NV6	噪声-珠串棱镜	其他元素	0	shop	11.99	0	66	FBA	SUPRROW	8 Stück Kristall Sonnenfänger Bastelset DIY Kristalle Anhänger Suncatcher	Garten:Gartendeko:Figuren & Statuen:Sonnenfänger
DE	B0GS5G614J	噪声-珠串棱镜	其他元素	0	shop	8.49	0	72	FBA	Gemejutor	Fensterbilder Basteln Kinder Abschluss – 16 Stück DIY Fensterbilder Bastelset aus Papier mit Selbstklebender Folie, Basteln Abschlussfeier Schule Kindergarten Fensterdeko	Spielzeug:Kunst & Handwerk:Kinder-Bastelsets:Papierbastelsets
DE	B0GL6FV2D7	噪声-珠串棱镜	其他元素	0	shop	15.99	0	86	FBA	Chingcoo	5er Set Kristall Sonnenfänger Fenster, Suncatcher mit Kristallkugel &amp; Holzperlen, Regenbogen-Lichtspiel Fensterdeko, Skandinavische Hängedeko für Wohnzimmer &amp; Schlafzimmer	Garten:Gartendeko:Figuren & Statuen:Sonnenfänger
DE	B0GZZCLZ7S	噪声-珠串棱镜	其他元素	0	clean	16.99	0	89	FBA	DEMIUKO	DEMIUKO Grün Sonnenfänger Kristall Fensterdeko Hängend Heilende Kristallen Quarz Anhänger Prisma Lichtfänger Lichtspiel Windspiel Suncatcher Dopamine Deko für Balkon Garten Fenster Geschenk Frauen	Garten:Gartendeko:Figuren & Statuen:Sonnenfänger
DE	B0GRHRY7F4	噪声-珠串棱镜	其他元素	0	shop	9.99	0	94	FBA	Bafutayawa	Suncatcher, Sonnenfänger für Fenster zum Aufhängen, Kristall Windspiel für Innen- und Außendekoration, einzigartiger Lichtfänger, Geschenk für Zuhause (Lila)	Garten:Gartendeko:Figuren & Statuen:Sonnenfänger
DE	B0GWCTS6GD	噪声-珠串棱镜	生命树+花	0	shop	6.99	0	100	FBA	FHRYNA	1 Set Sonnenfänger mit Lebensbaum &amp; Lebensblume, Heilsteine Deko aus Chakra Kristall &amp; Zinklegierung, Hängende Fensterdeko für Zuhause Garten Auto Esoterik	Garten:Gartendeko:Figuren & Statuen:Sonnenfänger
DE	B0GSQNMYRV	噪声-珠串棱镜	其他元素	0	shop	6.99	0	105	FBA	KUAJTUN	3 Blatt Fensteraufkleber Set, Regenbogen Prisma Fensteraufkleber und Dekorative Fenstersticker für Zuhause Büro, PVC Material Vogelschutz Fenster Suncatcher Sticker für Glasscheiben	Küche, Haushalt & Wohnen:Wohnaccessoires & Deko:Dekoartikel:Aufkleber:Fensterbilder
DE	B0GCLP1PRW	噪声-珠串棱镜	其他元素	0	shop	9.99	0	142	FBA	Daelesr	Sonnenfänger Kristall Fenster, 40cm Mond Suncatchers, Kristalle zum Aufhängen, Fensterdeko Hängend, Windspiel für Fenster Haus Auto Garten Party Hochzeit Schlafzimmer Dekoration, Geschenke für Frauen	Garten:Gartendeko:Figuren & Statuen:Sonnenfänger
DE	B0GHYMSFGY	噪声-珠串棱镜	其他元素	0	shop	9.99	0	168	FBA	WRQIOO	Sonnenfänger Fenster, Lichtfänger, Suncatcher kristall, Sonne Mond Anhänger Boho Deko für Indoor Outdoor Dekoration	Garten:Gartendeko:Figuren & Statuen:Sonnenfänger
DE	B0FX2R2NZS	噪声-珠串棱镜	猫	0	shop	5.99	0	201	FBA	Rosqmor	Sonnenfänger Kristall Fensterdeko, Suncatcher Sonnenanhänger Regenbogen Kristalle Zum Aufhängen, Sun Catcher Crystal Sterne Herzen Windspiele für Fenster, Häuser, Gärten	Garten:Gartendeko:Figuren & Statuen:Sonnenfänger
DE	B0FVMDV3Y6	噪声-珠串棱镜	其他元素	0	shop	7.89	0	252	FBA	PASLFC	PASLFC Basteln Weihnachten Fensterdekorationen,Weihnachtsbaum Baumschmuck Bastelset 24 Stücke,Papier Bastelset,DIY Abnehmbaren Hängenden Ornamenten,Weihnachte Kreativset,Weihnachten Set Hängend Dekor	Spielzeug:Kunst & Handwerk:Kinder-Bastelsets:Papierbastelsets
DE	B0F8ZGZ5TK	噪声-珠串棱镜	其他元素	0	shop	5.70	0	342	FBA	Lyramis	24 Stück Fensteraufkleber, Suncatcher, Sonnenfang, dekorative Aufkleber, Regenbogen, selbstklebend, Kollision, Regenbogenglas, Dekoration, reflektierende Prisma-Fenster, für Fenster und Türen	Küche, Haushalt & Wohnen:Wohnaccessoires & Deko:Dekoartikel:Aufkleber:Fensterbilder
DE	B0DQ56Q2Y3	噪声-珠串棱镜	其他元素	0	shop	9.29	0	534	FBA	YOYEAH	30 Stück Kristall Sonnenfänger - 20mm Regenbogen-Kristallkugel Prisma aus hochwertigem K9-Kristallglas für Fensterdekoration und DIY Gestaltung.	Garten:Gartendeko:Figuren & Statuen:Sonnenfänger
DE	B0D93Q62S3	噪声-珠串棱镜	其他元素	0	shop	9.98	0	629	FBA	Meleager	Meleager Bastelset Weihnachten Kinder, 12 Stück Pinguin Anhänger Weihnachten, DIY Weihnachtsdeko Basteln, Moosgummi Weihnachtsbasteln Set Kinder für Weihnachtlicher Baumschmuck, Fensterdeko	Spielzeug:Kunst & Handwerk:Kinder-Bastelsets:Papierbastelsets
DE	B0F6BKX3DV	平板亚克力	蜂鸟	0	shop	6.49	27	434	FBA	Caelura	Sonnenfänger, Fensterdeko HäNgend Modern, Kolibri-Sonnenfänger Fenster, Vogel-Anhänger aus Acryl mit Kette, für Fenster, Terrasse, Wand, Haus und Garten	Garten:Gartendeko:Figuren & Statuen:Sonnenfänger
DE	B0GF5ZPNXX	平板亚克力	知更鸟	0	shop	4.99	21	154	FBA	OliveBreeze	Sonnenfänger Rotkehlchen auf AST, Acryl Vogel Buntglas Hängedekoration farbenfroh transparent für Garten Balkon Fenster (Innen &amp; Außen)	Garten:Gartendeko:Figuren & Statuen:Sonnenfänger
DE	B0FX4C7SBP	平板亚克力	蝴蝶	0	shop	4.99	21	205	FBA	ZephyrHome	Sonnenfänger Schmetterling aus Acryl,Butterfly Suncatcher Lichtfänger als schmetterlingsförmig Acryl Dekoschild für Fenster,Balkon und Garten-Suncatcher Fensterdeko hängend Glas, ästhetische Raumdeko	Garten:Gartendeko:Figuren & Statuen:Sonnenfänger
DE	B0GCGHVT1X	平板亚克力	其他元素	0	shop	7.99	18	177	FBA	BRTNUP	Sonnenfänger Fenster Hängend, Sonne Mond Design, Buntes Acryl Fensterbild, 40cm Metallkette für Innen- und Außenbereich, Sonnenfänger Fenster, Deko für Wohnzimmer Balkon Garten Ramadan	Garten:Gartendeko:Figuren & Statuen:Sonnenfänger
DE	B0GS4KMLMR	平板亚克力	蜂鸟	0	shop	5.99	16	135	FBA	Nurila	Sonnenfänger, Acryl Fensterdeko Hängend, Kolibri-Sonnenfänger Fenster mit Kette, Vogel Anhänger für Fenster Terrasse Garten Wand, Modernes Lichtspiel Deko Geschenk	Garten:Gartendeko:Figuren & Statuen:Sonnenfänger
DE	B0FY1V7MLP	平板亚克力	猫	0	shop	4.99	9	205	FBA	ZephyrHome	Schildkröte Sonnenfänger Acryl Suncatcher Fensterdeko hängend Glas, Sonnenlichtfänger Lichtfänger für Fenster Balkon Garten, Sun Catcher Deko Anhänger für Zuhause,Freundschaftsgeschenkaustausch	Garten:Gartendeko:Figuren & Statuen:Sonnenfänger
DE	B0FXDZ8TCS	平板亚克力	其他元素	0	shop	3.99	9	208	FBA	ZephyrHome	Sonnenfänger Fenster Libelle-Acryl Lichtfänger mit Mond-Design,für Fensterdekoration hängende Deko,Suncatcher Ornament als sonnenlichtfänger für Zuhause, Garten, Auto, Weihnachten Deko &amp; Geschenkidee	Garten:Gartendeko:Figuren & Statuen:Sonnenfänger
DE	B0GCN6GFM1	平板亚克力	生命树	0	shop	1.99	7	173	FBA	Satiskid	Lebensbaum Sonnenfänger, 20cm Acryl Fensterdeko mit Eisenkette, Buntglas Effekt Suncatcher für Wohnzimmer Balkon Garten, Boho Deko &amp; Geschenkidee	Garten:Gartendeko:Figuren & Statuen:Sonnenfänger
DE	B0DZXLKBNK	平板亚克力	其他元素	0	shop	7.99	7	499	FBA	YiJiuBa	40 Stück Sonnenfänger Kristall, Kristalle zum Aufhängen, Klare Kristallkugel Prisma, Regenbogenfänger, Kristallwasserkügelchen für Gartenfensterdekoration, Hängeleuchter (Acryl)	Garten:Gartendeko:Figuren & Statuen:Sonnenfänger
DE	B0GZWDCN4H	平板亚克力	其他元素	0	shop	17.86	4	59	FBM	Lumibjnvs	Hot Air Balloon mit Heißluftballon, hängendes 2D Acryl-Ornament, für den Außenbereich, mehrfarbiger Effekt, flammende Gartendekoration, bunte Rasenlaterne für Hof, , Terrasse, Zuhause	Garten:Gartendeko:Figuren & Statuen:Sonnenfänger
DE	B0GVGYFJCT	平板亚克力	其他元素	0	shop	4.99	3	90	FBA	PLUSHCEWT	Vergissmeinnicht Acryl Sonnenfänger, Fensterdeko Hängend mit Kette, 20x20 cm Buntglasfenster Deko für Fenster, Balkon, Garten	Garten:Gartendeko:Figuren & Statuen:Sonnenfänger
DE	B0GVRSMNYM	平板亚克力	其他元素	0	shop	7.99	2	49	FBA	Joalpysm	Schlafende Meerjungfrau Sonnenfänger, Acryl Suncatcher mit Seitenkette, Hängende Fensterdeko für Garten, Balkon, Wohnzimmer, Vielseitige Fensterschmuck Hängend als Geschenk für Frauen	Garten:Gartendeko:Figuren & Statuen:Sonnenfänger
DE	B0FRMT5BQY	平板亚克力	其他元素	0	shop	5.99	2	286	FBA	Bafiwu	3 Stück Ahornblatt Sonnenfänger Herbstdeko – Acryl Fensterdeko Hängend, Herbst Deko Anhänger für Innen &amp; Outdoor, Bunte Herbstdeko Fenster &amp; Tür	Garten:Gartendeko:Figuren & Statuen:Sonnenfänger
DE	B0H2PJCR79	平板亚克力	生命树	0	shop	6.99	1	22	FBA	Tusche Geheimnis	Bunter Baum Suncatcher Acryl Fensterdeko Hängend 20x20cm – Sonnenfänger Lebensbaum mit Kette für Fenster, Terrasse, Garten und Wohnzimmer, hängende Fensterdekoration als Boho Decor Geschenkidee	Garten:Gartendeko:Figuren & Statuen:Sonnenfänger
DE	B0GRGWXTB6	平板亚克力	蜂鸟	0	shop	2.99	1	88	FBA	LEMONSTONE	LEMONSTONE Kolibri-Sonnenfänger, Kolibri-Sonnenfänger Fenster, Hängende Buntglas-Fensterdekoration, Vogel-Anhänger aus Acryl mit Kette, für Fenster, Terrasse, Wand, Haus und Garten	Garten:Gartendeko:Figuren & Statuen:Sonnenfänger
DE	B0FM7X1J3Z	平板亚克力	万圣节	0	shop	7.59	1	194	FBA	Penitue	Penitue Fensterdeko Hängend Acryl, Süß Geisterpflanzen Sonnenfänger Halloween Hängegeist für Zuhause Fenster Tür Wandkunst Dekor	Garten:Gartendeko:Figuren & Statuen:Sonnenfänger
DE	B0DS5FFN5P	平板亚克力	其他元素	0	shop	15.89	1	445	FBM	SunaOmni	Buntglas-Pflanze, 16 x 20 cm, vierblättriges Grünpflanzen-Dekor, Buntglas-Sonnenfänger zum Aufhängen, vierblättriges Pflanzen-Dekor aus Acryl für Glück und spirituellen Segen, Pflanzen-Dekoration, Pfl	Garten:Gartendeko:Figuren & Statuen:Sonnenfänger
DE	B0H1R13JM9	平板亚克力	其他元素	0	clean	5.69	0	4	NA	Generic	Farbenfroher Acryl-Sonnenfänger, christliches gelbes Kreuz, 20 cm, Hängeornament, Garten, Wand, Tür, Fenster, Dekoration, Zubehör, Geschenk, Frau, Freunde, Familie, Anhänger, Dekoration	null
DE	B0H3NVFJ26	平板亚克力	其他元素	0	shop	9.99	0	16	FBA	FILOEEX	Fensterdeko hängend modern, 2 Stück Papagei Deko aus Acryl, Buntglas Sonnenfänger mit Kette – farbenfrohe Vögel zum Aufhängen für Fenster, Tür &amp; Garten	Garten:Gartendeko:Figuren & Statuen:Sonnenfänger
DE	B0GHXF3MYG	平板亚克力	知更鸟	0	shop	7.99	0	16	FBA	Ubric	Ubric Fenster-Sonnenfänger, Buntglas-Effekt-Acryl-Sonnenfänger mit Kette, geformte Robin Bird Garden Hanging Ornaments	Garten:Gartendeko:Figuren & Statuen:Sonnenfänger
DE	B0H1X7X328	平板亚克力	其他元素	1	shop	6.99	0	24	FBA	Orsefeliy	Libelle Sonnenfänger, 20 x 20cm Acryl Fensterdeko Hängend mit Kette, Kreative Sonnenfänger Fenster mit Lavendel Design, Sonnenfänger Hängende Dekoration für Garten, Balkon, Wohnzimmer und Schlafzimmer	Garten:Gartendeko:Figuren & Statuen:Sonnenfänger
DE	B0GYRCM1DT	平板亚克力	蜂鸟	0	shop	5.99	0	42	FBA	BRTNUP	Sonnenfänger Fenster Hängend, Kolibri Design, Buntes Acryl Fensterbild, 40cm Metallkette für Innen- und Außenbereich, Sonnenfänger Fenster, Deko für Wohnzimmer Balkon Garten	Garten:Gartendeko:Figuren & Statuen:Sonnenfänger
DE	B0GTMG4YTV	平板亚克力	生命树	0	shop	8.98	0	49	FBA	JYJLLM	6-teiliges Set Lebensbaum Sonnenfänger Fenster mit S-Haken &amp; Saugnapfhaken, Acryl Suncatcher Hängend für Fenster Wand Terrasse Garten	Garten:Gartendeko:Figuren & Statuen:Sonnenfänger
DE	B0GVY89N1C	平板亚克力	蝴蝶	0	shop	6.56	0	71	FBA	AYZDJ	Damen Geburtstagsgeschenk Sonnenfänger - Schmetterling geformt Acryl Kristall Anhänger Auto Hängende Ornament Fenster Dekoration Gedenkgeschenk für Mama von Tochter Sohn am Muttertag und	Garten:Gartendeko:Figuren & Statuen:Sonnenfänger
DE	B0GT8Q127S	平板亚克力	生命树	0	shop	5.99	0	77	FBA	BaZuyunMd	Fenster-Sonnenfänger in Lebensbaum-Form,9,8 Zoll,Acryl und Eisenkette	Garten:Gartendeko:Figuren & Statuen:Sonnenfänger
DE	B0GVRZKW3T	平板亚克力	生命树	0	shop	8.11	0	78	FBA	JOVYTH	Sonnenfänger Fenster Lebensbaum Buntglas Stil, 2D Acryl Suncatcher Hängend für Balkon Terrasse Garten, Boho Wanddeko Geschenk für Einzug Geburtstag, 25cm	Garten:Gartendeko:Figuren & Statuen:Sonnenfänger
DE	B0GTQV6NT2	平板亚克力	蝴蝶	0	shop	8.99	0	86	FBA	Bafutayawa	Sonnenfänger Kristall Herz, Oma Geschenk zum Geburtstag, Muttertagsgeschenk für Mama &amp; Großmutter, Fensterdeko Schmetterling Acryl Anhänger	Küche, Haushalt & Wohnen:Wohnaccessoires & Deko:Wand- & Türschilder
DE	B0GHR8MQ7G	平板亚克力	其他元素	0	shop	8.99	0	107	FBA	DOJASOHILMI	Sonnenfänger Fensterdeko Hängend, Blaue Wellen mit Sonne Design, Acryl Suncatcher Boho Wanddeko für Wohnzimmer Garten Terrasse, 20x20cm	Garten:Gartendeko:Figuren & Statuen:Sonnenfänger
DE	B0GH6HMWYH	平板亚克力	生命树	0	shop	9.99	0	159	FBA	Vauki	2 Stück Acryl Fensterdeko Hängend, Lebensbaum Sonnenfänger Fenster, Baum des Lebens Deko, Fensterschmuck Hängend Ganzjährig, Deko Fenster Modern, für Wohnzimmer Garten Fensterscheibe Terrasse Wanddeko	Garten:Gartendeko:Figuren & Statuen:Sonnenfänger
DE	B0DT45Y117	平板亚克力	蜂鸟	0	shop	16.88	0	535	FBM	Recitem	Recitem Sonnenfänger Prisma Kolibri, Fensterdeko Hängend Kolibri Suncatcher, Acryl Sonnenfänger zum Aufhängen Gartendeko, Weihnachtsbaum Hängende Deko für Fenster Garten Terrasse Basteln (2 A)	Garten:Gartendeko:Figuren & Statuen:Sonnenfänger
DE	B0BCWGTX33	平板亚克力	其他元素	0	shop	9.99	0	1360	FBA	YeahBoom	YeahBoom LED Fensterlicht Weihnachten Muster Acryl 3D Weihnachtsdeko Hängende Beleuchtung Batteriebetrieben für Fensterdekoration Weihnachtsfeier Innen und Außen	Beleuchtung:Lichterketten:Innen
DE	B0H368JTRZ	平板亚克力	蜂鸟	0	shop	4.99	0	NULL	FBA	Tusche Geheimnis	Kolibri-Sonnenfänger für Fenster, Vogel-Anhänger aus Acryl mit Kette, Vögel zum Aufhängen für Terrasse, Balkon und Garten, Fensterdeko Hängend Modern, Hängende Dekorationen, Tier Dekorationen	Garten:Gartendeko:Figuren & Statuen:Sonnenfänger
DE	B0GZ2SQZ3L	拼图suncatcher	其他元素	0	shop	17.20	2	50	FBM	Generisch	Acryl Puzzles Sonnenfänger Fenster hängend, 83 Stück 7,87 Zoll Sonnenfänger Acryl Puzzles, DIY Buntglas Acryl Puzzle Sonnenfänger Kit, Garten Dekoration für Frauen Männer Geburtstagsgeschenk	Garten:Gartendeko:Figuren & Statuen:Sonnenfänger
DE	B0FH2BGHZF	类目命中-待分	其他元素	0	clean	9.08	58	355	FBA	Generisch	Sonnenfänger, 20x20 cm großer Anhänger mit Buntem Glas-Effekt, Boho-Stil Solarlaterne mit Kette und Haken, hängende Deko für Garten, Balkon, Wohnzimmer und Schlafzimmer [Energieklasse G]	Garten:Gartendeko:Figuren & Statuen:Sonnenfänger
DE	B0G6T55N4L	类目命中-待分	其他元素	0	shop	5.99	16	168	FBA	DELAESI	2 Stück Sonnenfänger Fensterschmuck Hängend Sonnenfänger Groß mit Kette und Haken Fensterdeko Hängend für Garten Balkon Wohnzimmer Schlafzimmer (20x20cm)	Garten:Gartendeko:Figuren & Statuen:Sonnenfänger
DE	B0H11HBJLP	类目命中-待分	花	0	shop	11.99	3	69	FBA	Oniissy	Oniissy Blume Buntglas Sonnenfänger mit Kette und Haken, 20x20 cm Buntglas Sonnenfänger Fensterschmuck Hängend Fensterdeko RundenSuncatcher für Garten Balkon Geschenkidee	Garten:Gartendeko:Figuren & Statuen:Sonnenfänger
DE	B0G6Z65Z3Q	类目命中-待分	猫	0	shop	9.99	3	189	FBA	Hutglcfpy	Sonnen und Mond-Lichtfänger 2-teiliger Sonnenfänger Fenster Sun Catcher | Fensterdeko Hängend Whimsical Decor Frühlings Spirituelle Deko für Balkone Fenster Party Garten Deko Geburtstage Festliche	Garten:Gartendeko:Figuren & Statuen:Sonnenfänger
DE	B0F6M8MSHD	类目命中-待分	花	0	shop	13.90	3	426	NA	Dinala	Abschiedsgeschenk Erzieherin - schöner Sonnenfänger - Erzieherin Geschenk - Danke Geschenk Abschied - Alles gute für deinen neuen Weg - zarte Trockenblumen	Garten:Gartendeko:Figuren & Statuen:Sonnenfänger
DE	B0GTV1QKB8	类目命中-待分	其他元素	0	clean	12.87	2	75	FBA	LUMIREX	Buntglas Sonnenfänger Fenster, Glücksbringer Vierblättriges Kleeblatt, Glas Fensterdeko Hängend, Suncatcher für Wohnzimmer, Balkon Deko, Gartendeko, Fensterschmuck Hängend Geschenke, 20x20cm	Garten:Gartendeko:Figuren & Statuen:Sonnenfänger
DE	B0G6T5PSD5	类目命中-待分	其他元素	0	shop	7.99	1	130	FBA	Gyism	2 Stück Sonnenfänger Fenster, 20x20cm Fensterdeko Hängend Sonnenaufgangs- und Sonnenuntergangsmuster mit Kette und Haken, Boho Decor für Garten, Balkon, Wohnzimmer (Sonne)	Garten:Gartendeko:Figuren & Statuen:Sonnenfänger
DE	B0GL27C7L6	类目命中-待分	其他元素	0	shop	6.99	1	150	FBA	DASHUI	2 Stück Sonnenfänger Fenster, Fensterdeko Hängend 20 * 20cm, für Garten, Balkon, Wohnzimmer und Schlafzimmer	Garten:Gartendeko:Figuren & Statuen:Sonnenfänger
DE	B0FMY7FZ6M	类目命中-待分	其他元素	0	shop	13.08	1	329	FBM	Generisch	3 Stück Ahornblatt Ornament Aus Gebeiztem, 2D Flach Ahornblatt Buntglas Fenster Hängend Herbstdeko, Herbstdeko Anhänger Glass, Ahornblätter Sonnenfänger, Herbst Deko Aesthetic Outdoor Für Haustür(A)	Garten:Gartendeko:Figuren & Statuen:Sonnenfänger
DE	B0H2Z2MW8H	类目命中-待分	其他元素	0	shop	10.99	0	25	FBA	intellitoy	Sternenmond-Windspiel &amp; Sonnenfänger für Zuhause – Einzigartige Ästhetik &amp; Exquisite Handwerkskunst, Vielseitige Dekoration für Innen- &amp; Außenbereiche, Einfache Montage	Garten:Gartendeko:Figuren & Statuen:Sonnenfänger
DE	B0GTTXRV8D	类目命中-待分	其他元素	0	clean	11.49	0	75	FBA	LUMIREX	Buntglas Sonnenfänger Fenster, Tropischer Sonnenstrand Fensterschmuck Hängend, Glas Fensterdeko Hängend, Suncatcher für Wohnzimmer, Balkon Deko, Gartendeko, Gartendeko für Draußen Wetterfest, 20x20cm	Garten:Gartendeko:Figuren & Statuen:Sonnenfänger
DE	B0GX6DFDGV	类目命中-待分	生命树	0	shop	7.99	0	95	FBA	Zhcwldmi	Lebensbaum Sonnenfänger,Fensterdeko hängend 9,8 Zoll mit Eisenkette, Buntglas Fensterschmuck ganzjährig, für Wohnzimmer Schlafzimmer Büro	Garten:Gartendeko:Figuren & Statuen:Sonnenfänger
DE	B0FN42VK1X	类目命中-待分	其他元素	0	shop	3.46	0	302	FBA	Goktvai	2stk Elefanten Ornament für Frauen, Freundschafts Elefanten Sonnenfänger mit Story Karte Bedeutungsvolle Tierform Ornamente der Schwesternschaft für Dekoration Besten Freundin	Garten:Gartendeko:Figuren & Statuen:Sonnenfänger
UK	B0F9S7NLGG	其他窗挂	其他元素	0	shop	16.70	46	379	FBM	SOFPLATE	1Box 28.35&quot; White Shell Wind Chime Shells Windchime Spiral Bohemian Natural Conch Hanging Suncatcher with Bamboo Rings Coastal Beach Style Wind Chimes for Outside Patio Garden Balcony Porch	Garden:Garden Décor:Chimes
UK	B0DJX7PZF8	其他窗挂	猫	0	shop	6.99	38	640	FBM	EDSG	EDSG Pet Memorial Gifts Suncatcher Personalised Dog Memorial Gifts for Loss of Dog Cat Pet Memorial Gifts for Dog Lovers Loss of Dog Sympathy Gift Bereavement Gifts (Cat)	Pet Supplies:Dogs:Memorials & Funerary:Memorials & Tombstones
UK	B0CPVF627R	其他窗挂	其他元素	0	shop	9.99	32	952	FBA	AUAUY	AUAUY 2-Piece Diamond Painting Dreamcatcher &amp; Suncatcher, Double-Sided Point Drill Diamond Art Windchime with Feather Pendant for Home Decor	Home & Kitchen:Arts & Crafts:Mosaic Making:Diamond Painting Kits & Accessories:Diamond Painting Kits
UK	B0GCN68L4C	其他窗挂	其他元素	0	shop	5.19	17	144	FBA	Sorcristy	24 Pcs Anti Collision Windows Stickers Rainbow Clouds Window Decals to Prevent Bird Strikes Cloud Window Clings Strike Prevention for Home Decor Glass Suncatcher Sticker for Glass Doors Windows	Home & Kitchen:Home Accessories:Decorative Accessories:Stickers:Window Stickers
UK	B0D1G7NNB1	其他窗挂	其他元素	0	shop	11.29	10	815	FBA	DELORIGIN	2PCS Ornament Display Stand Metal Stand Hanger Silver Iron Bauble Hooks Hanging for Glass Ball Suncatchers Air Plant Terrarium Home Office Decoration Display	Home & Kitchen:Home Accessories:Decorative Accessories:Display Stands:Hanging Hook Stands
UK	B0GF1HY1B3	其他窗挂	猫+龙	0	shop	6.99	9	146	FBA	Wasise	Dragon Gifts for Women - Car Charm Hanging for Rear View Mirror, Dragon Car Accessories, Elegant Dragons Sun Catcher,Car Hanging Accessories,Fantasy Dragons Lover Ornament Suncatcher for Cars (GRAY)	Automotive:Car Accessories:Rearview Mirror Ornaments
UK	B0FWXGQ7J9	其他窗挂	其他元素	0	shop	3.99	8	223	NA	ALUNME	Bigfoot Squatchin' Through The Snow Suncatcher Christmas Ornament Funny Naughty Ugly Christmas Tree Ornaments Wooden Humor Gag Gift (squatching)	Home & Kitchen:Home Accessories:Seasonal Décor:Christmas:Tree Decorations:Figurine Ornaments
UK	B098NL7NNK	其他窗挂	万圣节	0	shop	7.99	5	1757	FBA	Klever Kits	Klever Kits Halloween Painting Kit, Create Your Own Magical Stickers and Suncatchers, Diamond Art for Kids, DIY Paint Arts Supplies, Craft Gift for Girls	Toys & Games:Arts & Crafts:Mosaic Kits
UK	B0H4GCFPKD	其他窗挂	其他元素	0	shop	4.19	2	14	FBA	Kemay	20pcs Bird Deterrent Window Stickers, Reflective Anti-Collision Suncatcher Decals to Stop Bird Strikes, Effective Pigeon and Seagull Repellent for Windows, Balconies and Gardens	Garden:Gardening:Plant Protection & Pest Control:Bird Control
UK	B0H1VNKXTN	其他窗挂	猫+花	0	shop	5.99	1	32	FBA	KIPTVO	12Pcs Daisy Suncatcher Window Stickers, Sun Catchers for Windows, Anti-Collision Flower Clings for Glass, Rainbow Prism Sun Catchers, Summer Decor, Reusable Decals to Deter Birds	Home & Kitchen:Home Accessories:Decorative Accessories:Stickers:Window Stickers
UK	B0GSVXMFXG	其他窗挂	猫	0	shop	11.06	0	7	FBA	Pinafresa	Dachshund Window Hanging Sun Catchers Indoor Outdoor Window Dachshund Dog Stain Glass Window Ornament 23CM	Home & Kitchen:Home Accessories:Decorative Accessories:Hanging Ornaments
UK	B0H3313ZHZ	其他窗挂	其他元素	0	shop	6.59	0	27	FBA	Geukmun	4PCS Window Stickers Rainbow Bird Strike Prevention Anti Collision Window Decals Static Clings for Glass Doors Suncatcher Window Film Reusable Privacy Decor	Home & Kitchen:Home Accessories:Decorative Accessories:Stickers:Window Stickers
UK	B0GWLL1T1K	其他窗挂	海/龟	0	shop	9.59	0	36	FBM	PH PandaHall	PH PandaHall Japanese Wind Chimes 41cm Clear Jellyfish Hanging Wind Bell Glass Ocean Animal Hanging Pendants Ornament Suncatcher Chime for Coastal Beach Home Garden Patio Indoor Outdoor Decor	Home & Kitchen:Home Accessories:Decorative Accessories:Hanging Ornaments
UK	B0H11222B4	其他窗挂	猫	0	shop	5.89	0	73	FBA	HongNuoEn	12pcs Double-Sided Window Stickers for Glass with Daisy Shiny Rainbow | Sun Catchers, Reusable, For Mirror Glass Display Shop Office School	Home & Kitchen:Home Accessories:Decorative Accessories:Stickers:Window Stickers
UK	B0GSFH3L68	其他窗挂	猫+蝴蝶	0	shop	7.29	0	85	FBM	DELORIGIN	Butterfly Glass Car Hanging Ornaments Urn Sun Catcher Car Rear View Mirror Accessories Keepsake Memories Urn Keychain with Wings and Hearts Pendant Charm for Human Pet Ashes	Automotive:Car Accessories:Rearview Mirror Ornaments
UK	B0GTPZ4QHG	其他窗挂	猫	0	shop	6.99	0	96	FBA	MAUDFEK	2 PCS Pink Dream Catcher, Star and Moon Hanging Decorations, Soft Pink Window Ornaments, Delicate Suncatchers for Bedroom or Living Space	Home & Kitchen:Home Accessories:Dream Catchers
UK	B0G13G73PF	其他窗挂	猫	0	shop	2.19	NULL	222	FBA	Hpmjz	Dog Angel Memorial Suncatcher Pet Sympathy Gifts for Loss of Dogs and Cats, Rainbow Bridge Dog Loss Gift Pet Memorial Ornament Life Tree	Pet Supplies:Dogs:Memorials & Funerary:Memorials & Tombstones
UK	B0F8NGXBQQ	其他窗挂	知更鸟	0	shop	15.99	0	428	NA	Joomouney	louuuouWindow suncatchers, robin ornaments, garden suncatchers, attractive and durable, suitable for hanging on windows, bedrooms, kitchens, gardens, parties, or	Home & Kitchen:Arts & Crafts:Sewing:Overlockers
UK	B00NMNLJX4	其他窗挂	其他元素	0	shop	15.28	0	3741	FBM	American Crafts	Colorbok Darice American Crafts QC47648T Suncatcher Kit	Toys & Games:Arts & Crafts:Craft Kits:Glass Art & Suncatchers
UK	B0GDCRZGJJ	噪声-珠串棱镜	其他元素	0	shop	6.99	2075	189	FBA	QBEJIME	Thank You Gifts For Women, Crystal Suncatcher, Thank You Gift, Thank You Teacher Gifts, Retirement Gifts, For Women Men Friends Colleagues Teacher Nurse Worker	Garden:Garden Décor:Garden Sculptures & Statues:Sun Catchers
UK	B0G1MS3NWK	噪声-珠串棱镜	蝴蝶	0	shop	5.92	1018	245	FBA	QBEJIME	Retirement Gifts For Women,Butterfly Crystal Suncatcher, Leaving Gifts For Women, Retirement Decorations Gift For Colleagues, Coworkers, Boss, Lady, Mum, Mum, Teacher, Grandma, Sister, Wife	Garden:Garden Décor:Garden Sculptures & Statues:Sun Catchers
UK	B0G6DDF4LW	噪声-珠串棱镜	其他元素	0	shop	5.93	965	214	FBA	QBEJIME	Gifts For Mum, Crystal Suncatcher, Mum Birthday Gifts From Daughters &amp; Sons, Mothers Day For Gifts, Presents For Mummy On Christmas, Valentine's Day, Mother's Day	Garden:Garden Décor:Garden Sculptures & Statues:Sun Catchers
UK	B0GJ548MNM	噪声-珠串棱镜	其他元素	0	shop	8.99	376	172	FBA	QBEJIME	70th Birthday Crystal Suncatcher, 70th Birthday Gifts For Women, Crystal Suncatcher, Gifts For 70 Year Old Woman, Present For Mum Auntie Grandma Wife Friends Teacher	Garden:Garden Décor:Garden Sculptures & Statues:Sun Catchers
UK	B0FT7P6DWM	噪声-珠串棱镜	猫	0	shop	9.99	265	294	FBM	EDSG	EDSG Personalised Rainbow Bridge Pet Loss Gifts, Pet Memorial Suncatcher Gifts, Crystal Suncatcher Rainbow Bridge, Sympathy Gift Memorial Bereavement Gifts for Dog Cat (Design 1)	Pet Supplies:Dogs:Memorials & Funerary:Memorials & Tombstones
UK	B0G4BW91C4	噪声-珠串棱镜	高地牛	0	shop	5.94	231	228	FBA	QBEJIME	Highland Cow Gifts For Women, Crystal Suncatcher, “Just A Girl Who Loves”Highland Cow Ornaments, Scottish Gifts, For Cows Lover Christmas Birthday Party Graduation	Garden:Garden Décor:Garden Sculptures & Statues:Sun Catchers
UK	B0F6355T21	噪声-珠串棱镜	其他元素	0	shop	6.69	148	403	FBA	PATIKIL	PATIKIL 1000pcs 4mm Bicone Glass Crystal Beads, Faceted Glass Spacer Beads with Box for Jewelry Making Bracelet Necklace Earrings DIY Suncatcher Craft, Green	Home & Kitchen:Arts & Crafts:Beading & Jewellery-Making:Beads & Bead Assortments
UK	B0GS9QCMNG	噪声-珠串棱镜	蝴蝶	0	shop	6.99	147	121	FBA	QBEJIME	Leaving Gifts For Colleagues Women, Butterfly Crystal Suncatcher, Retirement Gifts For Women, Sorry Your Leaving Gifts, For Friends, Boss, Doctor, Nurse, Teacher &amp; Coworkers, Goodbye Gift For Party	Garden:Garden Décor:Garden Sculptures & Statues:Sun Catchers
UK	B0F83WHRK2	噪声-珠串棱镜	猫+生命树	0	shop	4.99	119	433	FBA	Feibety	Crystal Sun Catchers for Windows,Tree of Life Tandem Natural Quartz Gemstone Pendant Rainbow Maker Suncatcher,Natural Chakra Healing Crystal Stone Spiritual Gifts for Women Garden Decoration	Garden:Garden Décor:Garden Sculptures & Statues:Sun Catchers
UK	B0G8XNXZRT	噪声-珠串棱镜	其他元素	0	shop	5.94	117	203	FBA	VLUNT	Birthday Gifts for Nana Box Blessing Card | Crystal Suncatcher Ornament Nana Gift Grandmother Window Hanging Nana Presents Ideal Gift on Mother's Day	Garden:Garden Décor:Garden Sculptures & Statues:Sun Catchers
UK	B0FMXG48N9	噪声-珠串棱镜	其他元素	0	shop	10.89	73	299	FBA	SOFPLATE	1 Box 120Pcs 10 Colors 14mm Crystal Glass Octagon Beads Colorful Suncatcher Beads 2 Hole Prism Chandelier Replacement Connector Faceted Spacers for DIY Lamp Hanging Pendant Jewellery Craft	Garden:Garden Décor:Garden Sculptures & Statues:Sun Catchers
UK	B0F1T9Y1B6	噪声-珠串棱镜	猫+生命树	0	shop	7.79	66	474	NA	JUSJUBR	Tree of Life Amethyst Sun Catchers – Natural Chakra Healing Crystal Window Decor, Spiritual Gift for Women &amp; Girls, Rainbow Maker with Quartz Gemstone Pendant, Unique Home &amp; Garden Ornamen	Baby Products:Nursery:Decoration:Window Decorations
UK	B0CNXG2FWX	噪声-珠串棱镜	其他元素	0	shop	9.99	53	921	FBA	AUAUY	AUAUY DIY Diamond Painting Wind Chime, 6 Pack 5D Diamond Painting Suncatcher, Double Sided Hanging Diamond Art Painting Ornaments with Crystal Pendant for Adults Art DIY Window Home Garden Decor	Home & Kitchen:Arts & Crafts:Mosaic Making:Diamond Painting Kits & Accessories:Diamond Painting Kits
UK	B0DDC77PXV	噪声-珠串棱镜	猫	1	shop	20.89	50	650	FBA	shirylzee	600pcs+ DIY Suncatcher Making Kits Crystal Sun Catcher Hanging Decor Arts and Crafts Supplies Set with Crystals Beads, Pendants, Charms, Hooks, Chains for Indoor Outdoor Home Wedding Garden Decor	Toys & Games:Arts & Crafts:Craft Kits:Glass Art & Suncatchers
UK	B0G5YSHCJ5	噪声-珠串棱镜	猫+生命树	0	shop	5.59	49	187	NA	Generic	Sun Catchers with Purple Crystal Tree of Life, Hanging Crystals for Windows for Home, Garden &amp; Car Décor, Rainbow Maker, Healing Gifts for Women, Birthday, Anniversary &amp; Housewarming Gifts	Garden:Garden Décor:Garden Sculptures & Statues:Sun Catchers
UK	B0FB9DBSXW	噪声-珠串棱镜	猫+蜜蜂	0	shop	4.99	49	383	FBA	Nurhore	Bee Crystal Sun Catcher for Windows, Sparkling Crystal Suncatchers for Garden, Hanging Garden Ornaments, Hanging Crystals Suncatcher for Windows, Porch, Coffee Shop &amp; Store Decor	Garden:Garden Décor:Garden Sculptures & Statues:Sun Catchers
UK	B0DJ78G97N	噪声-珠串棱镜	猫	0	shop	25.18	46	530	NA	HDCRYSTALGIFTS	HDCRYSTALGIFTS 7Pieces Rainbow Prisms Crystals Suncatcher for Window Hanging Chakra Sun Catcher with Crystals Home Indoor Outdoor Garden Christmas Day Party Wedding Decoration Gift | Chakra Sun Catcher with Crystals Home Indoor Outdoor Garden Christmas Day Party Wedding Decoration Gift	Garden:Garden Décor:Garden Sculptures & Statues:Sun Catchers
UK	B0F6372ZXB	噪声-珠串棱镜	其他元素	0	shop	6.59	43	402	FBA	PATIKIL	PATIKIL 1000pcs 4mm Bicone Glass Crystal Beads, Faceted Glass Spacer Beads for Jewelry Making Bracelet Necklace Earrings DIY Suncatcher Craft, Colorful	Home & Kitchen:Arts & Crafts:Beading & Jewellery-Making:Beads & Bead Assortments
UK	B0GDCN3D69	噪声-珠串棱镜	生命树	0	shop	6.42	42	174	FBA	SINJAETRQ	Green Heart Tree of Life Suncatcher, Handmade Healing Crystal Gemstone Glass Suncatcher for Home Garden Window Wall Decoration Gifts for Women Men Friends Mom Holidays	Home & Kitchen:Home Accessories:Decorative Accessories:Hanging Ornaments
UK	B0F7QWQPGB	噪声-珠串棱镜	猫	0	shop	7.88	40	411	FBA	YDAKGUEY	Sun Catchers for Windows, 17 Inch Crystal Rainbow Suncatcher Wind Spinner with Gazing Ball Spiral Tail, Indoor Outdoor Garden Hanging Decoration Gifts	Garden:Garden Décor:Garden Sculptures & Statues:Sun Catchers
UK	B0D1G48R29	噪声-珠串棱镜	猫	0	shop	7.29	37	806	FBA	DELORIGIN	Evil Eye Car Hanging Ornament Heart Evil Eye Rear View Mirror Accessories Charm Lanyards Beaded Car Decor Hanging Sun Catcher Pendent Decoration for Window Home Door Frame Balcony	Automotive:Car Accessories:Rearview Mirror Ornaments
UK	B0FCM57V5H	噪声-珠串棱镜	蝴蝶	0	shop	7.99	35	361	FBA	Eidolyss	Auntie Gifts, Birthday Gifts for Auntie, for Auntie, Best Auntie gifts from Niece Nephew, Auntie, Butterfly Crystal Suncatcher Hanging Ornament Decoration	Home & Kitchen:Home Accessories:Decorative Accessories:Hanging Ornaments
UK	B0F4CRQXT7	噪声-珠串棱镜	其他元素	0	shop	7.68	34	432	FBA	MBAIYO	20-Pack Swivel Hooks Clips, 360 Degree Wind Spinners Swivel Hooks Clips for Hanging Wind Spinners Wind Chime Parts Crystal Twisters Garden Bells Party Supply Suncatcher Supplies	Garden:Garden Décor:Outdoor Hanging Brackets
UK	B0G524NF9T	噪声-珠串棱镜	其他元素	0	shop	3.59	33	203	FBA	PLUSHCEWT	PLUSHCEWT New Home Gifts House Warming Gifts,Elegant Heart Crystal Suncatcher, Thoughtful Present for New Homeowners, Couples, Families,Unique Housewarming Gift Idea for Garden, Window Decor	Garden:Garden Décor:Garden Sculptures & Statues:Sun Catchers
UK	B0FMNKGD3L	噪声-珠串棱镜	蝴蝶	0	shop	5.82	29	297	NA	Eidolyss	Auntie Gifts, Birthday Gifts for Auntie, for Auntie, Best Auntie gifts from Niece Nephew, Auntie, Butterfly Crystal Suncatcher Hanging Ornament Decoration	Home & Kitchen:Home Accessories:Decorative Accessories:Hanging Ornaments
UK	B0GK6BNZNX	噪声-珠串棱镜	其他元素	0	shop	11.99	25	135	FBA	M METERXITY	M METERXITY 20-Pack Crystals Prisms Glass Tip Beads, 75mm Replacement Chandelier Teardrop Icicle Drops Hanging Pendants for Lamp/DIY Decoration, Octagonal Crystal Suncatcher [Dreamy Pink]	Garden:Garden Décor:Garden Sculptures & Statues:Sun Catchers
UK	B0GCRW849K	噪声-珠串棱镜	猫+生命树	0	shop	4.99	24	192	FBA	Autotide	Chakra Crystal Tree of Life Sun Catcher Hanging Ornament, 7 Chakra Natural Gemstone Rainbow Suncatcher for Window Wall Garden, Handmade Spiritual Home Décor Gift for Women Men	Home & Kitchen:Home Accessories:Decorative Accessories:Hanging Ornaments
UK	B0GK677TXD	噪声-珠串棱镜	其他元素	0	shop	11.99	22	137	FBA	M METERXITY	M METERXITY 20-Pack Crystals Prisms Glass Tip Beads, 75mm Replacement Chandelier Teardrop Icicle Drops Hanging Pendant for Lamp/Garden/DIY Decoration, Octagonal Crystal Suncatcher [Clear]	Garden:Garden Décor:Garden Sculptures & Statues:Sun Catchers
UK	B0GFMZ7HKX	噪声-珠串棱镜	高地牛	0	shop	5.09	20	175	FBA	Aurvivia	Highland Cow Gifts for Women, &quot;Just A Girl Who Loves Highland Cow&quot;Crystal Suncatcher Ornaments with Greeting Card,Scottish Gifts for Mum,Wife,Sister,Cows Lovers– Birthday Graduation Christmas	Garden:Garden Décor:Garden Sculptures & Statues:Sun Catchers
UK	B0BW5PNDLF	噪声-珠串棱镜	猫+生命树	0	shop	5.63	15	1231	FBA	sdhiiolp	Glass Suncatcher, Rainbow Maker Crystal Tree of Life Suncatcher, Light Catchers for Windows, Hanging Ornament Indoor Window, Crystal Sun Catcher for Window Garden Car Decor	Garden:Garden Décor:Garden Sculptures & Statues:Sun Catchers
UK	B0G8Z6M747	噪声-珠串棱镜	猫	0	shop	5.99	14	184	FBA	Zidoley	Sun Catcher Hanging Crystal, Celestial Suncatchers, Rainbow Light Crystal for Window, Hanging Decorative Home Ornament for Bedroom, Living Room, Garden, Patio, Balcony, Gift Idea for Women (Sun)	Garden:Garden Décor:Garden Sculptures & Statues:Sun Catchers
UK	B0FNQP8P1B	噪声-珠串棱镜	猫	0	shop	19.00	14	274	FBM	SOFPLATE	220Pcs DIY Suncatchers Kit Suncatcher Making Kit Colorful Hanging Crystal Wind Chime Prism Art Craft with Hook Hanger Chain Rainbow Maker Sun Catcher for Indoor Garden Decor Wedding Home	Garden:Garden Décor:Garden Sculptures & Statues:Sun Catchers
UK	B0FDL33DXM	噪声-珠串棱镜	其他元素	0	shop	6.19	13	363	FBA	Bremorou	100 Pcs Large Crystal Beads,Glass Beads for Bracelet Making,Crystal Rondelle Glass Bead for Suncatchers,Large Round Faceted Bead Bulk for Necklace Bracelet Earring (Ab Color,8/10mm)	Home & Kitchen:Arts & Crafts:Beading & Jewellery-Making:Beads & Bead Assortments
UK	B0F5MK43D2	噪声-珠串棱镜	猫+蝴蝶	0	shop	4.59	10	407	FBA	Hsrag	Crystal Ornaments, Crystal Suncatchers for Windows, Sun catchers, Butterflies Hanging Ornaments, Butterfly Gifts, Hanging Decorations for Home	Garden:Garden Décor:Garden Sculptures & Statues:Sun Catchers
UK	B0G9JY1VJJ	噪声-珠串棱镜	猫	0	shop	6.66	9	172	FBA	DISRIC	Memorial Gifts for Loss of Dog,Pet Memorial Suncatcher,Rainbow Bridge Pendant,Dog Crystal Suncatcher Sun Catchers for Windows with Heart Prism Paw Pattern,Pet Sympathy Gifts for Garden Hanging	Garden:Garden Décor:Garden Sculptures & Statues:Sun Catchers
UK	B0FZFTX4NX	噪声-珠串棱镜	其他元素	0	shop	7.88	9	250	FBA	Wrbugukeji	12 Pcs Crystal Ball Prism, 30mm K9 Clear Crystal Ball Prism with Nylon Thread, Hanging Crystals Prisms for Windows Feng Shui Suncatcher Wedding Home	Toys & Games:Novelty & Gag Toys:Prisms
UK	B0CV113GXZ	噪声-珠串棱镜	猫+龙+蝴蝶	0	shop	10.49	9	870	FBA	SUNNYCLUE	SUNNYCLUE 1 Box DIY 5 Sets Garden Suncatchers Rainbow Maker Suncatcher Prism Glass Crystal Beads Colorful Sun Catchers Making Kit Filigree Metal Butterfly Dragonfly Linking Charms for Window Door	Garden:Garden Décor:Garden Sculptures & Statues:Sun Catchers
UK	B0G1MQGXGN	噪声-珠串棱镜	生命树	0	shop	8.41	8	230	FBA	REKUA	Tree of Life Amethyst Hanging Ornament with Gift Box, Natural Crystals Display Suncatcher for Windows, Unique Spiritual Gifts for Women and Crystal Gifts Home Decor, Crystal Tree and Suncatcher	Health & Personal Care:Medication & Treatments:Alternative Medicine:Healing Crystals
UK	B0G3QKPQTX	噪声-珠串棱镜	猫	0	shop	10.49	7	168	FBA	YELARXI	Crystal Ball Prisms, Sun Catcher Hanging Prism Sun Catcher Pendant 24mm / 0.94Inch &amp; 10 Pack &amp; Violet-Fitting for (Outdoor/Indoor/Windows/DIY Decor/Feng Shui/Chandelier)	Garden:Garden Décor:Garden Sculptures & Statues:Sun Catchers
UK	B0G2XMVXT8	噪声-珠串棱镜	海/龟	0	shop	6.99	7	238	FBA	Comforso	Sea Turtle Suncatcher Diamond Painting Kit,9.45x6.3 Inch Crystal Rhinestones Turtle Pattern Diamond Art for Adults,DIY Art Diamond Dots Ornament Kits,Hanging Window Pendant for Home Wall Garden Decor	Home & Kitchen:Arts & Crafts:Mosaic Making:Diamond Painting Kits & Accessories:Diamond Painting Kits
UK	B0FX98BWQ4	噪声-珠串棱镜	蝴蝶	0	shop	5.99	5	229	FBA	XIANJIA	Friendship Gifts for Women, Crystal Suncatcher, Crystal Butterfly Suncatcher for Bestie,Friendship Gifts for Women, Butterfly Suncatchers Friendship Presents to Mybestie Wedding Anniversary Graduation	Garden:Garden Décor:Garden Sculptures & Statues:Sun Catchers
UK	B0D5CFQ1GH	噪声-珠串棱镜	猫	0	shop	10.29	5	756	FBA	SUNNYCLUE	SUNNYCLUE 1 Box DIY 5 Sets Star Moon Sun Catchers Kit Hanging Sun Catcher Rainbow Catcher Window Hanging Prism Suncatcher Glass Crystal Suncatchers for Windows Indoor Outdoor Home Garden Decor	Garden:Garden Décor:Garden Sculptures & Statues:Sun Catchers
UK	B0H1VYRMPQ	噪声-珠串棱镜	猫	0	shop	5.39	4	19	FBA	molicorl	Crystal Suncatcher, Hanging Glass Prism Sun Catcher for Windows, Decorative Light Catcher Ornament for Adult Home, Bedroom, Patio and Garden Display, Indoor Outdoor Décor	Garden:Garden Décor:Garden Sculptures & Statues:Sun Catchers
UK	B0H2M4QYSS	噪声-珠串棱镜	猫+花	0	shop	5.49	3	16	FBA	SULIKJHUI	Crystal Sun Catchers for Windows, Flower Sun Catcher Pendant, Suns Catchers for Windows Hanging Decor, Multicolor Rainbow Light Refractor for Home &amp; Garden	Garden:Garden Décor:Garden Sculptures & Statues:Sun Catchers
UK	B0GYCYFLNH	噪声-珠串棱镜	生命树	0	shop	7.29	3	54	FBA	Trispityor	Crystal Suncatcher Tree of Life, Elegant Purple Suncatchers for Windows, Hanging Crystals for Windows Garden Hanging Ornaments, Natural Chakra Healing Crystal Gifts for Women Girls	Garden:Garden Décor:Garden Sculptures & Statues:Sun Catchers
UK	B0GXK6KFDG	噪声-珠串棱镜	其他元素	0	shop	3.82	3	77	FBA	OYIWINMI	Thank You Gifts For Women,Best Teacher Gifts, Crystal Suncatcher, Thank You Teacher Gifts, Personalised Gifts For Teacher Birthday Christmas Retirement Leaving Gifts For Colleagues Women	Garden:Garden Décor:Garden Sculptures & Statues:Sun Catchers
UK	B0GVMC4H6J	噪声-珠串棱镜	猫	0	shop	8.99	3	109	FBA	TranRantic	Crystal Suncatcher for Windows, Hanging Rainbow Prism Sun Catcher, Living Room Window Decor, Gift for Women Girls	Garden:Garden Décor:Garden Sculptures & Statues:Sun Catchers
UK	B0G19JH49B	噪声-珠串棱镜	猫	0	shop	9.99	3	235	FBA	Wasise	Plant Gifts - 2 PCS Crystal Plant Trellis with Metal Stand, Gold Sun and Moon Crystal Sun Catcher, Sun Catcher Potted Plants Accessories, Mini Potted Plants Decorations, Plants Lover Gifts	Garden:Gardening:Raised Beds & Support Structures:Trellises
UK	B0DX22BZKH	噪声-珠串棱镜	其他元素	0	shop	6.59	3	454	FBA	DELORIGIN	Cross Hanging Car Mirror Ornament Black Glass Crystal Bead Charm Suncatcher Car Mirror Pendant Accessories Good Luck Keychain for Bag Window Car Mirror Door Garden Balcony Home Decor	Fashion:Women:Jewellery:Pendants & Coins:Pendants
UK	B0H1WV5QVF	噪声-珠串棱镜	其他元素	0	shop	7.99	2	16	FBA	M METERXITY	M METERXITY 1 Pack Colorful Garden Suncatchers with Chain Pendant Ornament, Hanging Crystals for Windows, Heart Glass Suncatcher for Indoor and Outdoor Decoration [Multicolored]	Garden:Garden Décor:Garden Sculptures & Statues:Sun Catchers
UK	B0GZVG2T3Z	噪声-珠串棱镜	猫+蝴蝶	0	shop	5.49	2	37	FBA	Elmsley	Nana Birthday Gifts, nana gifts, Window Hanging Sun Catcher Ornament Grandma, Crystal Butterfly Suncatcher, for Grandma, Grammy | Birthday, Mother's Day, Christmas &amp; Retirement Gift	Baby Products:Nursery:Decoration:Window Decorations
UK	B0GXHDS9BX	噪声-珠串棱镜	其他元素	0	shop	11.99	2	39	FBA	Hoypeyfiy	Hoypeyfiy 3PCS Crystal Suncatcher Set, K9 Crystal Rainbow Maker Pendant, Decorative Hanging Ornaments for Windows, Gardens, and Indoor Spaces	Garden:Garden Décor:Garden Sculptures & Statues:Sun Catchers
UK	B0H2P5KZSY	噪声-珠串棱镜	猫	0	both	9.99	2	55	FBA	ZYUQFAN	Crystal Sun Catcher Plant Hanger with Beads and Glass, Gold Beaded Plant Hanger for Indoor Plants, Rainbow Sun Catchers for Garden, Balcony, Office (Heart)	Garden:Garden Tools & Watering Equipment:Plant Containers & Accessories:Hanging Planters & Baskets
UK	B0GFTZDGXY	噪声-珠串棱镜	猫+生命树	0	shop	5.58	2	173	FBA	Mtbricey	Crystal Suncatcher Tree of Life Hanging Crystal Prism Colors Beads Pendant Window Decor Sun Catcher Rainbow for Garden Decoration Healing Crystal Stone Spiritual Gifts for Women Green	Garden:Garden Décor:Garden Sculptures & Statues:Sun Catchers
UK	B0F4X454ST	噪声-珠串棱镜	猫+生命树	0	shop	4.99	2	435	FBA	YDAKGUEY	Crystal Sun Catchers for Windows, Tree of Life Amethyst Sun Catchers | Tree of Life Hanging Ornament Natural Quartz Gemstone Pendant, Rainbow Maker Chakra Healing Crystal Stone for Home Garden	Garden:Garden Décor:Garden Sculptures & Statues:Sun Catchers
UK	B0H3VKMGWF	噪声-珠串棱镜	蝴蝶	0	shop	4.99	1	19	FBA	aieieii	1PCS for Women, Friendship Gifts for Women Butterfly Crystal Suncatcher, Bestfriend Birthday Gift For Christmas, Anniversary Graduation For Bestie Friends	Garden:Garden Décor:Garden Sculptures & Statues:Sun Catchers
UK	B0H49H946C	噪声-珠串棱镜	猫	0	shop	4.89	1	24	FBA	Rndqw	Sister Gifts, Sister Birthday Gifts, Crystal Suncatcher, Heart-Shaped Sun Catcher Crystals for Women Birthday Christmas Graduation Anniversaries Gift and Car Mirror Window Charm	Garden:Garden Décor:Garden Sculptures & Statues:Sun Catchers
UK	B0GZGKJ26Y	噪声-珠串棱镜	猫	0	shop	6.59	1	52	FBA	ShunJian	Personalised Pet Memorial Suncatcher Kit, Elegant Crystal Suncatcher Sympathy Gift, Bereavement Memorial Plaque for Dog &amp; Cat Loss, Hanging Crystal Sun Catcher for Window, Versatile Memorial Display	Pet Supplies:Dogs:Memorials & Funerary:Memorials & Tombstones
UK	B0G5GDBPWW	噪声-珠串棱镜	其他元素	0	shop	3.79	1	205	FBA	SINJAETRQ	Friendship Gifts for Women, Crystal Suncatcher Heart Ornament - Best Friend Birthday Gifts, Graduation, Special Friend Moving Away Gift, Thinking of You, Hanging Decor for Window Car, Christmas	Garden:Garden Décor:Garden Sculptures & Statues:Sun Catchers
UK	B0DHC9PZPH	噪声-珠串棱镜	其他元素	0	shop	8.98	1	613	FBA	KAISELINNA	12 Pcs Christmas Balls Christmas Tree Crystal Ball Ornaments Rainbow Crystal Suncatcher Window Decorations Glass Hanging Pendant for Xmas Party Wedding Home Decor	Home & Kitchen:Home Accessories:Seasonal Décor:Christmas:Tree Decorations:Baubles
UK	B0H8D1T7JF	噪声-珠串棱镜	猫+海/龟	0	shop	8.01	0	6	FBM	Generic	Ocean-Themed Crystal Wind Chime–Bring the Ocean Glow to Your Garden,Sea Turtle Whale Dolphin Hanging Sun catcher with Prism Drops,Coastal Beach Garden Decor for Patio, Porch, Balcony,Window,Backyard	Garden:Garden Décor:Chimes
UK	B0FYPX4R38	噪声-珠串棱镜	猫	0	shop	4.69	0	6	FBA	DICOSMETIC	DICOSMETIC 2Pcs Sun Catcher Car Accessories Crystal Hanging Car Charm 7.2-7.4 Inch Rear View Mirror Accessories Gemstone Pendant Rearview Mirror Hanging for Women Men	Automotive:Car Accessories:Rearview Mirror Ornaments
UK	B0H4TYNCBJ	噪声-珠串棱镜	其他元素	0	shop	6.99	0	7	FBA	M METERXITY	M METERXITY 5-Pack Colorful Garden Suncatchers, 1 Inch Crystal Hanging Crystals for Windows, Moon Glass Suncatcher for Indoor and Outdoor Decoration [Pale Green]	Garden:Garden Décor:Garden Sculptures & Statues:Sun Catchers
UK	B0FVFX3XJ9	噪声-珠串棱镜	其他元素	0	shop	5.99	0	8	FBA	MBAIYO	300Pcs Stainless Steel Split Rings Connectors, Mini S-Shaped Hooks | Stainless Steel Small Accessory Hooks Crystal Bead Curtain Hook for Chandelier Suncatchers Christmas Ornaments	DIY & Tools:Hardware:Hooks:S-Hooks
UK	B0GT5FZK3P	噪声-珠串棱镜	其他元素	0	shop	7.49	0	11	FBA	M METERXITY	M METERXITY 4-Pack Crystal Pear Shaped Prisms, 38mm/1.5 Inch Chandelier Pendant Maker Hanging Crystals Chandelier Prisms for Home/Windows/Garden/DIY Decoration[Golden Champagne]	Garden:Garden Décor:Garden Sculptures & Statues:Sun Catchers
UK	B0H3KSQKSD	噪声-珠串棱镜	猫+花	0	shop	8.99	0	16	FBA	TUYOBG	2 Pcs Lotus Flower Sun Catcher Gold Crystal Window Hanging Decoration | Gold lotus sun catcher set with brass flower design and crystal prisms for window, garden, balcony or room decoration	Garden:Garden Décor:Garden Sculptures & Statues:Sun Catchers
UK	B0H2HMRGN4	噪声-珠串棱镜	蝴蝶	0	shop	7.99	0	19	FBA	Msjuwek	Friendship Gifts for Women Best Friend Birthday Gifts, Crystal Suncatcher with Gift Box, Butterfly Ornament Meaningful Presents for Bestie on Anniversary Christmas Thanksgiving	Garden:Garden Décor:Garden Sculptures & Statues:Sun Catchers
UK	B0H3TW2XLV	噪声-珠串棱镜	猫	0	shop	5.19	0	21	FBA	yishunshunkuai	Cat Memorial Suncatcher Moon Shaped Stained Glass Rainbow | Catches sunlight prismatic, Thoughtful pet loss gift, Ready to hang, Fade-resistant materials, Compact home decor	Garden:Garden Décor:Garden Sculptures & Statues:Sun Catchers
UK	B0GZYFKVQY	噪声-珠串棱镜	其他元素	0	shop	6.99	0	24	FBA	CutitiUU	Sun and Moon Crystal Wind Chime Suncatcher,Crystal Suncatcher,Colorful Hanging Suncatcher with Octagonal Beads and Chain,Sun And Moon Hanging Crystals For Windows,Rainbow Maker (A)	Garden:Garden Décor:Garden Sculptures & Statues:Sun Catchers
UK	B0H1R1YK5H	噪声-珠串棱镜	生命树	0	shop	6.99	0	26	FBA	iohsxae	Crystal Suncatcher Tree of Life Hanging Ornament - 7 Chakra Rainbow Natural Stone Prism Pendant - Handmade Wire Wrapped Gemstone Wind Chimes for Window Home Garden Meditation Decor Gift for Women	Home & Kitchen:Home Accessories:Decorative Accessories:Hanging Ornaments
UK	B0H2DG6CLQ	噪声-珠串棱镜	猫+生命树	0	shop	7.59	0	33	FBA	Kemay	Tree of Life Crystal Window Decoration, 7-Colour Chakra Stone Hanging Crystal Sun Catcher, Spiritual Gift for Women, Garden Decorative Window Hanging	Garden:Garden Décor:Garden Sculptures & Statues:Sun Catchers
UK	B0H26SN5N7	噪声-珠串棱镜	其他元素	0	shop	8.99	0	34	FBA	M METERXITY	M METERXITY 100 Pack Hook Chandelier Crystal Hooks, 1.18 x 0.35 Inch Connector Clips Pins for Fasten Connecting Crystal, Suncatcher, Chandelier, Ceiling Light Parts [304 Stainless Steel]	Lighting:Indoor Lighting:Ceiling Lighting:Chandeliers
UK	B0H2VSLS8F	噪声-珠串棱镜	猫	0	shop	9.69	0	34	FBA	Comforso	Sun Catcher &amp; Sun Catchers for Windows, 2 Pcs 3D Spiral Crystal Sun Catcher, Creates Rainbow Light, Gold &amp; Silver Gazing Ball with Stainless Steel for Garden Indoor Outdoor Decor	Garden:Garden Décor:Garden Sculptures & Statues:Sun Catchers
UK	B0H2M82V9D	噪声-珠串棱镜	其他元素	0	shop	3.69	0	39	FBA	CavspkArt	Diamond Painting Kits for Kids Ages 6-12, Arts and Crafts for Girls Boys 8-10 Year Old, 3PCS DIY Diamond Art Suncatcher Wind Chime Kit, Crystal Pendant Craft Toy for Window Garden Home Decor	Toys & Games:Arts & Crafts:Mosaic Kits
UK	B0GWGZNR6L	噪声-珠串棱镜	蜜蜂	0	shop	18.99	0	47	FBA	Hoypeyfiy	Hoypeyfiy 3 Pack Crystal Honeycomb Bee Suncatchers, Decorative Prisms for Garden and Window, Unique Gifts for Bee Lovers and Nature Enthusiasts	Garden:Garden Décor:Garden Sculptures & Statues:Sun Catchers
UK	B0GWM4QCJM	噪声-珠串棱镜	其他元素	0	shop	7.99	0	48	FBA	MIFKLMV	70th Birthday Gifts for Women Crystal Suncatcher Happy 70th Birthday Ideas Heart Rainbow Maker Keepsake Present For Mum Auntie Grandma Wife Friends Teacher	Garden:Garden Décor:Garden Sculptures & Statues:Sun Catchers
UK	B0H2HHFLC7	噪声-珠串棱镜	其他元素	0	shop	10.99	0	56	FBA	Esoes	Esoes Suncatcher Crystal Wind Chime 12.2inch(31cm) Spiral Tail Spinner with Glass Ball Hanging Wind Chimes Outdoor &amp; Indoor Rainbow Maker for Garden Yard Patio Window Decor	Garden:Garden Décor:Chimes
UK	B0GXW8Y89V	噪声-珠串棱镜	猫+花	0	shop	13.69	0	68	FBM	Monwssoe	Green Beads, Green Glass Beaded Plant Kit, 2872pcs Beads for Making Plants with Floral Wire &amp; Artificial Moss, DIY Craft Set for Home Decor &amp; Sun Catchers	Home & Kitchen:Arts & Crafts:Beading & Jewellery-Making:Beading Kits
UK	B0GG9VJV33	噪声-珠串棱镜	猫	0	shop	16.19	0	77	FBA	SOFPLATE	1 Box Crystal Suncatchers for Windows Green Plant Sun Catchers with Chain Artificial Glass Leaf Beads Hanging Prisms Rainbow Makers for Indoor Outside Garden Wedding Party Decoration Gift	Garden:Garden Décor:Garden Sculptures & Statues:Sun Catchers
UK	B0GXDGHWJX	噪声-珠串棱镜	蝴蝶	0	shop	6.49	0	82	FBA	Cosiesnest	Birthday Gifts for Nana, Elegant Butterfly Crystal Suncatcher with Card - Thoughtful Gift for Mum, Nana, Grandma, Birthday, Mother's Day, Valentines, Window Hanging Ornament (Mom)	Garden:Garden Décor:Garden Sculptures & Statues:Sun Catchers
UK	B0GW1ZV8J3	噪声-珠串棱镜	其他元素	0	shop	3.99	0	83	FBA	Mitibet	Thank You Teacher Gifts for Women, Crystal Suncatcher Heart Ornament, Christmas Mentor Retirement Appreciation Gift, Best Teacher Assistant TA Present (Suncatcher)	Garden:Garden Décor:Garden Sculptures & Statues:Sun Catchers
UK	B0GVG1SYQ6	噪声-珠串棱镜	猫+蜜蜂	0	shop	5.99	0	93	FBA	Autotide	Crystal Bee Suncatcher for Windows, Colorful Rhinestones Sun Catcher Hanging Ornament, Rainbow Maker Crystal Suncatcher for Garden Home Decor, Bee Gifts for Women, Hanging Garden Ornaments	Garden:Garden Décor:Garden Sculptures & Statues:Sun Catchers
UK	B0GT4FK2YD	噪声-珠串棱镜	蝴蝶	0	shop	5.29	0	95	NA	JRTEAY	60th Birthday Gifts for Women, Unique Butterfly Crystal Suncatcher, Happy 60 Year Old Presents for Women Friends Female, Special 1966 Gifts for Bestie	Garden:Garden Décor:Garden Sculptures & Statues:Sun Catchers
UK	B0G3TSBQ83	噪声-珠串棱镜	猫	0	shop	15.59	0	147	FBM	NBEADS	NBEADS Dog Memorial Gifts, Heart-Shaped Crystal Suncatcher with Sympathy Card &amp; Memorial Bracelet for Cat or Dog Pet Remembrance and Bereavement Indows Hanging Decor, Platinum Heart	Pet Supplies:Dogs:Memorials & Funerary:Memorials & Tombstones
UK	B0FZV27CCF	噪声-珠串棱镜	蝴蝶	0	shop	5.99	0	197	FBA	ZappelStift	60th Birthday Gifts for Women, Unique Butterfly Crystal Suncatcher 1965 Gift for Her，Butterfly Crystal Suncatcher Gift for Her, Inspirational 60 Year Old Keepsake	Garden:Garden Décor:Garden Sculptures & Statues:Sun Catchers
UK	B0FNR6TV1K	噪声-珠串棱镜	其他元素	0	shop	9.99	0	244	NA	Tantanbear	12PCS 22mm Christmas Crystal Ball Ornaments Rainbow Prism Glass Balls for Xmas Tree Hanging Decorations Suncatcher for Wedding and Party Festive Home Decor	Home & Kitchen:Home Accessories:Seasonal Décor:Christmas:Tree Decorations:Baubles
UK	B0FL2GX9Z7	噪声-珠串棱镜	其他元素	0	shop	9.59	0	277	FBA	Aurvivia	12Pcs 20mm Christmas Tree Crystal Ball Ornaments,Rainbow Prism Clear Crystal Glass Baubles,Christmas Tree Decorations Multicolor Hanging Suncatcher Baubles for Xmas Party Wedding Home Decor	Home & Kitchen:Home Accessories:Seasonal Décor:Christmas:Tree Decorations:Baubles
UK	B0FMK2BM4L	噪声-珠串棱镜	其他元素	0	shop	8.99	0	297	FBA	KIKAWORD	24pcs 22mm Christmas Tree Crystal Balls Ornaments,Rainbow Suncatcher,Christmas Prism Crystal Glass Balls,xmas Tree Decorations	Home & Kitchen:Home Accessories:Seasonal Décor:Christmas:Tree Decorations:Baubles
UK	B0FJS7P96S	噪声-珠串棱镜	其他元素	0	shop	9.79	0	322	FBM	DELORIGIN	Sympathy Gifts for Loss of Loved One, Memorial Crystal Balls Suncatcher Ornament Prism Paw Print Hanging Rainbow Maker Condolence Gifts for Loss of Mom Dad Dog Bereavement Miscarriage	Garden:Garden Décor:Garden Sculptures & Statues:Sun Catchers
UK	B0F8B3F69S	噪声-珠串棱镜	其他元素	0	shop	7.45	0	400	FBA	Vexran	Gifts for Women607080Th Birthday Gifts for WomenCrystalsGarden Decor	Garden:Garden Décor:Garden Sculptures & Statues:Sun Catchers
UK	B0F2H64DHV	噪声-珠串棱镜	猫	0	shop	6.79	0	435	FBA	Naapesi	Wind Chimesm,Colorful Wind Chime,Sun Catchers with Crystals Rainbow Maker,Hanging Wind Chimes Outdoor Decorations Wind Chime Gift for Woman Valentine Birthday Gift Window Decoration.	Garden:Garden Décor:Chimes
UK	B0BX5Y6D8Z	噪声-珠串棱镜	其他元素	0	shop	8.69	0	1078	FBA	Tbest	Clear Cut Crystal Glass Ball - Maze Crystal - 1Pc Prisms Home Hotel Decor - 60Mm/2.36Inch	Garden:Garden Décor:Garden Sculptures & Statues:Sun Catchers
UK	B0G42J9TVV	噪声-珠串棱镜	猫	0	shop	9.99	0	NULL	FBA	YELARXI	Crystal Ball Prisms, Sun Catcher Hanging Prism Sun Catcher Pendant 33mm / 1.3Inch &amp; 10 Pack &amp; Champagne-Fitting for (Outdoor/Indoor/Windows/DIY Decor/Feng Shui/Chandelier)	Garden:Garden Décor:Garden Sculptures & Statues:Sun Catchers
UK	B0G343MSK1	平板亚克力	蝴蝶	0	shop	5.66	244	230	FBA	Yootiko	Birthday Gifts for Nanny Acrylic Crystal Suncatcher Nan Presents Ornament | Gifts for Nanny Nan Gran Granny on Christmas Mothers Day Birthday Grandmother Presents from Grandchildren Butterfly Design	Home & Kitchen:Home Accessories:Decorative Accessories:Hanging Ornaments
UK	B0F1F79MVX	平板亚克力	猫	0	shop	6.98	118	460	FBA	Onperpoe	Onperpoe Hot Air Balloon Solar Garden Light Decoration Sun Catcher Hanging Acrylic Solar-Powered Multicolor Outdoor Garden Lights Decor for Outside Window Home	Garden:Garden Décor:Garden Sculptures & Statues:Sun Catchers
UK	B0FSCNN434	平板亚克力	猫+万圣节	0	shop	5.99	94	270	FBA	REKUA	Cute Acrylic Ghost Plant Suncatcher, Outdoor Hanging Ornaments Sun Catchers for Garden, Creative Pendant Style Home Decor, Ghost Design Window Decorations Flat Wall Art Decoration (A)	Garden:Garden Décor:Garden Sculptures & Statues:Sun Catchers
UK	B0G6T541DT	平板亚克力	猫+知更鸟	0	shop	5.49	76	197	FBA	KRENIE	Robin Suncatcher Hanging Ornament for Windows – Colorful Acrylic Bird Sun Catcher 20x20cm – Hanging Garden Decoration for Home Decor – Perfect Light Catching Robin Gifts for Bird Enthusiasts	Garden:Garden Décor:Garden Sculptures & Statues:Sun Catchers
UK	B0F98TX2G1	平板亚克力	猫+花	0	shop	14.99	73	351	FBA	Bimkole	Bimkole Flower Stained Glass Suncatcher Window Hanging - Leaves Design for Indoor Window or Doorway Decoration - Sun Catcher Decor for Birthday for Women, Men, Wife, Lovers, and Mom 20x20 cm	Garden:Garden Décor:Garden Sculptures & Statues:Sun Catchers
UK	B0FPMDRRPK	平板亚克力	猫+花	0	shop	14.99	70	246	FBA	Bimkole	Bimkole Flower Stained Glass Suncatcher Window Hanging - Petals Indoor Window or Doorway Decoration - Handmade Sun Catcher Decor for Garden Home Christmas &amp; Birthday Gifts 7.87x7.87 inch	Garden:Garden Décor:Garden Sculptures & Statues:Sun Catchers
UK	B0GK25V8YV	平板亚克力	猫+高地牛+蝴蝶	0	shop	5.98	66	140	FBA	Copbopwn	Highland Cow Butterfly Suncatcher Stained Glass Style Acrylic Window Hanging Highland Cows Ornaments Farm Animal Sun Catchers Ornament for Home Window Garden Farmhouse Decor Gifts for Cow Lovers	Garden:Garden Décor:Garden Sculptures & Statues:Sun Catchers
UK	B0FV86YHW6	平板亚克力	猫+知更鸟	0	shop	4.99	62	250	FBA	hayrayo	Large Robin Bird Pendant,Acrylic Hanging Garden Suncatcher Robin On Branch,Acrylic Birds Handmade Stained Glass Sun Catchers,hanging garden ornaments,Hanging Decoration for Windows, Garden(20cm)	Garden:Garden Décor:Garden Sculptures & Statues:Sun Catchers
UK	B0GBWKVXNV	平板亚克力	猫+狐狸	0	shop	6.99	46	130	FBA	Wasise	Fox Ornament - Fox Gifts for Women, Acrylic Sun Catcher, Stained Glass Window Hanging, Dream Catcher, Wall Hanging Ornament, Light Catchers for Windows Home Car Decor, Unique Animal Lovers Gift (A)	Garden:Garden Décor:Garden Sculptures & Statues:Sun Catchers
UK	B0FB8QVSSC	平板亚克力	蝴蝶	0	shop	9.49	44	376	FBA	Yimomoyi	Grandma Gifts with Card, Butterfly Acrylic Crystal Suncatcher Grandma Birthday Gifts, Ideal Mothers Day, Birthday, Thanksgiving Day Wind Chime Presents for Grandma, Grandmother Presents (Grandma)	Home & Kitchen:Home Accessories:Signs & Plaques
UK	B0GCRWQJ4Z	平板亚克力	猫+蝴蝶	0	shop	4.49	41	183	FBA	Yootiko	Butterfly Suncatcher Ornament with Greeting Card | Window Hanging for Home Decor Acrylic Sun Catchers for Garden Decorative Function, for Home/Garden/Office	Home & Kitchen:Home Accessories:Decorative Accessories:Hanging Ornaments
UK	B0G8YQHMZD	平板亚克力	猫+狐狸	1	both	6.58	39	175	FBA	zhongko	Fox Acrylic Suncatcher Ornament, Stained Glass Window Hangings, Sun Catchers for Windows, Vivid Garden &amp; Home Ornament, Gift for Nature Enthusiasts	Garden:Garden Décor:Garden Sculptures & Statues:Sun Catchers
UK	B0FZ85LH4H	平板亚克力	猫	1	shop	5.98	38	234	FBA	zhongko	Dancing King Pattern Pendant, Garden Sun Catchers, Acrylic Stained Glass-Style Spinner, Boho Suncatcher Window Hanging, Fashion Retro Pendant	Garden:Garden Décor:Garden Sculptures & Statues:Sun Catchers
UK	B0GJ5LGB8T	平板亚克力	猫+万圣节	0	shop	8.29	37	132	FBA	Mlifleue	2 PCS Witch Sun Catchers for Windows, Window Hanging Decoration, Acrylic UV Printing Sun Catcher for Witch Gifts Gothic Gifts, Holiday Witchcraft &amp; Fantasy Themed Gift (20cm)	Garden:Garden Décor:Garden Sculptures & Statues:Sun Catchers
UK	B0GRG54CR2	平板亚克力	猫	1	shop	4.98	33	120	FBA	Generic	Suncatchers for Windows Hanging, Orange Cat Sun Catcher, Stained Glass Hanging, Stained Glass Decor for Cat Lovers, Natural Gifts, Housewarming Gifts	Garden:Garden Décor:Garden Sculptures & Statues:Sun Catchers
UK	B0G4CT6WTN	平板亚克力	猫+知更鸟	0	shop	2.99	33	207	FBA	LUVDECO	1Pc Robin Sun Catcher for Windows 20x20CM Heart-Shaped Vibrant Garden Hanging Ornaments Outdoor Bird Themed Gift for Women Stained Glass Effect Window Decoration	Garden:Garden Décor:Garden Sculptures & Statues:Sun Catchers
UK	B0FSPYRZ8V	平板亚克力	猫	0	shop	14.99	33	249	FBA	Bimkole	Bimkole Animal Stained Glass Suncatcher Window Hanging - Eagle Indoor Window or Doorway Decoration - Handmade Sun Catcher Decor for Birthday for Women, Men, Wife, Lovers, and Mom 20x20 cm	Garden:Garden Décor:Garden Sculptures & Statues:Sun Catchers
UK	B0F7QR5NVB	平板亚克力	猫+龙	1	shop	6.58	33	413	FBA	shirylzee	Dragon Dreamcatcher Suncatcher - Stained Glass Effect Window Hanging - Mystical Dragon Acrylic Ornament - Colourful Fantasy Sun Catchers for Windows Indoor Outdoor Garden Home Decor - Unique Gothic Gi	Home & Kitchen:Home Accessories:Dream Catchers
UK	B0DZHLX9M7	平板亚克力	其他元素	0	shop	4.16	33	483	FBA	Generic	Acrylic Rainbow Dog Memorial Gifts for Dog Lovers, Pet Bereavement Gifts Window Decor, Loss of a Dog Gift, Suncatcher Window Hangings, Dog Ornaments Pet Memorial Plaques, Not Glass	Pet Supplies:Dogs:Memorials & Funerary:Memorials & Tombstones
UK	B0GFNLPY4L	平板亚克力	海/龟	0	shop	5.89	31	143	FBA	CloudWei SmartSelect	1 Pc Acrylic Sea Glass Suncatcher, 2D Ocean Crashing Wave Beach Ornament, Valentine Day Couple Transparent Memorial Crafts Pendant, Wall Decorative Hanging Ornaments Home, Bedroom, Office Accents	Garden:Garden Décor:Garden Sculptures & Statues:Sun Catchers
UK	B0G5YJSNQD	平板亚克力	蝴蝶	0	shop	4.87	31	189	NA	Generic	Friendship Gifts for Women for Bestie, Butterfly Acrylic Plaque Crystal Suncatcher, Birthday Present for Female Friend, Christmas Anniversary Graduation Gift	Garden:Garden Décor:Garden Sculptures & Statues:Sun Catchers
UK	B0G5JW17XK	平板亚克力	猫+生命树	0	shop	5.49	31	211	FBA	KRENIE	Acrylic Suncatcher Wall Hanging – 2D Tree of Life Sun Catcher – Hanging Window Decor Suncatchers for Indoor Outdoor Use – Garden Patio Window Balcony Decoration	Garden:Garden Décor:Garden Sculptures & Statues:Sun Catchers
UK	B0GQS7695Z	平板亚克力	猫+知更鸟	1	shop	5.98	30	120	FBA	Generic	Heart Robin Suncatcher, Enchanting Robin Gifts, Acrylic Stained Glass Sun Catchers for Windows &amp; Walls, Colorful Bird Ornament for Home, Garden &amp; Fence Decorations	Garden:Garden Décor:Garden Sculptures & Statues:Sun Catchers
UK	B0F4WTDS6F	平板亚克力	其他元素	0	both	6.99	30	424	FBA	Hpmjz	Acrylic Rainbow Dog Memorial Gifts for Dog Lovers, Stained Glass Angel Wings Window Rainbow Hangings Suncatcher Pet Memorial Gifts Sympathy Bereavement Gift Passing Away Remembrance Wall Art Decor	Pet Supplies:Dogs:Memorials & Funerary:Memorials & Tombstones
UK	B0GLGFVT24	平板亚克力	猫	0	shop	5.19	29	133	FBA	Mlifleue	Vintage Acrylic Suncatcher, Sun Catchers for Windows, Stained Glass Effect Window Decorations With Hanging Rope, for Windows or Doors (20 * 20cm)	Garden:Garden Décor:Garden Sculptures & Statues:Sun Catchers
UK	B0GKVCKVSQ	平板亚克力	猫	0	shop	6.59	28	144	FBA	YcsRnn	Sun Catchers for Windows, 2-Pack Colourful Tree and Sun Designs, Stained Glass Effect Window Hangings, 20x20 cm Garden and Home Decor Ornaments	Garden:Garden Décor:Garden Sculptures & Statues:Sun Catchers
UK	B0GJXXZPPW	平板亚克力	猫+蝴蝶	0	shop	5.99	28	165	FBA	Mtbricey	Butterfly Acrylic Suncatcher Ornament with Greeting Card Stained Glass Window Hanging Inspirational Gifts for Women Handmade Wind Spinners Sun Catchers for Windows for Garden Home Office	Garden:Garden Décor:Garden Sculptures & Statues:Sun Catchers
UK	B0FD3M3HT8	平板亚克力	其他元素	0	shop	6.66	28	331	FBA	MBAIYO	10 Pcs 20 Inch Stained Glass Window Hanging Chain, Stainless Steel Picture Hanging Chain with Hooks Stained Glass Window and Outdoor Decorative Chains for Suncatcher Outdoor Gardens Walls Kitch	DIY & Tools:Hardware:Nails, Screws & Fasteners:Picture Hangers
UK	B0GHD4CYRG	平板亚克力	猫+生命树	1	shop	6.98	24	155	FBA	zhongko	Colorful Tree of Life Suncatcher, 20x20cm Acrylic Stained Glass Style Sun Catcher for Windows, Hanging Garden Ornaments for Indoor Outdoor, Car Wedding Party	Garden:Garden Décor:Garden Sculptures & Statues:Sun Catchers
UK	B0FP2R27DL	平板亚克力	猫+知更鸟+花	0	shop	2.68	23	305	NA	SiumPklay	Sunflower and Robin Two-Piece Sun Catcher Set - 20x20cm Stained Glass Style Window Hanging Decor for Home, Garden, Balcony, and Room Aesthetic	Garden:Garden Décor:Garden Sculptures & Statues:Sun Catchers
UK	B0G6ZMN8PP	平板亚克力	猫+花	0	shop	6.99	22	152	FBA	Srumvoat	Wildflower Sun Catcher, Alternative Stained Glass Design, Durable Acrylic Suncatcher, Artistic Window Decoration for Garden Christmas &amp; Birthday Mothers Day 20x20 cm	Garden:Garden Décor:Garden Sculptures & Statues:Sun Catchers
UK	B0GK61S5VG	平板亚克力	猫+高地牛	1	shop	6.98	21	141	FBA	zhongko	Highland Cow Sun Catcher, Spring Highland Cow Ornament, Stained Glass Style Acrylic Suncatcher for Windows, Rustic Window Hanging Decor for Home, Garden and Balcony	Garden:Garden Décor:Garden Sculptures & Statues:Sun Catchers
UK	B0FSQWR6V2	平板亚克力	海/龟	1	shop	5.58	21	269	FBA	shirylzee	Blue Wave Stained Glass Window Hanging, Acrylic Garden Wall Art Outdoor, Colorful Window Wall Hanging Ornament, Suncatcher Glasses Panels for Christmas Thanksgiving Housewarming Gift	Baby Products:Nursery:Decoration:Window Decorations
UK	B0FPVC9HQP	平板亚克力	其他元素	1	shop	4.98	21	299	FBA	shirylzee	2Pcs Dog Memorial Gifts for Garden, Suncatcher Window Hangings Pet Memorial Gifts, Acrylic Dog Bereavement Gifts, Loss of a Dog Gift for Home, Living Room, Bedroom Decoration	Pet Supplies:Dogs:Memorials & Funerary:Memorials & Tombstones
UK	B0GDZPKH7M	平板亚克力	猫+龙	1	shop	5.48	19	167	FBA	zhongko	Fourth Merch Wing Suncatcher, 8x8in Acrylic Stained Glass Ornament, Sun Catchers for Windows, Fourth Wing Merch for Indoor Outdoor and Wedding Party	Garden:Garden Décor:Garden Sculptures & Statues:Sun Catchers
UK	B0G5P9V7LM	平板亚克力	其他元素	0	shop	4.15	19	167	FBA	Elenviorina	Acrylic Rainbow Dog Memorial Suncatcher, Pet Loss Sympathy Gift for Dog Lovers, Dog Bereavement Window Hanging Ornament, Pet Memorial Plaque Decoration (Not Glass)	Pet Supplies:Dogs:Memorials & Funerary:Memorials & Tombstones
UK	B0G24GKVTX	平板亚克力	猫	1	shop	8.58	18	232	FBA	zhongko	3D Handmade Stained Glass Spinner, Dancing Lady Stained Glass Spinner, Garden Sun Catchers, Boho Suncatcher Window Hanging, Fashion Retro Pendant	Garden:Garden Décor:Garden Sculptures & Statues:Sun Catchers
UK	B0GQSJHP2J	平板亚克力	猫+生命树	1	shop	6.58	16	120	FBA	Generic	Tree of Life Suncatcher, Acrylic Stained Glass Sun Catchers for Windows, Garden Ornaments for Indoor Outdoor, Window Hanging Decorations, Housewarming Gift for Nature Enthusiasts	Garden:Garden Décor:Garden Sculptures & Statues:Sun Catchers
UK	B0G7JDSKHJ	平板亚克力	知更鸟	0	shop	4.92	16	188	FBA	SINJAETRQ	Large Heart-Shaped Robin Suncatcher, Garden Gifts for Women,7.87in x 7.87 Acrylic Window Hanging Ornament for Home and Garden Decoration	Garden:Garden Décor:Garden Sculptures & Statues:Sun Catchers
UK	B0G6RYRRQW	平板亚克力	猫	0	shop	5.74	16	190	FBA	Tabanzhe	Tabanzhe Acrylic Sun Catcher Spinner,Stained-Glass Style Rainbow Maker Dancing Lady Window Hanging Ornament,Handmade Boho Wind Spinner for Garden Home Décor Gift	Toys & Games:Sports Toys & Outdoor:Wind Spinners
UK	B0F7QT2W82	平板亚克力	猫	1	shop	6.98	15	405	FBA	shirylzee	Parrot Dreamcatcher Suncatcher - Stained Glass Effect Window Hanging - Mystical Parrot Acrylic Ornament - Colourful Fantasy Sun Catchers for Windows Indoor Outdoor Garden Home Decor - Unique Gothic Gi	Home & Kitchen:Home Accessories:Dream Catchers
UK	B0GJ32W5C4	平板亚克力	猫+蝴蝶	0	shop	4.99	14	156	FBA	Aurvivia	Butterfly Suncatcher Acrylic Hanging Ornament with Greeting Card,Sparkly Window Decoration for Home Garden Office Conservatory,Colourful Sun Catcher Gift for Mum,Grandma,Women	Garden:Garden Décor:Garden Sculptures & Statues:Sun Catchers
UK	B0GCM1T6L4	平板亚克力	猫	1	shop	5.98	13	181	FBA	zhongko	Cat Suncatcher Ornament, 20x20cm Acrylic Stained Glass Suncatchers with Chain, Sun Catchers for Windows, Hanging Garden Ornaments for Indoor Outdoor	Garden:Garden Décor:Garden Sculptures & Statues:Sun Catchers
UK	B0GGZ9RS32	平板亚克力	猫+知更鸟	1	shop	6.99	12	156	FBA	zhongko	Robin Sun Catchers for Windows, Birds Suncatchers for Windows, Stained Glass Window Hanging, Acrylic Garden Wall Art Outdoor, 2D Flat Hanging Garden Ornament Suncatchers	Garden:Garden Décor:Garden Sculptures & Statues:Sun Catchers
UK	B0F9WBYNCV	平板亚克力	猫+海/龟	1	shop	5.28	12	395	FBA	shirylzee	Colorful Sun Suncatcher, 20x20cm Large Sunrise Window Hanging Decoration, Stained Glass Effect Acrylic Ornament, Nature Scenic Sun Lover Gift, Sun Catchers for Garden Home Indoor Outdoor Decor	Garden:Garden Décor:Garden Sculptures & Statues:Sun Catchers
UK	B0F2F62Z9S	平板亚克力	猫+龙	1	shop	4.98	12	454	FBA	shirylzee	Dragon Dreamcatcher Suncatcher - Stained Glass Effect Window Hanging - Mystical Dragon Acrylic Ornament - Colourful Fantasy Sun Catchers for Windows Indoor Outdoor Garden Home Decor - Unique Gothic Gi	Home & Kitchen:Home Accessories:Dream Catchers
UK	B0GCM7YX9L	平板亚克力	猫	1	shop	5.98	11	167	FBA	shirylzee	Mushroom Sun Catcher, Acrylic Stained Glass Window Hanging, Mushroom Suncatchers for Windows Hanging, Ornament Sun Catchers Indoor Window for Mushroom Lovers	Baby Products:Nursery:Decoration:Window Decorations
UK	B0FGCZJ6VY	平板亚克力	猫+龙	1	shop	5.98	10	353	FBA	zhongko	Dragon Dreamcatcher Suncatcher, Mystical Dragon Acrylic Ornament Stained Glass Effect Window Hanging Colourful Fantasy Sun Catchers for Indoor Outdoor Windows Garden Home Decor（Blue）	Garden:Garden Décor:Garden Sculptures & Statues:Sun Catchers
UK	B0F7QWKDPK	平板亚克力	猫+龙	1	shop	7.59	10	406	FBA	shirylzee	Dragon Dreamcatcher Suncatcher - Stained Glass Effect Window Hanging - Mystical Dragon Acrylic Ornament - Colourful Fantasy Sun Catchers for Windows Indoor Outdoor Garden Home Decor - Unique Gothic Gi	Home & Kitchen:Home Accessories:Dream Catchers
UK	B0GGZL3955	平板亚克力	蝴蝶	0	shop	1.99	9	177	FBA	Cosiesnest	Butterfly Sister Gifts with Greeting Card, Crystal Suncatcher, Acrylic Hanging Decoration for Sister Birthday, New Year, Anniversary Graduation Presents, Windows Garden Home Decor	Garden:Garden Décor:Garden Sculptures & Statues:Sun Catchers
UK	B0G6KV8B8W	平板亚克力	猫+花	0	shop	7.99	9	187	FBA	Xutanek	Suncatcher Window Hanging,Gardening Gifts For Mums,Gift for Mum, 8 Inch Wildflower Sun CatcherS for Windows with Hanging Chain, Acrylic Suncatcher with Vivid Light Effects, Window Decorations for	Garden:Garden Décor:Garden Sculptures & Statues:Sun Catchers
UK	B0GRG9SLRF	平板亚克力	猫+海/龟	1	shop	4.98	8	120	FBA	Generic	Sunrise Sun Catchers for Windows, Sun Sea Suncatchers for Windows, Stained Glass Window Hanging, Colorful Round Garden Decor, Colorful Window Wall Hanging Ornament for Women Men	Garden:Garden Décor:Garden Sculptures & Statues:Sun Catchers
UK	B0GHF493XP	平板亚克力	猫+高地牛	1	shop	6.98	8	140	FBA	Dei tkeyts	Highland Cow Suncatchers for Windows Hanging, Highland Cow Sun Catcher, Stained Glass Window Hanging Ornament, Acrylic Sun Catchers Indoor Window for Garden, Home, Indoor, Outdoor Decor	Garden:Garden Décor:Garden Sculptures & Statues:Sun Catchers
UK	B0FWX3W868	平板亚克力	高地牛	0	shop	3.99	8	235	FBA	ALUNME	Highland Cows Ornaments, Highland Cow Gifts,2026 Vintage Christmas Ornament, Farmhouse Xmas Orrnaments, Suncatcher Effect Stained Glass Window Hanging, car Hanging Accessories(cow)	Automotive:Car Accessories:Rearview Mirror Ornaments
UK	B0FSQ42FPN	平板亚克力	猫	0	shop	13.99	8	250	FBA	Bimkole	Bimkole Bear Stained Glass Suncatcher Window Hanging - Animal Tree Indoor Window or Doorway Decoration - Handmade Sun Catcher Decor for Birthday for Women, Men, Wife, Lovers, and Mom 20x20 cm	Garden:Garden Décor:Garden Sculptures & Statues:Sun Catchers
UK	B0GK69T9Y2	平板亚克力	猫+龙	1	shop	6.98	7	140	FBA	Dei tkeyts	Dragon Suncatchers for Windows Hanging, Fourth Merch Wing Sun Catcher, Stained Glass Window Hanging Ornament, Acrylic Sun Catchers Indoor Window for Garden, Home, Indoor, Outdoor Decor	Toys & Games:Arts & Crafts:Craft Kits:Glass Art & Suncatchers
UK	B0FX9WLNR5	平板亚克力	蝴蝶	0	shop	3.19	7	202	FBA	Xqzbmt	Sister Gifts, Butterfly Acrylic Crystal Suncatcher Gifts with Thank you Card for Sister Birthday &amp; Valentines Day, Presents for Sis from Sister Brother	Garden:Garden Décor:Garden Sculptures & Statues:Sun Catchers
UK	B0GDWKCLZ2	平板亚克力	龙	0	shop	6.27	6	169	FBA	SINJAETRQ	Dragonfly Gifts for Women, Decor Car Ornaments, Garden Decoration, Acrylic Dragonfly Ornament with Suncatcher Effect for Christmas Tree, Window, Home Decor	Home & Kitchen:Home Accessories:Decorative Accessories:Hanging Ornaments
UK	B0GCM1V36L	平板亚克力	猫	1	shop	6.58	6	181	FBA	zhongko	Cat Suncatcher Ornament with Chain, 20x20cm Acrylic Stained Glass Suncatchers, Cute Cat Pendant, Sun Catchers for Windows, Hanging Garden Ornaments for Indoor Outdoor	Garden:Garden Décor:Garden Sculptures & Statues:Sun Catchers
UK	B0FKBLQTVN	平板亚克力	猫+生命树	0	shop	6.99	6	322	FBA	REKUA	Acrylic Suncatchers Wall Hanging with 2D Tree Of Life Decorative Sun Catchers for Indoor Outdoor Use, Stylish Rainbow Light Garden Hanging Ornaments for Patio Window Balcony	Garden:Garden Décor:Garden Sculptures & Statues:Sun Catchers
UK	B0GL1TFGLF	平板亚克力	猫+蝴蝶	1	shop	7.98	5	127	FBA	Dei tkeyts	Butterfly Suncatchers for Windows Hanging, Butterfly Sun Catcher, Stained Glass Window Hanging Ornament, Acrylic Sun Catchers Indoor Window for Garden, Home, Indoor, Outdoor Decor	Toys & Games:Arts & Crafts:Craft Kits:Glass Art & Suncatchers
UK	B0GHDPT8CQ	平板亚克力	猫	1	shop	6.98	5	160	FBA	Dei tkeyts	Phoenix Suncatchers for Windows Hanging, Oriental Bird Sun Catcher, Stained Glass Window Hanging Ornament, Acrylic Sun Catchers Indoor Window for Garden, Home, Indoor, Outdoor Decor	Garden:Garden Décor:Garden Sculptures & Statues:Sun Catchers
UK	B0H3NZD5FZ	平板亚克力	花	0	shop	15.99	4	40	FBM	Muralscape	Sunflower Stained Glass Suncatcher Windows Hanging,8 inch Stained Glass Ornament Home Decor,Suncatchers for Windows Hanging,Birthday Gifts for Women,Lovers,Friend(Black)	Garden:Garden Décor:Garden Sculptures & Statues:Sun Catchers
UK	B0H2CNQDDF	平板亚克力	猫+海/龟	0	shop	3.98	4	42	FBA	Embhlitfe	Embhlitfe Sun Catchers for Windows,20x20cm Sunrise Window Hanging Decoration Sea Suncatchers for Windows,Stained Glass Acrylic Ornament for Window Wall Hanging Garden Decor	Garden:Garden Décor:Garden Sculptures & Statues:Sun Catchers
UK	B0GXWDBY58	平板亚克力	猫+海/龟	0	shop	6.99	4	73	FBA	Srumvoat	Acrylic Window Hanging, Colorful Beach Shells Conch Sun Catcher for Door Home Decor, No Punch, Side Chain Connect, Sea Lovers Beach Gifts for Women for Christmas Mother's Day Birthday	Garden:Garden Décor:Garden Sculptures & Statues:Sun Catchers
UK	B0H3NQQS1V	平板亚克力	猫+花	0	clean	12.99	4	89	FBM	Muralscape	White Cat and Flower Stained Glass Suncatcher Windows Hanging,6 inch Stained Glass Ornament Home Decor,Suncatchers for Windows Hanging,Birthday Gifts for Women,Lovers,Friend(Black)	Garden:Garden Décor:Garden Sculptures & Statues:Sun Catchers
UK	B0G8YZR8BQ	平板亚克力	猫+生命树	1	shop	6.98	4	175	FBA	zhongko	Tree of Life Stained Suncatcher, 20x20cm Acrylic Stained Glass Suncatchers with Chain, Sun Catchers for Windows, Hanging Garden Ornaments for Indoor Outdoor, Car Wedding Party	Garden:Garden Décor:Garden Sculptures & Statues:Sun Catchers
UK	B0F29D182M	平板亚克力	蜂鸟	1	shop	7.98	4	460	FBA	shirylzee	Hummingbird Suncatcher Stained Glass Effect - Acrylic Window Hanging Rainbow Maker - Colourful Bird Ornament for Home &amp; Garden Decor - Bird Lover Gift	Garden:Garden Décor:Garden Sculptures & Statues:Sun Catchers
UK	B0H1C6Y133	平板亚克力	猫	1	both	6.98	3	20	FBA	Orsefeliy	Virgin Mary Art Sun Catcher, Exquisite Christian Gift for Home Window Decor, Acrylic Stained Glass Style Suncatcher for Windows, Vintage Hanging Ornament for Home, Garden and Church	Garden:Garden Décor:Garden Sculptures & Statues:Sun Catchers
UK	B0H1VVBD82	平板亚克力	猫	1	shop	7.58	3	25	FBA	Dei tkeyts	2Pcs Dachshund Sun Catcher, 7.87x 7.87in Imitation Stained Glass Suncatcher for Windows, Acrylic Garden Hanging Ornaments with Chain, Unique Dachshund Gifts for Women &amp; Girls	Garden:Garden Décor:Garden Sculptures & Statues:Sun Catchers
UK	B0GXKF12RF	平板亚克力	猫+花	0	shop	5.99	3	70	FBA	MIGIFTDY	Purple Flower Sun Catchers for Windows, Acrylic Suncatchers for Windows with Stained Glass Design, Colorful Window Decorations and Hanging Garden Ornaments Kit for Home, Balcony, Living Room Decor	Garden:Garden Décor:Garden Sculptures & Statues:Sun Catchers
UK	B0GXR66G8G	平板亚克力	猫+花	0	shop	3.99	3	70	FBA	ShunJian	Stained Glass Window Hanging Sun Catcher, Lily of The Valley Flower Suncatcher Kit with Crystal Ornament, Diamond Glass Material Garden Ornament Outdoor &amp; Indoor Decoration, Hanging Crystal for Window	Garden:Garden Décor:Garden Sculptures & Statues:Sun Catchers
UK	B0GTLRRTQ9	平板亚克力	猫+龙	1	shop	6.58	3	71	FBA	Generic	Dragon Sun Catchers for Windows, Mystical Dragon Stained Glass Suncatchers for Windows, 2D Flat Hanging Garden Ornament Suncatchers, Acrylic Outdoor Wall Art for Window Indoor Outdoor	Garden:Garden Décor:Garden Sculptures & Statues:Sun Catchers
UK	B0GTLG3KG4	平板亚克力	猫+龙	1	shop	6.58	3	88	FBA	Generic	Book Dragon Sun Catchers for Windows, Fourth Merch Wing Suncatchers for Windows, 2D Flat Hanging Garden Ornament Suncatchers, Stained Glass Window Hanging, Suncatcher Gift for Book Lovers	Garden:Garden Décor:Garden Sculptures & Statues:Sun Catchers
UK	B0GVJLK3LD	平板亚克力	猫	0	shop	5.59	3	90	FBA	Pralen	Cat Suncatcher with Rope, Stained Glass Effect Window Hanging Ornament, Friendship Cat Gift for Cat Lovers, Home Bedroom Living Room Décor A	Garden:Garden Décor:Garden Sculptures & Statues:Sun Catchers
UK	B0GQT2GT3K	平板亚克力	猫+花	1	shop	5.98	3	101	FBA	zhongko	Forget-me-not Sun Catcher, Exquisite Forget-me-not Gifts, Blue Floral Garden Ornament, Stained Glass Style Acrylic Suncatcher for Windows, Garden and Balcony	Garden:Garden Décor:Garden Sculptures & Statues:Sun Catchers
UK	B0BC1FWBKX	平板亚克力	万圣节	0	shop	4.09	3	1390	FBA	GORGECRAFT	GORGECRAFT Black Bat Window Hanging Bat Shade Acrylic Ornament Suncatcher for Halloween Home Decor Birthday Memorial Wishes Gift Living Room Bedroom Holiday Party Decoration	Garden:Garden Décor:Garden Sculptures & Statues:Sun Catchers
UK	B0H6Q1QZLZ	平板亚克力	蜂鸟+花	0	shop	17.99	2	15	FBM	Muralscape	Hummingbird and Flowers Stained Glass Suncatcher Windows Hanging,10 inch Stained Glass Ornament Home Decor,Suncatchers for Windows Hanging,Birthday Gifts for Mom,Lovers,Family(Black)	Garden:Garden Décor:Garden Sculptures & Statues:Sun Catchers
UK	B0H4GWPPPW	平板亚克力	猫+花	0	shop	13.79	2	18	NA	OmniVeyi	8 Inch Floral Cat Stained Glass Suncatcher for Window Hanging, Sun Catcher Ornament, Memorial Gift for Cat Lovers, Pet Loss Sympathy Gift for Women Mom Nana Grandma Birthday Christmas Housewarming	Garden:Garden Décor:Garden Sculptures & Statues:Sun Catchers
UK	B0H33S9VG4	平板亚克力	猫	1	shop	6.99	2	22	FBA	Dei tkeyts	Moon Cat Sun Catchers for Windows, Stained Glass Style Suncatchers, Green Cat Hanging Garden Ornaments, Acrylic Window Hanging Decor for Garden, Balcony, Living Room	Garden:Garden Décor:Garden Sculptures & Statues:Sun Catchers
UK	B0GZMVY6PZ	平板亚克力	猫+龙	1	shop	6.98	2	43	FBA	Dei tkeyts	Dragon Sun Catchers for Windows, Acrylic Fourth Merch Wing Suncatcher, Stained Glass Window Hanging Ornament, 2D Flat Hanging Garden Ornament Suncatchers for Home Window Wall Decoration	Garden:Garden Décor:Garden Sculptures & Statues:Sun Catchers
UK	B0GZC3R5JX	平板亚克力	生命树	0	both	5.99	2	43	FBA	Waoferfio	20cm Acrylic Tree of Life Sunset Suncatcher, Garden Ornaments Outdoor	Garden:Garden Décor:Garden Sculptures & Statues:Sun Catchers
UK	B0GYN1LCLJ	平板亚克力	猫+生命树	1	shop	4.98	2	46	FBA	Generic	Tree of Life Suncatchers for Windows, Stained Glass Sun Catchers for Windows, Acrylic Heart Tree Sun Catchers with Cord, Window Hanging Decor for Home, Garden, Patio &amp; Fence	Garden:Garden Décor:Garden Sculptures & Statues:Sun Catchers
UK	B0GT7WPKQF	平板亚克力	猫	1	shop	5.98	2	64	FBA	Generic	Cat Sun Catchers for Windows, Stained Glass Window Hanging, 20x20CM Cat Suncatchers for Windows, 2D Flat Hanging Garden Ornament Suncatchers, Colorful Window Wall Hanging Ornament	Garden:Garden Décor:Garden Sculptures & Statues:Sun Catchers
UK	B0GWC931BH	平板亚克力	猫	0	shop	3.51	2	77	FBM	Generic	Hot Air Balloon Decoration, 7.87x6.3in Hanging 2D Acrylic Ornament, Hot Air Balloon Model Stained Sun Catcher, Garden Decor Colorful Lawn Lantern Pendant for Yard Porch Patio Wall (Colorful)	Home & Kitchen:Home Accessories:Decorative Accessories:Hanging Ornaments
UK	B0H6Q2QV8X	平板亚克力	海/龟	0	shop	17.99	2	NULL	FBM	Muralscape	Sunset and Waves Stained Glass Suncatcher Windows Hanging,10 inch Stained Glass Ornament Home Decor,Suncatchers for Windows Hanging,Birthday Gifts for Mom,Lovers,Family(Black)	Garden:Garden Décor:Garden Sculptures & Statues:Sun Catchers
UK	B0H6PSCSCJ	平板亚克力	龙	0	shop	17.99	2	NULL	FBM	Muralscape	Dragonfly Stained Glass Suncatcher Windows Hanging,10 inch Stained Glass Ornament Home Decor,Suncatchers for Windows Hanging,Birthday Gifts for Mom,Lovers,Family(Black)	Garden:Garden Décor:Garden Sculptures & Statues:Sun Catchers
UK	B0H6PZXFN9	平板亚克力	花	0	shop	17.99	2	NULL	FBM	Muralscape	10 inch Stained Glass Suncatcher Windows Hanging,Sunflower Ornament Home Decor,Suncatchers for Windows Hanging,Birthday Gifts for Mom,Lovers,Family(Black)	Garden:Garden Décor:Garden Sculptures & Statues:Sun Catchers
UK	B0H6Q7RQXW	平板亚克力	花	0	shop	17.99	2	NULL	FBM	Muralscape	Blue Wildflowers Stained Glass Suncatcher Windows Hanging,10 inch Stained Glass Ornament Home Decor,Suncatchers for Windows Hanging,Birthday Gifts for Mom,Lovers,Family(Black)	Garden:Garden Décor:Garden Sculptures & Statues:Sun Catchers
UK	B0H6PYB567	平板亚克力	猫	0	shop	17.99	2	NULL	FBM	Muralscape	Three Little Cats Stained Glass Suncatcher Windows Hanging,10 inch Stained Glass Ornament Home Decor,Suncatchers for Windows Hanging,Birthday Gifts for Mom,Lovers,Family(Black)	Garden:Garden Décor:Garden Sculptures & Statues:Sun Catchers
UK	B0H6PZQ4XD	平板亚克力	猫	0	shop	17.99	2	NULL	NA	Muralscape	10 inch Stained Glass Suncatcher Windows Hanging,Cats Sleeping on the Moon Stained Glass Ornament Home Decor,Suncatchers for Windows Hanging,Birthday Gifts for Mom,Lovers,Family(Black)	Garden:Garden Décor:Garden Sculptures & Statues:Sun Catchers
UK	B0H6PSXZ23	平板亚克力	蜂鸟+花	0	shop	17.99	2	NULL	FBM	Muralscape	Hummingbirds and Flowers Stained Glass Suncatcher Windows Hanging,10 inch Stained Glass Ornament Home Decor,Suncatchers for Windows Hanging,Birthday Gifts for Mom,Lovers,Family(Black)	Garden:Garden Décor:Garden Sculptures & Statues:Sun Catchers
UK	B0H6Q1FKSM	平板亚克力	蜜蜂+花	0	shop	17.99	2	NULL	FBM	Muralscape	Bee and Flowers Stained Glass Suncatcher Windows Hanging,10 inch Stained Glass Ornament Home Decor,Suncatchers for Windows Hanging,Birthday Gifts for Mom,Lovers,Family(Black)	Garden:Garden Décor:Garden Sculptures & Statues:Sun Catchers
UK	B0H6PVZ9W2	平板亚克力	其他元素	0	shop	17.99	2	NULL	FBM	Muralscape	10 inch Stained Glass Suncatcher Windows Hanging,Beach Shells and Sunset Ornament Home Decor,Suncatchers for Windows Hanging,Birthday Gifts for Mom,Lovers,Family(Black)	Garden:Garden Décor:Garden Sculptures & Statues:Sun Catchers
UK	B0H6PWMC2S	平板亚克力	龙	0	shop	15.99	2	NULL	FBM	Muralscape	Dragonfly Stained Glass Suncatcher Windows Hanging,8 inch Stained Glass Ornament Home Decor,Suncatchers for Windows Hanging,Birthday Gifts for Mom,Lovers,Family(Gold)	Garden:Garden Décor:Garden Sculptures & Statues:Sun Catchers
UK	B0H6QB1835	平板亚克力	其他元素	0	shop	12.99	2	NULL	FBM	Muralscape	Green Four Leaf Clover Stained Glass Suncatcher Windows Hanging,6 inch Stained Glass Ornament Home Decor,Suncatchers for Windows Hanging,Birthday Gifts for Mom,Lovers,Family(Gold)	Garden:Garden Décor:Garden Sculptures & Statues:Sun Catchers
UK	B0H6PNSQT8	平板亚克力	龙	0	shop	12.99	2	NULL	FBM	Muralscape	Dragonfly Stained Glass Suncatcher Windows Hanging,6 inch Stained Glass Ornament Home Decor,Suncatchers for Windows Hanging,Birthday Gifts for Mom,Lovers,Family(Gold)	Garden:Garden Décor:Garden Sculptures & Statues:Sun Catchers
UK	B0H879NMKZ	平板亚克力	海/龟	0	shop	8.01	1	1	FBM	Generic	Ocean-Themed Crystal Wind Chime -Sparkling Ocean Escape to Your Garden,Stained Acrylic Sea Turtle Whale Dolphin Hanging Suncatcher with Prism Drops,Wind Chimes for Garden Yard Patio Porch Window	Garden:Garden Décor:Chimes
UK	B0H1HZ96V5	平板亚克力	猫+蜂鸟	0	shop	6.99	1	12	FBA	Xenovate	Hummingbird Sun Catchers for Windows, Beautiful Hanging Ornaments, Stylish Sun Catchers for Garden, Acrylic Window Hanging Decor, Chain Ready to Use Home Yard Art Gift	Garden:Garden Décor:Garden Sculptures & Statues:Sun Catchers
UK	B0GYMND8QV	平板亚克力	猫+蜂鸟	1	shop	5.98	1	13	FBA	Generic	Hummingbird Suncatchers for Windows, Stained Glass Sun Catchers for Windows, Acrylic Bird Sun Catchers with Wreath, 2D Flat Window Hanging Decor for Home, Garden, Patio &amp; Balcony	Garden:Garden Décor:Garden Sculptures & Statues:Sun Catchers
UK	B0H45LJNKW	平板亚克力	猫	0	shop	5.41	1	13	FBM	Generic	Boho Dancing Lady Suncatchers, Gothic Angels Spiritual Religious Sun Catcher for Window Hanging,Acrylic Stained Glass Effect Window Art Garden Decor Ornament Gifts for Women Mom Grandma Wife (5.9in)	Garden:Garden Décor:Garden Sculptures & Statues:Sun Catchers
UK	B0H2YNMGSF	平板亚克力	猫	0	shop	13.99	1	15	FBA	Bimkole	Bimkole Stained Glass Window Hanging Cat- Indoor Window or Doorway Sun Catchers Home Decoration - Autumn Suncatcher Decor for Birthday for Women, Men, Wife, Lovers, and Mom 20 x 20 cm	Garden:Garden Décor:Garden Sculptures & Statues:Sun Catchers
UK	B0H758KJCC	平板亚克力	猫+万圣节	0	both	6.99	1	17	FBM	Generic	Stained Acrylic Spinner, Stained Gothic Witch Suncatcher, Hanging Witch Sun Catchers for Windows, Rotatable Halloween Indoor Outdoor Decor for Boho Garden Patio, Colorful Vintage Home Gift、*1	Garden:Garden Décor:Garden Sculptures & Statues:Sun Catchers
UK	B0H6FL9F1G	平板亚克力	猫+蜂鸟	0	shop	10.98	1	27	FBM	Generic	Graceful Hummingbird Wind Chime, Graceful Stained Glass &amp; Crystal Sun Catcher Windchime, Colorful Bird Yard Decorations Outdoor, Memorial Gardening Gift for Women, Mom, Grandma Nature Lovers (G)	Garden:Garden Décor:Chimes
UK	B0H2QS36VK	平板亚克力	猫+知更鸟	0	shop	NULL	1	30	FBA	Sleeklink	Acrylic Hanging Garden Suncatcher,Large Acrylic Robin Bird Suncatcher, Colorful Stained Glass Effect Pendant, Garden and Window Hanging Decoration, Outdoor Sun Catcher Ornament	Garden:Garden Décor:Garden Sculptures & Statues:Sun Catchers
UK	B0H1W2DQDY	平板亚克力	猫	1	shop	6.99	1	32	FBA	Orsefeliy	Peacock Sun Catcher, 20 x 20cm Acrylic Hanging Ornament with Chain, Exquisite Sun Catchers for Windows &amp; Doorway, Home Decor Peacock Gifts for Women, Lovers and Friends	Garden:Garden Décor:Garden Sculptures & Statues:Sun Catchers
UK	B0GZSV2L4H	平板亚克力	花	0	clean	5.99	1	33	FBA	Riveta	Sunflower Suncatcher Memorial Gifts, Acrylic Stained Glass Suncatcher with Heart Charm, Window Garden Hanging Ornament, Bereavement Rememberance Sympathy Grief Gift for Loss of Loved One	Garden:Garden Décor:Garden Sculptures & Statues:Sun Catchers
UK	B0GYMY744X	平板亚克力	猫+蜜蜂	1	shop	5.48	1	47	FBA	Generic	Bee Suncatchers for Windows, Stained Glass Sun Catchers for Windows, Acrylic Bees Sun Catchers with Cord, Window Hanging Decor for Home, Garden, Patio &amp; Fence, Bumble Bee Gifts for Women Girls	Garden:Garden Décor:Garden Sculptures & Statues:Sun Catchers
UK	B0GYW7FDHR	平板亚克力	猫+龙	1	shop	5.58	1	49	FBA	Dei tkeyts	Dragon Sun Catchers for Windows, Acrylic Fourth Merch Wing Suncatcher, Stained Glass Window Hanging Ornament, 2D Flat Hanging Garden Ornament Suncatchers for Home Window Wall Decoration	Garden:Garden Décor:Garden Sculptures & Statues:Sun Catchers
UK	B0GVZCW2C7	平板亚克力	猫	0	shop	3.59	1	80	FBA	Mtbricey	Sun Catchers for Windows Stained Acrylic Style Garden Home Decor Ornaments Cute Cats Hangings Suncatchers Colored Vibrant Design Hanging Decor for Living Room Bedroom Balcony Indoor Outdoor Use	Garden:Garden Décor:Garden Sculptures & Statues:Sun Catchers
UK	B0GRG5136S	平板亚克力	万圣节	1	shop	5.98	1	119	FBA	Generic	Wicked Colorful Suncatcher, Window Art Princess and Witch, Acrylic Window Hanging Art, 2D Flat Acrylic Ornament, Wicked Ornament for Home Room Window Decor	Garden:Garden Décor:Garden Sculptures & Statues:Sun Catchers
UK	B0H87CW5P3	平板亚克力	海/龟	0	shop	5.02	1	NULL	FBM	Generic	Ocean-Themed Crystal Wind Chime -Sparkling Ocean Escape to Your Garden,Stained Acrylic Sea Turtle Whale Dolphin Hanging Suncatcher with Prism Drops,Wind Chimes for Garden Yard Patio Porch Window	Garden:Garden Décor:Chimes
UK	B0H8765D8R	平板亚克力	海/龟	0	shop	5.02	1	NULL	FBM	Generic	Ocean-Themed Crystal Wind Chime -Sparkling Ocean Escape to Your Garden,Stained Acrylic Sea Turtle Whale Dolphin Hanging Suncatcher with Prism Drops,Wind Chimes for Garden Yard Patio Porch Window	Garden:Garden Décor:Chimes
UK	B0H3JZJTPP	平板亚克力	猫+花	1	shop	6.99	0	8	FBA	Dei tkeyts	Forget Me Not Sun Catchers for Windows, Stained Glass Style Suncatchers, Floral Hanging Garden Ornaments, Acrylic Window Hanging Decor for Garden, Balcony, Patio, Forget Me Not Gifts for Women, Couple	Garden:Garden Décor:Garden Sculptures & Statues:Sun Catchers
UK	B0H75J51QL	平板亚克力	猫+蜂鸟	0	shop	11.99	0	8	FBM	Generic	Graceful Hummingbird Wind Chime, Vintage Humming Bird Wind Chimes, Hummingbird Windchime For Outside, Stained Glass Crystal Sun Catcher	Garden:Garden Décor:Chimes
UK	B0H3TXF3J7	平板亚克力	猫+万圣节	0	shop	7.89	0	12	FBA	Yupaluz	2Pcs Gothic Sun Catchers, Acrylic Moon Witch Design,Witch Sun Catchers for Windows, Acrylic Sun Catcher Window Decorations for Home Garden (20x20 Cm)	Garden:Garden Décor:Garden Sculptures & Statues:Sun Catchers
UK	B0GZ3J9DLS	平板亚克力	猫	0	shop	4.49	0	14	FBA	Solvio	Crystal Suncatcher for Windows, Sun Catcher with Hanging Crystals, Stained Glass Window Decorations, Whimsical Decor Garden Ornaments, Friendship and Healing Gifts for Women	Garden:Garden Décor:Garden Sculptures & Statues:Sun Catchers
UK	B0H2YMQ8DV	平板亚克力	猫	0	shop	13.99	0	14	FBA	Bimkole	Bimkole Stained Glass Window Hanging Bee- Indoor Window or Doorway Sun Catchers Home Decoration - Moon Suncatcher Decor for Birthday for Women, Men, Wife, Lovers, and Mom 20 x 20 cm	Garden:Garden Décor:Garden Sculptures & Statues:Sun Catchers
UK	B0H4KLRBJC	平板亚克力	龙	0	shop	6.99	0	16	FBA	TUYOBG	TUYOBG Dragonfly Acrylic Suncatcher Stained Glass Style Window Hanging | Colourful dragonfly acrylic suncatcher with stained glass style for windows, gardens and indoor decoration	Home & Kitchen:Home Accessories:Decorative Accessories:Hanging Ornaments
UK	B0H2YRMM2P	平板亚克力	知更鸟	0	shop	5.49	0	19	NA	Msjuwek	Acrylic Robin Suncatcher for Windows, Stained Glass Style Bird Ornament, Hanging Garden Decor, for Bird Lovers, Outdoor &amp; Indoor Decoration (Three Robins)	Garden:Garden Décor:Garden Sculptures & Statues:Sun Catchers
UK	B0GXDR3SG3	平板亚克力	猫+生命树	0	shop	4.99	0	20	FBA	Pralen	Tree of Life Sun Catcher, Colorful Acrylic Suncatcher for Windows, Stained Glass Effect Suncatcher for Home Decor Doors Garden Festival Gift	Garden:Garden Décor:Garden Sculptures & Statues:Sun Catchers
UK	B0GWCC2VBY	平板亚克力	猫+花	0	shop	8.99	0	20	FBA	BSITSSS	Sun Catcher Roses, Acrylic Suncatcher 20 x 20cm, Rose Flowers Hanging Ornament with Chain and Hooks for Windows Garden Home Balcony Birthday Housewarming Gift	Garden:Garden Décor:Garden Sculptures & Statues:Sun Catchers
UK	B0H33RGM8V	平板亚克力	猫	1	shop	6.99	0	21	FBA	Dei tkeyts	Bat Sun Catchers for Windows, Stained Glass Style Suncatchers, Gothic Hanging Garden Ornaments, Acrylic Window Hanging Decor for Garden, Balcony, Living Room	Garden:Garden Décor:Garden Sculptures & Statues:Sun Catchers
UK	B0H2YYW7XJ	平板亚克力	猫+花	1	shop	5.98	0	22	FBA	Dei tkeyts	Angel Sun Catcher, Fairy Stained Glass Sun Catchers for Windows, Dreamy Flowers Hanging Ornament, Acrylic Angel Suncatcher, Elegant Pendant Home Decor for Garden, Patio &amp; Balcony	Garden:Garden Décor:Garden Sculptures & Statues:Sun Catchers
UK	B0H33V52CM	平板亚克力	猫+高地牛	1	shop	5.58	0	22	FBA	Dei tkeyts	Highland Cow Sun Catchers for Windows, Stained Glass Style Suncatchers, Acrylic Basket Cattle Ornaments, Window Hanging Decor for Garden, Balcony, Home, Highland Cow Gift for Women Men	Garden:Garden Décor:Garden Sculptures & Statues:Sun Catchers
UK	B0H2DFYXQ7	平板亚克力	猫+花	1	shop	5.98	0	22	FBA	Dei tkeyts	Flower Fairy Sun Catcher, Acrylic Hanging Ornaments with Chain, Weather-Resistant Fairy Garden Ornaments Outdoor, Suncatchers for Windows &amp; Courtyards, Romantic Garden Gifts for Fairy Tale Lover	Garden:Garden Décor:Garden Sculptures & Statues:Sun Catchers
UK	B0H1C2F17H	平板亚克力	猫+花	1	shop	6.58	0	25	FBA	Orsefeliy	Daffodils Suncatcher, Spring Daffodils Ornament with Crescent Moon Outline, Acrylic Stained Glass Sun Catchers for Windows, Charming Hanging Ornament for Outdoor Indoor Home Decor	Garden:Garden Décor:Garden Sculptures & Statues:Sun Catchers
UK	B0GYNKFLV8	平板亚克力	猫+生命树+花	1	shop	5.58	0	26	FBA	Orsefeliy	Tree of Life Sun Catcher, Stained Glass Style Sun Catchers for Windows, Flowers Tree Suncatcher, Acrylic Window Hanging Ornament for Garden, Indoor &amp; Outdoor, Housewarming Gift for Nature Enthusiasts	Garden:Garden Décor:Garden Sculptures & Statues:Sun Catchers
UK	B0H6FB6FK8	平板亚克力	其他元素	0	shop	9.99	0	27	FBM	Generic	Handmade Stained Glass Spinner, 2026 Dancing Lady Suncatcher, Self Assembly Boho Hanging Decor Garden Suncatcher Spinner Colorful Rotating Ornament for Window Garden Porch	Home & Kitchen:Home Accessories:Decorative Accessories:Hanging Ornaments
UK	B0H1KJ17K2	平板亚克力	猫+万圣节	0	shop	3.99	0	27	FBA	Solvio	Cute Acrylic Ghost Sun Catcher, Whimsical Window Hanging Ornament, Spooky Wall Art Decoration for Home Garden Indoor Outdoor Halloween Decor	Garden:Garden Décor:Garden Sculptures & Statues:Sun Catchers
UK	B0H33F18QR	平板亚克力	猫+花	0	shop	4.89	0	27	FBA	CavspkArt	Cat Sun Catcher for Windows, Stained Glass Style Acrylic Suncatcher, Hanging Cat Ornament with Flowers Design for Home, Garden, and Balcony Decor	Garden:Garden Décor:Garden Sculptures & Statues:Sun Catchers
UK	B0H1WB3FYN	平板亚克力	猫+龙	1	shop	5.58	0	35	FBA	Dei tkeyts	Purple Dragonfly Sun Catcher, 7.87x 7.87in Imitation Stained Glass Suncatcher for Windows, Acrylic Garden Hanging Ornaments with Chain, Vintage Decor for Garden, Patio and Balcony	Garden:Garden Décor:Garden Sculptures & Statues:Sun Catchers
UK	B0H2TPNLGS	平板亚克力	猫+狐狸	0	shop	7.99	0	36	FBA	KIPTVO	Fox Gifts for Women Acrylic Sun Catcher with Chain, Suncatchers for Windows, Hanging Garden Ornaments, Garden Sun Catchers Decor, Gift for Garden Lovers, Fox Garden Ornaments 15cm	Garden:Garden Décor:Garden Sculptures & Statues:Sun Catchers
UK	B0H1BJSND5	平板亚克力	猫+猫头鹰+花	1	shop	7.98	0	38	FBA	Dei tkeyts	Owl Sun Catchers for Windows, Acrylic Owl Garden Ornaments Outdoor, Stained Glass Style Suncatchers with Flowers, Window Hanging Decor for Garden, Balcony, Home, Fence Decor	Garden:Garden Décor:Garden Sculptures & Statues:Sun Catchers
UK	B0GXB956W5	平板亚克力	猫+蝴蝶	0	shop	12.38	0	38	FBA	YUAOEUR	Stained Glass Window Hanging, Butterfly Suncatcher Glass Panel, Decorative Sun Catcher for Birthdays, Gifts for Women, Men, Wife, Aunt and Mom, 20x20 cm	Garden:Garden Décor:Garden Sculptures & Statues:Sun Catchers
UK	B0GWH64XK6	平板亚克力	知更鸟	0	shop	11.98	0	39	FBM	Generic	Stained Glass Bird Suncatcher for Windows, Acrylic Hanging Ornament with Robin Motif, Suncatchers for Windows and Garden, Bird Hanging Decoration for Window, Gift for Bird Lovers	Garden:Garden Décor:Garden Sculptures & Statues:Sun Catchers
UK	B0H14PNJHB	平板亚克力	猫+蝴蝶	1	shop	6.98	0	40	FBA	Susfyhya	Orange Cat Sun Catchers for Windows, Stained Glass Suncatchers with Butterfly, Acrylic Window Hanging Decor for Home, Patio, Balcony, Garden, Birthday &amp; Housewarming Gifts for Cats Lover	Garden:Garden Décor:Garden Sculptures & Statues:Sun Catchers
UK	B0GYPZ5KFQ	平板亚克力	其他元素	0	shop	19.32	0	42	FBM	Generic	Stained Glass Jesus Suncatcher for Windows, Acrylic Hanging Ornament with Christian Motif, Suncatchers for Windows and Garden, Religious Hanging Decoration for Window (Radiant Jesus)	Garden:Garden Décor:Garden Sculptures & Statues:Sun Catchers
UK	B0H2VJ3XJ4	平板亚克力	知更鸟	0	shop	5.99	0	46	FBA	Kynoz	Kynoz Robin Stained Glass Style Suncatcher Acrylic Bird Hanging Ornament | Vibrant robin, shatterproof acrylic, UV fade resistant, includes metal chain, for indoor &amp; garden windows	Garden:Garden Décor:Garden Sculptures & Statues:Sun Catchers
UK	B0H1122DB2	平板亚克力	猫	1	shop	6.69	0	47	FBA	Zetrifoep	Aurora Sun Catchers for Windows, Landscape Stained Glass Style Sun Catcher, Handmade Scenery Suncatcher, Acrylic Window Hanging Ornament, Elegant Suncatcher Decoration for Garden, Balcony &amp; Home	Garden:Garden Décor:Garden Sculptures & Statues:Sun Catchers
UK	B0H1DF66VP	平板亚克力	猫	0	shop	5.99	0	49	FBA	DISRIC	Hot Air Balloon Decoration,Garden Hanging Ornaments,Acrylic Hot Air Balloon Decor,2D Acrylic Model Window Decoration Pendant for Yard,Garden,Party,Camping and Weddings,Sun Catcher,Garden Decorations	Baby Products:Nursery:Decoration:Window Decorations
UK	B0H12NRPWB	平板亚克力	猫	0	shop	6.98	0	55	FBM	Generic	Hot Air Balloon Solar Garden Light, 2D Acrylic Hot Air Balloon Sun Catcher, Hangable Solar Lantern Window Decoration Pendant for Courtyard Pathway Porch Farmhouse Patio and Garden Decor (Mutilcolor-B)	Garden:Garden Décor:Garden Sculptures & Statues:Sun Catchers
UK	B0GWMN8CMZ	平板亚克力	猫+花	0	shop	4.99	0	55	FBA	LUVDECO	Sun Catcher for Windows Purple Flowers Floral Acrylic Suncatcher Decor Stained Glass Style Window Hanging Ornament for Living Room Garden (8 Inch) (Style 1)	Garden:Garden Décor:Garden Sculptures & Statues:Sun Catchers
UK	B0GZ3GRFGD	平板亚克力	海/龟	0	shop	5.98	0	55	FBA	CavspkArt	Sunrise Stained Glass Suncatcher Window Hanging - Acrylic Decor with Chain for Home, Garden, Gift, Garden Decorations	Garden:Garden Décor:Garden Sculptures & Statues:Sun Catchers
UK	B0GWCK8M5M	平板亚克力	猫+蜂鸟+花	1	shop	5.98	0	56	FBA	Generic	Bird &amp; Flowers Sun Catchers for Windows, Hummingbird Floral Stained Glass Suncatchers for Windows, Colorful Acrylic Window Hanging for Home Decor, Garden Ornament Outdoor	Garden:Garden Décor:Garden Sculptures & Statues:Sun Catchers
UK	B0GYMV1CPH	平板亚克力	猫+花	1	both	6.98	0	59	FBA	Susfyhya	Forget Me Not Sun Catcher, Stained Glass Style Sun Catchers for Windows, Blue Flower Suncatcher, Acrylic Garden Hanging Ornaments, Forget Me Not Gifts for Couples, Women &amp; Friends	Garden:Garden Décor:Garden Sculptures & Statues:Sun Catchers
UK	B0GWPVM8Z4	平板亚克力	蜂鸟	0	shop	16.99	0	59	FBA	Hoypeyfiy	Hoypeyfiy 2 PCS Hummingbird Crystal Suncatchers, Rainbow Maker Stained Glass Wind Chime, Versatile Hanging Decoration for Home, Garden, and Parties	Garden:Garden Décor:Garden Sculptures & Statues:Sun Catchers
UK	B0GVSLDH95	平板亚克力	猫	0	shop	5.69	0	59	FBA	Zorvix	Cat Sun Catcher for Windows, Acrylic Hanging Ornaments with Chain, Vibrant Suncatcher Decoration for Balcony, Garden Wall, Home, Gardening Gifts for Women	Garden:Garden Décor:Garden Sculptures & Statues:Sun Catchers
UK	B0GY4C2PW3	平板亚克力	猫+生命树	0	shop	5.59	0	59	FBA	Zorvix	Tree Of Life Sun Catcher For Windows, Hanging Window Decor Suncatchers for Indoor Outdoor Use, Garden Wall Decorations With Chains, Acrylic Window Decorations For Garden, Home, 20x20cm	Home & Kitchen:Home Accessories:Decorative Accessories:Hanging Ornaments
UK	B0FSKH124G	平板亚克力	猫	0	shop	7.69	0	61	FBM	Generic	Hot Air Balloon Stained Sun Catcher,Hanging Acrylic Solars Hot Air Balloon Lantern with Flickering Flame for Outside Window Home Decorations for Garden Patio Porch Yard Party Gift Decor (H)	Lighting:Outdoor Lighting:Lanterns
UK	B0GWCG3JDK	平板亚克力	猫+花	0	shop	4.99	0	61	FBA	Vixano	Daffodils Sun Catchers for Windows, Acrylic Sun Catchers, Hanging Garden Ornaments with Iron Chain, Window Decorations Gifts for Family, Friends, Kelly 7.9 x 7.9 in	Garden:Garden Décor:Garden Sculptures & Statues:Sun Catchers
UK	B0GVDDB61D	平板亚克力	花	0	shop	4.99	0	73	FBA	Pralen	Flower Bookshelf Suncatcher Ornament with Greeting Card, Unique Book Gifts for Book Lovers, Acrylic Hanging Ornaments with Stained Glass Effect	Garden:Garden Décor:Garden Sculptures & Statues:Sun Catchers
UK	B0GV4CSKLP	平板亚克力	猫+知更鸟	0	shop	2.98	0	81	FBA	Mtbricey	2Pcs Robin Memorial Hanging Plaque Heart Shaped Sun Catchers for Windows Acrylic Suncatcher Pendant Bird Garden Ornament Accessories Indoor Outdoor Decor for Home Unique Gifts for Women Bird Lovers	Garden:Garden Décor:Garden Sculptures & Statues:Sun Catchers
UK	B0GVYM1GR7	平板亚克力	猫+花	1	shop	6.58	0	82	FBA	zhongko	Sun Catchers for Windows, Black Cat Floral Moon Stained Glass Suncatchers for Windows, Magical Cat Acrylic Window Hanging, Whimsical Decor for Home &amp; Garden	Garden:Garden Décor:Garden Sculptures & Statues:Sun Catchers
UK	B0GWQ7JCDR	平板亚克力	其他元素	0	shop	4.99	0	84	FBA	FILOEEX	Acrylic Garden Wall Art Outdoor,Stained Glass Suncatchers with Chain,Acrylic Suncatcher Ornament,Weather-Resistant Hanging Ornaments,Colorful Round Garden Outdoor Decor for Yard Porch Living Room (B)	Home & Kitchen:Home Accessories:Decorative Accessories:Hanging Ornaments
UK	B0GX9ZFQ8M	平板亚克力	猫+海/龟	0	clean	12.38	0	89	FBA	YUAOEUR	Stained Glass Window Hanging, Sea Turtle Suncatcher Glass Panel, Decorative Sun Catcher for Birthdays, Gifts for Women, Men, Wife, Aunt and Mom, 20x20 cm	Garden:Garden Décor:Garden Sculptures & Statues:Sun Catchers
UK	B0GV45H2YH	平板亚克力	猫	0	shop	4.99	0	97	FBA	KxrTpx	Sun Catchers, Stained Glass Suncatcher for Windows, Garden Hanging Ornaments with Colourful Glass Design, Set of Two Crystal Window Decorations for Indoor and Outdoor Use	Garden:Garden Décor:Garden Sculptures & Statues:Sun Catchers
UK	B0GQRCC1CM	平板亚克力	猫	1	shop	6.98	0	99	FBA	Dei tkeyts	Sun Suncatchers for Windows Hanging, Sun Moon Sun Catcher, Stained Glass Window Hanging Ornament, Acrylic Sun Catchers Indoor Window for Garden, Home, Indoor, Outdoor Decor	Garden:Garden Décor:Garden Sculptures & Statues:Sun Catchers
UK	B0GR88MWLM	平板亚克力	猫+高地牛	1	shop	6.98	0	99	FBA	Dei tkeyts	Highland Cow Suncatchers for Windows Hanging, Stained Glass Window Hanging Ornament, Acrylic Sun Catchers Indoor Window for Garden, Home, Indoor, Outdoor Decor, Highland Cow Gift for Book Lovers	Garden:Garden Décor:Garden Sculptures & Statues:Sun Catchers
UK	B0GGS3KMMK	平板亚克力	猫	0	shop	5.99	0	102	FBM	Generic	Hot Air Balloon Sun Catcher Colorful Stained Hangable Ornament 2d Flat Acrylic Hanging Pendant for Outdoor Garden Terrace Yard Balcony Patio	Garden:Garden Décor:Garden Sculptures & Statues:Sun Catchers
UK	B0GHMTB1LX	平板亚克力	猫+高地牛	1	shop	7.98	0	131	FBA	Dei tkeyts	Highland Cow Suncatcher, Colorful Acrylic Sun Catchers for Windows Hanging Decor, Stained Glass Highland Cow Ornament for Home, Garden, Balcony, Wall and Fence Decorations	Garden:Garden Décor:Garden Sculptures & Statues:Sun Catchers
UK	B0GK6G72XL	平板亚克力	猫+猫头鹰	1	shop	5.98	0	133	FBA	zhongko	Owl Sun Catcher for Windows, Enchanting Owl Garden Ornaments Outdoor, Stained Glass Style Acrylic Suncatcher Decorations, Window Hanging Decor for Home, Garden and Balcony	Garden:Garden Décor:Garden Sculptures & Statues:Sun Catchers
UK	B0GG8YMCSK	平板亚克力	猫+蝴蝶	0	shop	8.99	0	144	FBA	Xutanek	Mum And Daughter Sun Catcher, Blue Butterfly Acrylic Crystal Suncatcher for Mum, Window Hanging Suncatcher, Best Mom Gifts for Mummy from Daughter Son, Hanging Crystals Gift for	Garden:Garden Décor:Garden Sculptures & Statues:Sun Catchers
UK	B0G8Z584BF	平板亚克力	其他元素	0	shop	6.99	0	152	FBA	Srumvoat	Suncatcher, Acrylic Colorful Spiral Suncatchers with Chains, Wonderful Mothers Day Valentine's Day Gifts &amp; Birthday Gifts for Women, 20x20cm Hanging Ornaments for Art Lovers for Garden Balcony	Garden:Garden Décor:Garden Sculptures & Statues:Sun Catchers
UK	B0GGZM2S4P	平板亚克力	猫+龙	1	shop	6.58	0	164	FBA	zhongko	Dragon Sun Catchers for Windows, Fourth Merch Wing Suncatchers for Windows, Stained Glass Window Hanging, 2D Flat Hanging Garden Ornament Suncatchers, Fantasy Gift for Book Lovers	Garden:Garden Décor:Garden Sculptures & Statues:Sun Catchers
UK	B0GCLSZ4GH	平板亚克力	猫+龙	1	shop	6.98	NULL	173	NA	shirylzee	Dragon Sun Catcher, Acrylic Suncatchers for Windows Hanging, Stained Glass Window Hanging, Sun Catchers Indoor Window, Gift Idea &amp; Garden Ornament Indoor Outdoor Use	Garden:Garden Décor:Garden Sculptures & Statues:Sun Catchers
UK	B0G8YM36C6	平板亚克力	猫	1	shop	6.98	0	176	FBA	zhongko	Violet Acrylic Suncatcher Ornament, 20 x 20cm Stained Glass Suncatchers with Chain, Sun Catchers for Windows, Hanging Garden Ornaments for Indoor Outdoor, Car Wedding Party	Garden:Garden Décor:Garden Sculptures & Statues:Sun Catchers
UK	B0GC55CFM7	平板亚克力	猫	0	shop	7.19	0	180	FBA	Cokoozoo	Sun Catchers for Windows - Garden Hanging Ornaments,Stained Glass Suncatcher Honeybee, 6 Inch Acrylic Panel with Metal Chain, Sun Catchers Decoration for Window, for Women, Men, Wife, Aunt, and Mom,	Garden:Garden Décor:Garden Sculptures & Statues:Sun Catchers
UK	B0G3H8SYG9	平板亚克力	猫+知更鸟	0	shop	7.99	0	195	FBA	hommova	2 Pcs Acrylic Robin Sun Catchers for Windows, 20 cm x 20 cm Hanging 2D Robin Suncatcher for Home Garden Wall	Garden:Garden Décor:Garden Sculptures & Statues:Sun Catchers
UK	B0G6DXXW8Y	平板亚克力	猫+知更鸟	0	shop	4.99	0	210	FBA	Wnzdp	2Pcs Set Handcrafted Robin Sun Catcher with Stained Glass Effect, Large Heart-Shaped Robin Suncatcher for Windows, Garden &amp; Outdoor Decor, Hanging Decoration	Garden:Garden Décor:Garden Sculptures & Statues:Sun Catchers
UK	B0G2LNHPH1	平板亚克力	蝴蝶	0	shop	7.29	0	226	FBA	SurPse	Sister Gifts, Butterfly Acrylic Keepsake for Sister Birthday, Crystal Suncatcher, Home Decor, Sisterhood Memento, for Graduation, Valentine's Day, New Year &amp; Anniversaries	Garden:Garden Décor:Garden Sculptures & Statues:Sun Catchers
UK	B0FXWWJQ53	平板亚克力	猫	0	shop	6.99	0	233	FBA	SurPse	Garden Wall Decorations 2D Book Ornament, Cute Cat Bookshelf Suncatcher Ornament, Acrylic Suncatchers for Windows with Stained Glass Effect, Casting Enchanting Light Patterns, Book Lover Gifts	Home & Kitchen:Home Accessories:Decorative Accessories:Hanging Ornaments
UK	B0FPMDJBWM	平板亚克力	猫	0	shop	15.99	0	246	FBM	Bimkole	Bimkole Santa Claus Stained Glass Suncatcher Window Hanging - Christmas Indoor Window or Doorway Decoration - Handmade Sun Catcher Decor for Garden Home Christmas &amp; Birthday Gifts 7.87x7.87 inch	Garden:Garden Décor:Garden Sculptures & Statues:Sun Catchers
UK	B0FSQ7Z378	平板亚克力	猫	0	shop	15.99	0	250	FBM	Bimkole	Bimkole Santa Claus Stained Glass Suncatcher Window Hanging - Christmas Indoor Window or Doorway Decoration - Handmade Sun Catcher Decor for Birthday for Women, Men, Wife, Lovers, and Mom 20x20 cm	Garden:Garden Décor:Garden Sculptures & Statues:Sun Catchers
UK	B0FQ42SN2K	平板亚克力	万圣节	0	shop	2.55	0	267	FBM	Generic	Halloween Ghost Reading Book Hanging Decor Acrylic Window Hanging Decorations Colorful Shadow Ornament	Garden:Garden Décor:Garden Sculptures & Statues:Sun Catchers
UK	B0F6Y3Y3T5	平板亚克力	猫	0	shop	7.99	0	394	FBM	GINGER TECH	2PCS Hot Air Balloon Solar Garden Light Decor, 2D Stained Sun Catcher Balloon, Flame Effect Garden Outdoor, Hanging Acrylic Solar Lanterns Decor for Outside Window Home	Lighting:Outdoor Lighting:Lanterns
UK	B0F7QWGQ6R	平板亚克力	猫	0	shop	7.99	0	420	NA	TUYOBG	Colorful Paw-Shaped Pet Memorial Gift – Acrylic Dog Remembrance Plaque, Pet Bereavement Gift for Pet Loss – Hanging Suncatcher Ornament for Dog or Cat Memorial, Thoughtful Gift for Pet Lovers	Pet Supplies:Dogs:Memorials & Funerary:Plates & Plaques
UK	B0F2DZ7VYN	平板亚克力	猫	1	shop	6.98	0	458	FBA	shirylzee	Phoenix Suncatcher - Stained Glass Effect Window Hanging - Oriental Bird Acrylic Ornament - Colourful Rainbow Maker Sun Catchers for Windows Indoor Outdoor Garden - Unique Chinese Art Home Decor Gift	Garden:Garden Décor:Garden Sculptures & Statues:Sun Catchers
UK	B0DS5JCC5C	平板亚克力	猫	0	shop	4.83	0	470	FBM	pulunto	Stained Glass Cat Suncatcher Stained Glass Window Hanging Decor Sun Catcher Hanging Decorations Sun Catchers Gifts Couple's Gift for Women Cat Lovers	Garden:Garden Décor:Garden Sculptures & Statues:Sun Catchers
UK	B0CQ7DZT3J	平板亚克力	万圣节	0	shop	8.55	0	936	FBM	YCHZ	Halloween Decorations Bat Suncatcher, 4.72x2.55 Inch Black Bat Rearview Mirror Hanging Ornament, Silent Swing Gothic Car Accessories for Women, Witchy Gifts Acrylic Spooky Car Decor Interior	Automotive:Car Accessories:Rearview Mirror Ornaments
UK	B0H3P6SZHS	拼图suncatcher	猫+蜂鸟+花	0	shop	11.99	3	21	FBA	NAXIXI	18.8CM Acrylic Puzzle Suncatcher Window Hanging,Hummingbird Flowers Stained Glass Sun Catchers for Windows,Stained Glass Sun Catchers for Windows,Emerald Flame Hummingbird Sun Catchers(Bird)	Baby Products:Nursery:Decoration:Window Decorations
UK	B0GZ2SQZ3L	拼图suncatcher	猫	0	shop	8.99	3	25	FBM	Generic	Acrylic Puzzles Sun Catcher Window Hanging, 83 Pieces 7.87 Inch Sun Catcher Acrylic Puzzles, DIY Stained Glass Acrylics Jigsaw Puzzle Sun- Catchers Kit, Garden Decoration for Women Men Birthday Gift	Toys & Games:Jigsaws & Puzzles:Jigsaw Puzzles
UK	B0H4LRV95H	拼图suncatcher	猫+高地牛	0	shop	10.99	2	22	FBA	Velvahue	Acrylic Jigsaw Puzzle Suncatcher, 7in Highland Cow Sun Catchers for Windows | Acrylic Puzzles Suncatcher, Hanging Garden Ornaments, Craft Gifts for Women Men Home Decor	Toys & Games:Arts & Crafts:Craft Kits:Glass Art & Suncatchers
UK	B0GYZHGV3B	拼图suncatcher	猫	0	shop	15.98	2	23	FBM	Generic	Acrylic Puzzle Suncatcher, Multicolor Flora Glowing Haven Sun Catcher Puzzle, DIY Sun Catcher Puzzle for Window Hanging Home Garden Decor, Stained Glass Style (A)	Garden:Garden Décor:Garden Sculptures & Statues:Sun Catchers
UK	B0H4ZMFDST	拼图suncatcher	猫+蜂鸟	0	shop	12.99	2	27	FBA	XQMMGO	Hummingbird Acrylic Suncatcher Window Hanging, 7.4&quot; DIY Jigsaw Puzzle Craft Kit for Adults, Shatterproof Stained Glass Effect Rainbow Maker Light Catcher Women Mum (A)	Toys & Games:Arts & Crafts:Craft Kits:Glass Art & Suncatchers
UK	B0GZP31P9Y	拼图suncatcher	猫	0	shop	11.99	2	41	FBA	Srumvoat	Acrylic Puzzle Suncatcher Hanging Ornament, Bird Jigsaw Puzzle Window Decor for Home/Garden, Double Sided Acrylic Sun Catcher Gifts for Women Men, Mothers Day Birthday	Garden:Garden Décor:Garden Sculptures & Statues:Sun Catchers
UK	B0H4XXHQKV	拼图suncatcher	其他元素	0	shop	10.99	1	23	FBA	MMDOCO	Acrylic Puzzles Suncatcher, Tree of Radiant Glass Puzzle – Jigsaw Puzzle for Doors Garden, Mother's Day Christmas Birthday Gifts for Women Men（B）	Toys & Games:Arts & Crafts:Craft Kits:Glass Art & Suncatchers
UK	B0H3JK6161	拼图suncatcher	蜂鸟	0	shop	9.99	1	33	FBM	Generic	Acrylic Stained Glass Style Puzzle with Hanging Chain Hummingbird Birds Design 3D Transparent Jigsaw, Acrylic Suncatcher Window Hanging, Wall Decor Art Piece for Home Office Gift	Toys & Games:Arts & Crafts:Craft Kits:Glass Art & Suncatchers
UK	B0H5BQPM98	拼图suncatcher	花	0	shop	9.99	0	14	FBA	INCOHOIX	Bird Floral Stained Glass Effect DIY Suncatcher Kit, Irregular Acrylic Window Hanging Puzzle Ornament 18.8×8.5cm, Colourful Bird Branch Window Decor Gift for Friends	Garden:Garden Décor:Garden Sculptures & Statues:Sun Catchers
UK	B0H3ZNVZGV	拼图suncatcher	其他元素	0	shop	10.99	0	21	FBA	Xenovate	Suncatcher Balcony Decor, Suncatcher Puzzle Dolphin Love Song Acrylic DIY Hanging Ornament, Garden Wall Decorations with Accessories for Window Wall Garden Home Gift	Baby Products:Nursery:Decoration:Window Decorations
UK	B0GYRBSKVS	拼图suncatcher	猫	1	shop	8.99	0	27	FBA	Orsefeliy	Acrylic Jigsaw Puzzle Suncatcher, Pastoral Landscape Sun Catchers for Windows, Unique DIY Garden Ornament Outdoor, Colorful Hanging Decoration for Garden, Fence and Home	Toys & Games:Arts & Crafts:Craft Kits:Glass Art & Suncatchers
UK	B0GZZS8CGG	拼图suncatcher	猫	0	shop	8.99	0	41	FBM	Generic	Suncatcher Window Hanging Puzzle Curtain Decoration Unique Acrylic Sun Catcher Puzzle Kit with Chain 7.36 Inch for Doors Garden and Window Hanging Home	Garden:Garden Décor:Garden Sculptures & Statues:Sun Catchers
UK	B0GY34CNMT	拼图suncatcher	猫+花	0	shop	16.99	0	75	FBM	Generic	Acrylic Puzzle Suncatcher – 83 Pieces 7.4 Inch Flower Puzzle Suncatcher, for Mom, DIY Colorful Light Catcher Hanging for Home Garden, 8 Floral Patterns (D)	Garden:Garden Décor:Garden Sculptures & Statues:Sun Catchers
UK	B0GYF2PP9X	拼图suncatcher	猫	0	shop	15.68	0	79	FBM	Generic	7.4 in Acrylic Sun Catcher Kit for Window Hanging, Acrylic Jigsaw Puzzle Sun Catcher Stained Glass Wall Hanging Decoration for Door Garden, Birthday Gifts for Women Men (Tree of Radiant Glass)	Toys & Games:Arts & Crafts:Craft Kits:Glass Art & Suncatchers
UK	B0GYRX7SP6	拼图suncatcher	猫	0	shop	11.99	0	81	FBM	rovian	Acrylic Puzzle Suncatcher 83 Pieces, 7.8 Inch Stained Glass Effect Acrylic Window Hanging Sun Catcher Puzzle for Home Garden Decor, Birthday Gifts for Women Men Adults (C)	Garden:Garden Décor:Garden Sculptures & Statues:Sun Catchers
UK	B0GY45RRBD	拼图suncatcher	其他元素	0	shop	16.99	0	84	FBM	Generic	Acrylic Puzzle Window Hanging – 83-Piece DIY Suncatcher, Colorful Geometric Acrylic Art for Home Window Decor, Includes Chain &amp; Mounting Hardware (Type A)	Garden:Garden Décor:Garden Sculptures & Statues:Sun Catchers
UK	B0GYF4ST6B	拼图suncatcher	猫	0	shop	14.98	0	84	FBM	Generic	Acrylic Puzzles Suncatcher, Natural Scenery Window Hanging, 7.4 Inch Sun Catcher Puzzles, Garden Decoration for Women Men Mom Birthday Gift Home Decor (A)	Garden:Garden Décor:Garden Sculptures & Statues:Sun Catchers
UK	B0GXZRS2ST	拼图suncatcher	猫	0	shop	11.56	0	89	FBM	Generic	Acrylic Puzzles Sun Catcher Window Hanging - DIY Sun Catcher Kits for Adults,83 Pieces Suncatchers Stained Glass Acrylic Puzzle Decoration for Home Decor,Acrylics Jigsaw Puzzles Gifts for Women Mom	Garden:Garden Décor:Garden Sculptures & Statues:Sun Catchers
UK	B0GDZLM3G1	拼图suncatcher	知更鸟	0	shop	5.59	0	177	FBA	SurPse	2-Piece Acrylic Suncatcher Puzzle Set, Lightweight Window Decorations and Robin Ornaments for Garden, Bird Gifts for Women	Garden:Garden Décor:Garden Sculptures & Statues:Sun Catchers
UK	B0GZJTFKP8	拼图suncatcher	猫	0	shop	9.99	0	NULL	FBM	Generic	Acrylic Puzzle Suncatcher, Goldfinch Sun Catcher Puzzle for Window Hanging, DIY Craft Puzzles for Adults, Home and Garden Decor (A)	Garden:Garden Décor:Garden Sculptures & Statues:Sun Catchers
UK	B0GZJPBJZ1	拼图suncatcher	猫	0	shop	9.99	0	NULL	FBM	Generic	Acrylic Puzzle Suncatcher, Goldfinch Sun Catcher Puzzle for Window Hanging, DIY Craft Puzzles for Adults, Home and Garden Decor (F)	Garden:Garden Décor:Garden Sculptures & Statues:Sun Catchers
UK	B0GZJPV8JX	拼图suncatcher	猫	0	shop	9.99	0	NULL	FBM	Generic	Acrylic Puzzle Suncatcher, Goldfinch Sun Catcher Puzzle for Window Hanging, DIY Craft Puzzles for Adults, Home and Garden Decor (D)	Garden:Garden Décor:Garden Sculptures & Statues:Sun Catchers
UK	B0FS1VGD66	类目命中-待分	猫+知更鸟	0	shop	5.59	51	287	FBA	aieieii	2Pcs Robin Garden Ornaments Outdoor, Sun Catchers for Windows Large Heart Shaped Robin Ornaments, 20cm Garden Decorations Garden Gifts for Women Suitable for Living Room Window Hanging Home Decoration	Garden:Garden Décor:Garden Sculptures & Statues:Sun Catchers
UK	B0FNW5WB64	类目命中-待分	猫	0	shop	4.99	42	298	FBA	TUYOBG	1PC Angel Wings Sun Catchers for Windows, Elegant Angel Wings Ornaments for Garden Decor, Suncatcher for Balcony Decor and Window Decorations, Memorial Angel's Wings Suncatchers, for Home and Office	Garden:Garden Décor:Garden Sculptures & Statues:Sun Catchers
UK	B0GCD16B48	类目命中-待分	其他元素	0	shop	8.99	14	139	FBA	GMBANK	Dog Memorial Gifts, Pet Loss Gifts Loss Of A Dog Gift, Pet Memorial Gifts Personalised Rainbow Bridge Pet Loss Gifts (You Live In The House Of My Heart)	Garden:Garden Décor:Garden Sculptures & Statues:Sun Catchers
UK	B0G58TYGWP	类目命中-待分	猫+万圣节	0	clean	8.99	13	204	FBA	Ling &amp; Bai	Ling &amp; Bai Black Cat Decor On White Moon Window Hanging Windows Panels Sun Catcher Halloween Ornament Decoration Memorial Gift for Kitten Lover (Style-B)	Garden:Garden Décor:Garden Sculptures & Statues:Sun Catchers
UK	B0DS6344GN	类目命中-待分	猫+万圣节	0	shop	8.99	13	515	FBA	Ling &amp; Bai	Ling &amp; Bai Black Cat Decor On White Moon Window Hanging Windows Panels Sun Catcher Halloween Ornament Decoration Memorial Gift for Kitten Lover(Black cat)	Garden:Garden Décor:Garden Sculptures & Statues:Sun Catchers
UK	B0FQV9C88Z	类目命中-待分	生命树	0	shop	5.59	7	293	FBA	aieieii	Tree Of Life Wall Art Hanging Garden Ornaments Outdoor, Garden Wall Art Outdoor Decoration, Colorful Circular Ornament, Suitable for Courtyards Porches or Living Rooms	Garden:Garden Décor:Garden Sculptures & Statues:Sun Catchers
UK	B0GSZ67NS9	类目命中-待分	猫+蝴蝶	0	shop	4.99	4	111	FBA	YcsRnn	Sun Catchers for Windows, Butterfly Garden Ornament Suncatchers, Decorative Window Accents for Home Decor, 11x11 cm Size	Garden:Garden Décor:Garden Sculptures & Statues:Sun Catchers
UK	B0H29MJV5Q	类目命中-待分	猫+狐狸	0	shop	6.59	2	20	FBA	molicorl	Fox Suncatcher Ornament, Hanging Window Sun Catcher and Decorative Light Catcher for Adults, Animal Window Decoration for Home, Conservatory, Patio and Garden Display	Garden:Garden Décor:Garden Sculptures & Statues:Sun Catchers
UK	B0H38V6TGT	类目命中-待分	猫+狐狸	1	shop	5.99	0	12	FBA	Zetrifoep	Fox Moon Sun Catcher, Mysterious Hanging Ornaments with Chain, Stain Glass Suncatchers for Windows, Walls &amp; Garden Decor, Charming Fox Gifts for Coworkers, Neighbors and Fox Enthusiasts	Garden:Garden Décor:Garden Sculptures & Statues:Sun Catchers
UK	B0H2D8SM4L	类目命中-待分	猫	1	shop	5.58	0	22	FBA	Dei tkeyts	Starry Black Cat Sun Catcher, Cat Hanging Ornament with Chain, Weather-Resistant Suncatchers for Windows, Garden &amp; Home Decor, Charming Black Cat Gift for Friends, Colleagues and Neighbors	Garden:Garden Décor:Garden Sculptures & Statues:Sun Catchers
UK	B0H2QJK858	类目命中-待分	猫	0	shop	7.99	0	39	FBA	Tbczvx	2 Pcs Cat Memorial Gifts, Garden and Window Hanging Decorations, Sunlight Reflection Keepsakes for Pet Loss Remembrance Suncatcher for Windows for Home and Car Display	Garden:Garden Décor:Garden Sculptures & Statues:Sun Catchers
UK	B0GL8KTN64	类目命中-待分	知更鸟	0	shop	4.19	0	75	FBA	ZappelStift	2PCS Robin Gifts, Hanging Garden Ornaments, Garden Hanging Ornaments - Beautiful Bird Decor for Outdoor Patio, Hanging Accents, Nature Lovers Present, Perfect for Garden Parties	Garden:Garden Décor:Garden Sculptures & Statues:Sun Catchers
US	B0G1M344TP	其他窗挂	其他元素	0	shop	23.99	167	174	FBA	Ornalrist	Unique 90th Birthday Gifts for Women Glass Suncatcher Happy 90th Birthday Ideas Heart Rainbow Maker Keepsake Presents for Mom Grandma Friends Turning 90 Year Old Hanging Ornament	Home & Kitchen:Home Décor Products:Home Décor Accents:Hanging Ornaments
US	B0FR1LZMCD	其他窗挂	其他元素	0	shop	9.99	99	253	FBA	SENQAO	SENQAO Gnome Diamond Art Hanging Kits for Adults Kids, Christmas Diamond Art Suncatchers, 5D Special Shape Diamond Painting Pendant Window Ornament Gifts for Home Garden Door Wall Decor	Arts, Crafts & Sewing:Crafting:Mosaic Making:Diamond Painting Kits & Accessories:Diamond Painting Kits
US	B0C99H458G	其他窗挂	其他元素	0	shop	21.99	61	1104	FBA	Jenaai	Jenaai 72 Pcs Window Art Suncatcher Kits DIY Window Suncatchers for to Paint Ornament with 24 Suction Cups for Crafts Gift(Unicorn)	Toys & Games:Arts & Crafts:Craft Kits
US	B0FM2PYSCH	其他窗挂	其他元素	0	shop	8.99	59	306	FBA	SENQAO	SENQAO Christmas Diamond Art Hanging Kits for Adults Kids, Christmas Wreath Diamond Art Suncatchers, 5D Special Shape Diamond Painting Pendant Window Ornament Gifts for Home Door Wall Decor	Arts, Crafts & Sewing:Crafting:Mosaic Making:Diamond Painting Kits & Accessories:Diamond Painting Kits
US	B0G47N21L2	其他窗挂	蝴蝶	0	shop	16.99	47	233	FBA	Soulchen	Soulchen Butterfly Suncatcher Wings Craft for Girls Colorful Cellophane Butterfly Wings Costume Accessories for Kids Girls Fairy Dress up Birthday Classroom Activities Party Favor	Toys & Games:Dress Up & Pretend Play:Costumes
US	B0FN435WJH	其他窗挂	猫	0	shop	5.69	46	302	FBA	ValueBargain	Rainbow Window Stickers, 18 Pcs Prism Window Cling for Windows Bird Deterrent, Sun Catcher Sticker (2 Sheets)	Home & Kitchen:Home Décor Products:Window Treatments:Window Stickers & Films:Window Stickers
US	B0G1C5R3KG	其他窗挂	蝴蝶	0	shop	22.99	24	257	FBA	VioraWhite	VioraWhite Fairy Butterfly Suncatcher Wings Girls Costume Accessories Colorful Cellophane Butterflies Wings for Kids Daughter	Toys & Games:Dress Up & Pretend Play:Costumes
US	B01BN9SQ16	其他窗挂	其他元素	0	shop	18.93	17	3512	FBA	Sunset Vista Designs	Sunset Vista Designs Metal and Glass Crab and Star Fish Suncatcher	Patio, Lawn & Garden:Outdoor Décor:Garden Sculptures & Statues:Suncatchers
US	B092DPP355	其他窗挂	万圣节	0	shop	9.89	15	1915	NA	JARPSIRY	Stained Enamel and Metal Bat Moon Suncatcher Window Panel Wall Hanging Ornaments Halloween Horror Home Decorations	Patio, Lawn & Garden:Outdoor Décor:Garden Sculptures & Statues:Suncatchers
US	B0H1NG5491	其他窗挂	猫	0	shop	18.99	7	25	FBA	Vyrthas	Cat Memorial Gifts for Loss of Cat - Solid Wood Rotating 4x6 Pet Memorial Picture Frame with Secure Fur Keepsake Jar &amp; Suncatcher - Remembrance Sympathy Gift for Tabletop Display	Home & Kitchen:Home Décor Products:Photo Albums, Frames & Accessories:Picture Frames:Wall & Tabletop Frames
US	B0G4R3L95D	其他窗挂	其他元素	0	shop	19.85	6	37	FBM	Generic	Christmas Diamond Art Painting Hanging Pendants, Special Shape Gem Art Suncatchers Ornament,DIY Pendant Ornaments Kits for Featival Home Garden Wall Decor(Christmas Wreath)	Arts, Crafts & Sewing:Crafting:Mosaic Making:Diamond Painting Kits & Accessories:Diamond Painting Kits
US	B0G6JXTZKF	其他窗挂	猫	0	shop	19.63	6	116	FBM	Generic	Diamond Art Painting Window Pendants,Outdoor Fishing Pattern Special Shaped Rhinestone, DIY Window Pendant Diamond Art Painting Kit Sun Catcher, Porch Outdoor Garden Ornaments	Arts, Crafts & Sewing:Crafting:Mosaic Making:Diamond Painting Kits & Accessories:Diamond Painting Kits
US	B0GVN2G969	其他窗挂	猫+花	0	shop	9.99	5	76	FBA	OLYCRAFT	OLYCRAFT 4Pcs Urn Car Hanging Ornaments Flower Glass Car Hanging Ornament Colorful Sun Catcher Cars Rear View Mirror Accessories Keepsake Memories Urn Pendant Charm for Memorial Home Hanging Decor	Pet Supplies:Cats:Memorials & Funerary
US	B0G57TYT2C	其他窗挂	其他元素	0	shop	9.99	5	194	FBA	SVKN	6 Pcs Snowflake Diamond Art Kits Double Sided Suncatchers Wind Chimes Diamond Art Ornaments for Craft Winter Hanging Accessories	Arts, Crafts & Sewing:Crafting:Mosaic Making:Diamond Painting Kits & Accessories:Diamond Painting Kits
US	B0F1JJK5HD	其他窗挂	猫+花	0	shop	9.83	4	474	FBM	Generic	Solar Powered Dancing Swinging Flower Car Ornament, Bobblehead Dancer Window Sun Catcher, Car Dashboard Decorations, Automatic Swing Dancing Flower, for Home Desk Window Decoration	Toys & Games:Learning & Education:Solar Power Kits
US	B0FLV7HY4F	其他窗挂	猫	0	shop	17.99	2	34	FBM	C'eitura	C'eitura Pumpkin Basket 2D Flat Diamond Art Hanging Pendant – DIY Fall Harvest Sun Catcher for Autumn Window Wall Decor, Easy Seasonal Craft Kit for Thanksgiving, Unique Gift for Fall Lovers	Arts, Crafts & Sewing:Crafting:Mosaic Making:Diamond Painting Kits & Accessories:Diamond Painting Kits
US	B0H2YK63ZK	其他窗挂	猫	0	shop	8.99	1	22	FBA	Eccloraff	2 Pcs Pet Memorial Suncatchers Ornament for Home Decor | Sympathy Gift for Pet Loss, Suncatchers for Windows Hanging, Memorial Gift for Dog and Cat Lovers	Home & Kitchen:Home Décor Products:Home Décor Accents:Hanging Ornaments
US	B0GR94T5NK	其他窗挂	猫	0	shop	12.59	1	73	FBA	OLYCRAFT	OLYCRAFT 81Pcs 6 Styles Rainbow Anti Collision Window Decals Star Moon Sun Catcher Window Clings for Glass Windows PVC Self-Adhesive Window Rainbow Stickers for Home Office Glass Surfaces	Home & Kitchen:Home Décor Products:Kids' Room Décor:Window Treatments:Window Stickers & Films:Window Stickers
US	B0G5XT5Q6T	其他窗挂	猫+花	0	shop	20.29	1	119	FBM	Generic	Strawberry Flower Pattern Diamond Art Painting Window Pendants,Special Shaped Rhinestone,DIY Window Pendant Diamond Art Painting Kit Sun Catcher,Porch Outdoor Garden Ornaments	Arts, Crafts & Sewing:Crafting:Mosaic Making:Diamond Painting Kits & Accessories:Diamond Painting Kits
US	B0G7FH4162	其他窗挂	猫+花	0	shop	18.46	1	147	FBM	Generic	Diamond Art Painting Window Pendants,Love Flower Pattern Window Pendant Diamond Art Painting Kit Sun Catcher,Porch Outdoor Garden Ornaments	Arts, Crafts & Sewing:Crafting:Mosaic Making:Diamond Painting Kits & Accessories:Diamond Painting Kits
US	B0G5XPNYG9	其他窗挂	万圣节	0	shop	16.88	0	33	FBM	Generic	Halloween Diamond Art Painting Hanging Pendants,Special Shape Gem Art Suncatchers Ornament,DIY Pendant Ornaments Kits for Featival Home Garden Wall Decor	Arts, Crafts & Sewing:Crafting:Mosaic Making:Diamond Painting Kits & Accessories:Diamond Painting Kits
US	B0GWQC5ND3	其他窗挂	其他元素	0	shop	18.98	0	69	NA	Eirynshelle	Eirynshelle DIY Suncatchers Making Kits with Alloy Pendants Stainless Steel Charms Glass Pendants and Brass Chains for Window Craft Creations	Arts, Crafts & Sewing:Beading & Jewelry Making:Jewelry Making Kits
US	B0G4DXKDHC	其他窗挂	猫	0	shop	19.62	0	93	FBM	Generic	Diamond Art Painting Window Pendants, Special Shaped Rhinestone, DIY Window Pendant Diamond Art Painting Kit Sun Catcher, Porch Outdoor Garden Ornaments(House)	Arts, Crafts & Sewing:Crafting:Mosaic Making:Diamond Painting Kits & Accessories:Diamond Painting Kits
US	B0G5YLXRY1	其他窗挂	花	0	shop	17.97	0	105	FBM	Generic	Flower Pattern Diamond Art Painting Hanging Pendants,Special Shape Gem Art Suncatchers Ornament,DIY Pendant Ornaments Kits for Featival Home Garden Wall Decor	Arts, Crafts & Sewing:Crafting:Mosaic Making:Diamond Painting Kits & Accessories:Diamond Painting Kits
US	B0G584JLB9	其他窗挂	猫+蝴蝶	0	shop	19.71	0	136	FBM	Generic	Butterfly Mandala Diamond Art Painting Window Pendants,Special Shaped Rhinestone,DIY Window Pendant Diamond Art Painting Kit Sun Catcher,Porch Outdoor Garden Ornaments	Arts, Crafts & Sewing:Crafting:Mosaic Making:Diamond Painting Kits & Accessories:Diamond Painting Kits
US	B0G6SWH3NF	其他窗挂	猫	0	shop	19.54	0	140	FBM	Generic	Diamond Art Painting Window Pendants, Phoenix Pattern Special Shaped Rhinestone, DIY Window Pendant Diamond Art Painting Kit Sun Catcher, Porch Outdoor Garden Ornaments	Arts, Crafts & Sewing:Crafting:Mosaic Making:Diamond Painting Kits & Accessories:Diamond Painting Kits
US	B0G7HSKD6R	其他窗挂	猫头鹰	0	shop	19.36	0	161	FBM	Generic	Diamond Art Painting Hanging Pendants,Three Owls Pattern Gem Art Suncatchers Ornament Kits for Featival Home Garden Wall Decor	Arts, Crafts & Sewing:Crafting:Mosaic Making:Diamond Painting Kits & Accessories:Diamond Painting Kits
US	B0GCSTQJ7S	其他窗挂	猫	0	shop	19.64	0	195	FBM	Generic	Diamond Art Painting Window Pendants, Christmas Train Pattern Window Pendant Diamond Art Painting Kit Sun Catcher, Porch Outdoor Garden Ornaments	Arts, Crafts & Sewing:Crafting:Mosaic Making:Diamond Painting Kits & Accessories:Diamond Painting Kits
US	B0G518ZRBM	其他窗挂	其他元素	0	shop	9.99	0	200	FBA	SVKN	SVKN 6 Pcs Valentine's Day Diamond Painting Keychain Kit 5d DIY Diamond Art Suncatchers Wind Chimes Hanging Ornaments for Crafts Decoration	Arts, Crafts & Sewing:Crafting:Mosaic Making:Diamond Painting Kits & Accessories:Diamond Painting Kits
US	B0DLNVPL8K	其他窗挂	龙	0	shop	11.77	0	251	FBM	Generic	2pcs 5D DIY Diamond Painting Kits PET Hanging Pendant, Beautiful Dragonfly Special Shaped Diamond Painting Hanging Suncatcher, Window Pendant Ornament for Home Decoration and Gift	Arts, Crafts & Sewing:Crafting:Mosaic Making:Diamond Painting Kits & Accessories:Diamond Painting Kits
US	B0FP5BMJXJ	其他窗挂	其他元素	0	shop	15.99	0	295	FBA	Geyoga	Geyoga 24 Set Small Christmas Gingerbread House Gift Bags with 24 Eucalyptus 24 Suncatcher Paint Pens and Twine Mini Kraft Gingerbread Gift Bags Kit Craft Bag for Party Favor Boxes Wrapping	Health & Household:Stationery & Gift Wrapping Supplies:Gift Wrapping Supplies:Gift Bags
US	B0F6CWLJCY	其他窗挂	其他元素	0	shop	14.99	0	389	FBA	Marsui	Marsui 36 Sets Fall Suncatchers Crafts for Adult Pumpkin Maple Leaf Acorn Suncatchers Thanksgiving DIY Tissue Paper Craft for Autumn Home Activities Party	Toys & Games:Arts & Crafts:Craft Kits:Paper Craft
US	B0DQV43RQ5	其他窗挂	其他元素	0	shop	15.99	0	581	FBA	Marsui	Marsui 36 Sets Easter Crafts Kit for Adults Christian Cross Suncatcher Easter Religious Church Cross Tissue Paper Craft DIY Suncatchers Hanging Ornaments for Home Window Party Supplies	Arts, Crafts & Sewing:Crafting:Paper & Paper Crafts:Paper:Art Tissue & Crepe Paper
US	B0BTBT52XN	其他窗挂	其他元素	0	shop	12.99	0	1184	FBM	ORIGACH	ORIGACH 18 Pcs Birds and Plants Rainbow Window Clings Glass Decals Non-Adhesive Prism Vinyl Suncatcher Stickers for Bird Strike Prevention	Patio, Lawn & Garden:Outdoor Décor:Garden Sculptures & Statues:Suncatchers
US	B0C1MZQVMN	噪声-珠串棱镜	其他元素	0	shop	8.99	1522	1187	FBA	stino	2PCS Long Crystal Suncatcher Prisms for Windows (Rect ABColor) | AB Color, Transparent, K9 Glass, Rainbow Maker, with Hooks &amp; Cord	Patio, Lawn & Garden:Outdoor Décor:Garden Sculptures & Statues:Suncatchers
US	B0D7CQY3W4	噪声-珠串棱镜	猫	0	shop	6.99	538	700	FBA	ZHIYUXI	ZHIYUXI 400pcs Clear Glass Beads Crystal Beads for Jewelry Making 6mm Glass Beads Bulk for Suncatchers Keychain Crafts Sun Catcher White Beads &amp; Bead Assortment Bulk Bracelets Arts and Crafts	Arts, Crafts & Sewing:Beading & Jewelry Making:Beads & Bead Assortments
US	B0FVX8MSX8	噪声-珠串棱镜	猫	0	shop	40.99	283	278	FBA	Suncalla	Suncalla 2 Pcs Crystal Suncatchers for Window Boho Decor Hanging Sun Catcher Making Rainbow Green Plants Artificial Crystal Prisms Wind Chime with Chain for Garden Home Wedding Ornament Gift	Home & Kitchen:Home Décor Products:Home Décor Accents:Sculptures:Wall Sculptures
US	B0FDKS8HWR	噪声-珠串棱镜	其他元素	0	shop	23.99	221	319	FBA	Ornalrist	15th Anniversary Crystal Suncatcher Gifts for Him, Men, Her, Women, Couples | 15 Year Anniversary Wedding Gifts for Husband, Wife, 15 Year of Marriage Crystal Heart Hanging Rainbow Maker Garden Home Deco	Home & Kitchen:Home Décor Products:Home Décor Accents:Hanging Ornaments
US	B0D5BMB1NV	噪声-珠串棱镜	猫	0	shop	14.19	149	767	FBA	SUNNYCLUE	SUNNYCLUE 1 Box DIY 5 Sets Star Moon Sun Catchers Kit Hanging Sun Rainbow Catcher Window Hanging Prism Suncatcher Glass Crystal Suncatchers for Windows Indoor Outdoor Home Garden Decor	Patio, Lawn & Garden:Outdoor Décor:Garden Sculptures & Statues:Suncatchers
US	B0FX4ZRJZX	噪声-珠串棱镜	猫	0	shop	37.99	144	269	FBA	Suncalla	Suncalla 2pcs Beaded Plant Gifts for Plant Lovers Beaded Succulent Plants Sun Catcher Glass Leaf Beads Suncatcher for Window Hanging with Chain Bead Plants Crystal Sun Catchers Home (Classic Style)	Patio, Lawn & Garden:Outdoor Décor:Garden Sculptures & Statues:Suncatchers
US	B0FVT5VZ8V	噪声-珠串棱镜	猫	0	shop	38.99	144	279	FBA	Suncalla	12 Pcs Crystal Sparkling Suncatcher Hanging Sun Catcher with Chain Pendant Ornament for Window Party Wedding Home Decoration (Classic,Colorful)	Patio, Lawn & Garden:Outdoor Décor:Garden Sculptures & Statues:Suncatchers
US	B0F5PG2QJY	噪声-珠串棱镜	猫	0	shop	23.99	130	406	FBA	Suncalla	Suncalla 3 Pcs Crystal Suncatchers for Window Boho Decor Plant Sun Catchers Green Plants Artificial Hanging Wind Chime Sun Catchers with Chain Making Rainbow Indoor Outdoor Decor Plant Lover Gift	Patio, Lawn & Garden:Outdoor Décor:Garden Sculptures & Statues:Suncatchers
US	B0GG9QXSJG	噪声-珠串棱镜	猫	0	shop	9.99	129	190	FBA	Ferrochef	6 Pcs Crystal Plant Charms Beaded Plants Suncatcher Hanging for Mini Potted Plants, Home Window Garden, Home Window Garden Rainbow Sun Catchers Plant Accessories Indoor	Patio, Lawn & Garden:Outdoor Décor:Garden Sculptures & Statues:Suncatchers
US	B0G1LSSVG9	噪声-珠串棱镜	其他元素	0	shop	23.99	128	163	FBA	Ornalrist	Glass Friend Suncatcher Gifts - Friend Birthday Gifts for Women Men Friendship Gifts Crystal Hanging Heart Rainbow Maker Keepsake Home Garden Decor	Home & Kitchen:Home Décor Products:Home Décor Accents:Hanging Ornaments
US	B0FX9VN7L7	噪声-珠串棱镜	其他元素	0	shop	9.99	117	224	FBA	CRZSEELL	500pcs Glass Beads Dark Red, 6mm Crystal Beads for Jewelry Making, Briolette Faceted Rondelle Bulk Bead for Crafts DIY, Suncatchers, Bracelets, Earring, Necklace	Arts, Crafts & Sewing:Beading & Jewelry Making:Beads & Bead Assortments
US	B0FH4Y4H66	噪声-珠串棱镜	其他元素	0	shop	9.99	70	356	FBA	RiseDirectly	30 Pcs Christmas Ornament Hooks, S-Shaped Decorative Hangers with Crystal Beaded, Metal Wire Hooks for Christmas Tree Decorations, Suncatcher &amp; Party Crafts (Silver &amp; Crystal Beads)	Home & Kitchen:Seasonal Décor:Ornament Hooks
US	B0DB6BZXWB	噪声-珠串棱镜	其他元素	0	shop	8.99	67	710	FBA	Vtssvow	948pcs Crystal Glass Beads for Jewelry Making, Assorted Clear Faceted Crystal Suncatcher Beads for Bracelets Necklace Earring DIY Crafts, New AB Color	Arts, Crafts & Sewing:Beading & Jewelry Making:Beads & Bead Assortments
US	B0GQH2GY8T	噪声-珠串棱镜	其他元素	0	shop	6.99	65	146	FBA	MECCANIXITY	MECCANIXITY 150pcs Mini Split Rings, 13mm 304 Stainless Steel Jump Ring Small Round Ring Clips Crystals Suncatcher for Fastening Chandelier Crystal Lamp Accessories, Silver	Tools & Home Improvement:Lighting & Ceiling Fans:Ceiling Lights:Chandeliers
US	B0CD4XHZJ9	噪声-珠串棱镜	其他元素	0	shop	18.49	63	1008	FBM	Adabele	100pcs Adabele Grade A Suncatcher Crystal Rhinestone Pave Beads 6mm Clear White Polymer Clay Disco Ball Spacers	Arts, Crafts & Sewing:Beading & Jewelry Making:Beads & Bead Assortments
US	B0FZT2KKHW	噪声-珠串棱镜	其他元素	0	shop	29.99	61	259	FBA	Ferrochef	6 Pcs Plant Propagation Station Colorful Crystal Suncatcher, Handmade Boho Rooting Vase, Hanging Window Plant Propagator Stations Suncatcher with Chain Pendant Ornament Balls	Patio, Lawn & Garden:Gardening & Lawn Care:Pots, Planters & Container Accessories:Terrariums
US	B0BY48GWQC	噪声-珠串棱镜	猫	0	shop	12.09	61	1205	FBA	PATIKIL	PATIKIL Chandelier Connector Pins, 230 Pack 14mm/0.6&quot; Length Chandelier Lamp Hanger Pin for Fastening Crystals Prisms Sun Catcher, Golden	Patio, Lawn & Garden:Outdoor Décor:Garden Sculptures & Statues:Suncatchers
US	B0BRP9F47P	噪声-珠串棱镜	其他元素	0	shop	9.99	60	1250	FBA	BENECREAT	BENECREAT 5Pcs Glass Crystal Ceiling Fan Pull Chain Extenders, Colorful Hanging Suncatcher Floor Lamp Extension with 304 Stainless Steel Ball Chain for Table Lamp Light Decoration	Tools & Home Improvement:Lighting & Ceiling Fans:Ceiling Fans & Accessories:Accessories:Pull Chains
US	B0FX9PS5B1	噪声-珠串棱镜	其他元素	0	shop	9.99	58	219	FBA	CRZSEELL	850pcs 6mm Glass Beads for Jewelry Making, Green Crystal Beads, Assorted Briolette Faceted Loose Bulk Bead for St. Patrick's Day, Crafts DIY, Suncatchers, Bracelets, Earring, Necklace	Arts, Crafts & Sewing:Beading & Jewelry Making:Beads & Bead Assortments
US	B0DGKGLYCW	噪声-珠串棱镜	其他元素	0	shop	13.49	52	592	FBA	SUNNYCLUE	SUNNYCLUE 1 Box DIY 6 Sets Car Charms Making Kit Car Charm Ornament Moon Suncatchers Glass Pendants Star Teardrop Beads Hanging Ornament for Window Home Decoration Supplies	Home & Kitchen:Home Décor Products:Home Décor Accents:Hanging Ornaments
US	B0FM4HT71L	噪声-珠串棱镜	猫	0	shop	16.49	51	327	FBA	MECCANIXITY	MECCANIXITY 20Pack Crystal Ball Prism, 20mm/0.8&quot; Decorative Ball Sun Shine Catcher Suncatcher Beads for Chandelier Window Wedding Decoration Home Decor, Blue	Patio, Lawn & Garden:Outdoor Décor:Garden Sculptures & Statues:Suncatchers
US	B0GJ5NFK99	噪声-珠串棱镜	猫+生命树	0	shop	6.89	48	148	FBA	Molain	Molain Tree of Life Crystal Suncatcher, Hanging Purple Sun Catcher for Windows Elegant Purple Sun Catcher Crystals Ornament Heart Shaped Crystal Ball Prism Drop Pendant for Garden Decor Crystal Gifts	Patio, Lawn & Garden:Outdoor Décor:Garden Sculptures & Statues:Suncatchers
US	B08HJ3W8SJ	噪声-珠串棱镜	其他元素	0	shop	9.49	48	2108	FBA	creative club	20pcs Czech Faceted Crystal Glass Pear Chandelier Pendant Drop Beads Suncatcher 22mm Large April Clear Birthstone	Arts, Crafts & Sewing:Beading & Jewelry Making:Beads & Bead Assortments
US	B0C7RDD9C5	噪声-珠串棱镜	其他元素	0	shop	9.99	43	1075	FBA	AHANDMAKER	AHANDMAKER 48 Pcs Crystal Beads, 4 Style Clear Crystal Grid Teardrops AB Top Drilled Faceted Glass Beads Chandelier Dangle Pendant for DIY Jewelry Craft Making Suncatcher Home Decor	Arts, Crafts & Sewing:Beading & Jewelry Making:Beads & Bead Assortments
US	B0G5FS7CZN	噪声-珠串棱镜	猫	0	shop	9.99	40	207	FBA	SUNNYCLUE	SUNNYCLUE 1 Box DIY 8 Sets Sun Catcher Garden Stakes DIY Plant Suncatcher Kit Metal Sun Moon Charms Glass Crystal Fairy Wand Hanging Art Beads for Garden Plants Decor Making Supplies Holiday Outdoor	Patio, Lawn & Garden:Outdoor Décor:Decorative Garden Stakes
US	B0G1M72HYG	噪声-珠串棱镜	其他元素	0	shop	23.99	40	219	FBA	Ornalrist	Glass Suncatcher Wedding Gifts for Couples 2026, Happy Anniversary Marriage Prayer Crystal Hanging Heart Rainbow Maker Engagement Keepsake for Newlywed Home Garden Decor	Home & Kitchen:Home Décor Products:Home Décor Accents:Hanging Ornaments
US	B0F86YMFPL	噪声-珠串棱镜	猫	0	shop	12.99	36	415	FBA	SUNNYCLUE	SUNNYCLUE 1 Box DIY 8 Sets Sun Moon Suncatcher Kit Sun Catcher Crystals Vintage Antique Silver Tibetan Style Faceted Ab Colors Rainbow Maker Suncatcher Kit for Birthday Summer Party Favors Gifts Adult	Home & Kitchen:Home Décor Products:Home Décor Accents:Dream Catchers
US	B0GGRNPQRH	噪声-珠串棱镜	其他元素	0	shop	12.99	33	149	FBA	CRZSEELL	1040pcs 4/6/8mm Glass Beads Deep Green, Faceted Crystal Loose Rondelle Beads for Jewelry Making Bracelets Necklaces Suncatchers Plants Succulent DIY Crafts	Arts, Crafts & Sewing:Beading & Jewelry Making:Beads & Bead Assortments
US	B0FSRNB9YS	噪声-珠串棱镜	猫	0	shop	16.99	32	223	FBA	zisiueel	30 Pack Crystal Ball 20 mm Prism Suncatcher Sun Catchers Hanging Crystals Prisms for Windows Gift Feng Shui (Multicolor)	Patio, Lawn & Garden:Outdoor Décor:Garden Sculptures & Statues:Suncatchers
US	B0FGHP6FH3	噪声-珠串棱镜	猫	0	shop	13.49	32	325	FBA	Generic	Crystal Suncatchers for Windows Hanging, 10-Piece Prism Sun Catcher Set with Chains, Rainbow Maker for Indoor Window Decor, Colorful Crystal-Style Hanging Decor	Patio, Lawn & Garden:Outdoor Décor:Garden Sculptures & Statues:Suncatchers
US	B0DQKWMD9X	噪声-珠串棱镜	龙+蝴蝶	0	shop	25.99	31	580	FBA	Seenelling	24 Pcs Diamond Painting Suncatcher Bulk Wind Chime Diamond Art Kits DIY Crafts with Crystal Pendant for Summer Spring Adult Window Garden Home Party Gift(Butterfly Dragonfly Bird)	Arts, Crafts & Sewing:Crafting:Mosaic Making:Diamond Painting Kits & Accessories:Diamond Painting Kits
US	B0GC716RS6	噪声-珠串棱镜	猫	0	shop	9.59	30	183	FBA	Sorcristy	2 Pcs Crystal Suncatcher Prisms Hanging Outdoor Wind Chimes | Crystal Suncatcher Wind Chime, Prism Sun Catcher with Chain &amp; Hook, Hanging Crystals for Windows Garden Home Indoor Ornaments	Patio, Lawn & Garden:Outdoor Décor:Garden Sculptures & Statues:Suncatchers
US	B0G1SMQNFH	噪声-珠串棱镜	花	0	shop	11.99	29	214	FBA	SENQAO	SENQAO Sewing Machine Diamond Art Hanging Kits for Adults Kids, Diamond Art Suncatchers Flower, 5D Special Shaped Crystal Diamond Painting Kit Spring, Window Pendant Gem Art Kit for Home Wall Decor	Arts, Crafts & Sewing:Crafting:Mosaic Making:Diamond Painting Kits & Accessories:Diamond Painting Kits
US	B0FMNPLVDP	噪声-珠串棱镜	猫	0	shop	9.99	29	299	FBA	SUNNYCLUE	SUNNYCLUE 1 Box DIY 2 Sets Suncatcher Making Kits Crystal Sun Catchers Vintage Blue Orange Faceted Glass Beaded Sun Moon Star Hanging Suncatcher Rainbow Maker for Windows Home Outdoor Garden Decors	Patio, Lawn & Garden:Outdoor Décor:Garden Sculptures & Statues:Suncatchers
US	B0CTZV67TC	噪声-珠串棱镜	猫+龙+蝴蝶	0	shop	12.59	29	870	FBA	SUNNYCLUE	SUNNYCLUE 1 Box DIY 5 Sets Garden Suncatchers Rainbow Maker Suncatcher Prism Glass Crystal Beads Colorful Sun Catchers Making Kit Filigree Metal Butterfly Dragonfly Linking Charms for Window Door	Patio, Lawn & Garden:Outdoor Décor:Garden Sculptures & Statues:Suncatchers
US	B0FXX136ZS	噪声-珠串棱镜	猫	0	shop	8.79	27	227	FBA	BEAMARKER	Evil Eye Car Hanging Ornament Heart with Evil Eye Rear View Mirror Car Charm Lanyards Beaded Decor Good Luck Sun Catcher Accessories Pendent for Window Home Door Frame Balcony Keychain 31cm	Home & Kitchen:Home Décor Products:Home Décor Accents:Hanging Ornaments
US	B0DHRF9G5Z	噪声-珠串棱镜	猫+生命树	0	shop	17.99	26	598	FBA	BEUNITONE	200 Pcs Sun Catcher Crystal DIY Tree of Life Sunshine Catchers Kit for Window Indoors DIY Sun Catchers Making Kits for Wall Hanging Dream Catchers for Car Rainbow Maker Garden Home Decor	Patio, Lawn & Garden:Outdoor Décor:Garden Sculptures & Statues:Suncatchers
US	B0GJ5J4WFJ	噪声-珠串棱镜	猫	0	shop	25.99	25	177	FBA	Suncalla	Suncalla 4 Pcs Crystal Sun Catcher for Window Hanging Spiral Gazing Ball Spiral Tail Wind Spinners Outdoor Crystal Ball and Chain Crystals Beads for Indoor Outdoor Garden Patio Porch Decoration	Patio, Lawn & Garden:Outdoor Décor:Garden Sculptures & Statues:Suncatchers
US	B0DHRDN9J1	噪声-珠串棱镜	猫+生命树	0	shop	17.39	25	622	FBA	BEUNITONE	Sun Catcher DIY Tree of Life and Moon Sunshine Catchers Kit Crystal Moon Suncacher-Sun Catchers for Window Indoor Decor Crystal Kits for Wedding Party Christmas Garden Decor	Patio, Lawn & Garden:Outdoor Décor:Garden Sculptures & Statues:Suncatchers
US	B0C743MR6C	噪声-珠串棱镜	花	0	shop	13.09	23	1118	FBA	SING F LTD	SING F LTD Blue Flower Suncatcher Crystal Hanging Ornament Car Rear View Mirror Pendant Automotive Interior Charm Decoration Accessories 15cm/5.9 Inch Length	Automotive:Replacement Parts:Body & Trim:Trim:Interior:Mirrors
US	B0FS1LSRKM	噪声-珠串棱镜	猫	0	shop	7.59	22	270	FBA	BEAMARKER	Rainbow Guardian Angel Crystal Suncatcher Hanging Ornament Glass Prism Rainbow Maker for Home Window Car Porch Decoration Spiritual Sun Catcher Gift for Mom Women Friends	Patio, Lawn & Garden:Outdoor Décor:Garden Sculptures & Statues:Suncatchers
US	B09WD32B75	噪声-珠串棱镜	其他元素	0	shop	9.49	22	1530	FBM	Adabele	25pcs Adabele AA+ Grade Suncatcher Crystal Rhinestone Pave Loose Beads 10mm Clear AB Polymer Clay Disco Ball Spacers Compatible with Shamballa All Craft Jewelry Making DB10-W2	Arts, Crafts & Sewing:Beading & Jewelry Making:Beads & Bead Assortments
US	B0GC62LD3L	噪声-珠串棱镜	猫	0	shop	4.99	19	171	FBA	Sorcristy	120mm Crystal Suncatcher, Rainbow Prisms Maker Suncatcher Pendant, Large Prism Sun Catchers, Window Hanging Prism Ornaments for Indoor Outdoor Birthday Wedding Valentines Day Gifts	Patio, Lawn & Garden:Outdoor Décor:Garden Sculptures & Statues:Suncatchers
US	B0F32YG7HC	噪声-珠串棱镜	龙	0	shop	8.59	19	433	FBA	NBEADS	NBEADS 12Pcs 2 Styles Dragonfly Hanging Suncatcher, Brass Filigree Beads with Crystal Rhinestone Hanging Window Pendant for Window Wedding Garden Decor Jewelry Making, Platinum	Patio, Lawn & Garden:Outdoor Décor:Garden Sculptures & Statues:Suncatchers
US	B0FMNPLDWW	噪声-珠串棱镜	猫	0	shop	13.69	17	304	FBA	SUNNYCLUE	SUNNYCLUE DIY 6 Sets Sun Catcher Kits Hanging Suncatcher Gold Vintage Boho Moon Star Window Crystal Teardrop Beads Sun Catcher Making Supplies for Wedding Birthday Home Outdoor Party Decorations DIY	Patio, Lawn & Garden:Outdoor Décor:Garden Sculptures & Statues:Suncatchers
US	B0GHX8PRDD	噪声-珠串棱镜	猫+花	0	shop	35.99	16	179	FBA	Riceshoot	Riceshoot 2 Pcs Beaded Plant Suncatcher Sunflower Crystal Sun Catcher Green Glass Leaf Beads Succulent Suncatcher for Indoor Outdoor Window Home Garden Decorations Plant Lover Gift	Patio, Lawn & Garden:Outdoor Décor:Garden Sculptures & Statues:Suncatchers
US	B0GN8BJ3SF	噪声-珠串棱镜	其他元素	0	shop	7.98	15	144	FBA	FASHEWELRY	50Pcs Crystal Faceted Teardrop Beads Green Shiny Glass Dangle Beads Crystal Prisms Earring Charms for Suncatcher Bracelet Necklace Keychain Jewelry Making	Arts, Crafts & Sewing:Beading & Jewelry Making:Beads & Bead Assortments
US	B08HM9BXDX	噪声-珠串棱镜	其他元素	0	shop	9.49	15	2108	FBA	creative club	20pcs Czech Faceted Crystal Glass Baroque Chandelier Pendant Drop Beads Suncatcher 22mm Large September Sapphire Blue Birthstone	Arts, Crafts & Sewing:Beading & Jewelry Making:Beads & Bead Assortments
US	B0FSZ92V1X	噪声-珠串棱镜	猫	0	shop	15.98	14	250	FBA	FASHEWELRY	650Pcs Teardrop Faceted Glass Beads for Chandelier Wind Chimes Sun Catchers Christmas Water Drop Crystal Beads for DIY Craft Bracelet Earring Jewelry Making Supplies Green 8x6mm	Arts, Crafts & Sewing:Beading & Jewelry Making:Beads & Bead Assortments
US	B0D3875HYN	噪声-珠串棱镜	其他元素	0	shop	22.49	12	782	FBA	Vtssvow	2420pcs Glass Crystal Beads, Assorted Clear Faceted Crystal Suncatcher Beads for Jewelry Making Bracelets Necklace Earring DIY Crafts, New AB Color	Arts, Crafts & Sewing:Beading & Jewelry Making:Beads & Bead Assortments
US	B0D5BM4G2N	噪声-珠串棱镜	猫	0	shop	19.50	11	767	FBM	SUNNYCLUE	SUNNYCLUE 1 Box DIY 5 Sets Star Moon Suncatcher Kit Crystal Suncatchers Rainbow Catchers Lucky Tarot Glass Beaded Hanging Suncatchers Crystal Sun Catchers for Windows Indoor Outdoor Garden Decor	Patio, Lawn & Garden:Outdoor Décor:Garden Sculptures & Statues:Suncatchers
US	B0DTTJ1786	噪声-珠串棱镜	猫	0	shop	19.59	10	456	FBA	ACRNIGHEET	DIY Suncatchers, 230Pcs Sun Catchers Making Supplies Kit for Adults Haing Prism, Crystal Rainbow Dream Catcher Suncatcher Making Kit with Instruction for Indoor Home Garden Weeding Decor	Patio, Lawn & Garden:Outdoor Décor:Garden Sculptures & Statues:Suncatchers
US	B0H3V1QT5Q	噪声-珠串棱镜	猫	0	shop	7.59	8	11	FBA	JJUNW	JJUNW Crystal Suncatcher for Windows Hanging, Sun Catcher Crystals Prism Rainbow Maker, Suncatchers Indoor Window Decor that Refracts Rainbows into Any Room, Thanksgiving Valentine Mother's Day	Home & Kitchen:Home Décor Products:Home Décor Accents:Hanging Ornaments
US	B0G56XYNXC	噪声-珠串棱镜	其他元素	0	shop	9.99	8	179	FBA	CRZSEELL	Assorted Glass Beads Colorful Rainbow 2-16mm, 230g/0.5lb Crystal Sparkling Loose Spacer Beads for Jewelry Making, Earrings Bracelet Necklace Jewelry Making, Suncatchers Craft DIY	Arts, Crafts & Sewing:Beading & Jewelry Making:Beads & Bead Assortments
US	B0G58GXSDR	噪声-珠串棱镜	其他元素	0	shop	6.79	8	205	FBA	Incinkod	50G Assorted Glass Beads, Decorative Glass Beads for Jewelry Making, Colorful Glass Bead for Crafts, Hole Drilled Bulk Glass Bead, Faceted Crystal Bead for Suncatchers (Mixed Color)	Arts, Crafts & Sewing:Beading & Jewelry Making:Beads & Bead Assortments
US	B0FJF5FS1C	噪声-珠串棱镜	其他元素	0	shop	10.99	8	341	FBA	UUYYEO	200 Pcs 14 mm 2 Hole Crystal Prism Beads Small Crystal Suncatcher Beads Glass Faceted Bead Chandelier Replacement Crystals DIY Lamp Hanging Pendant Bead for DIY Arts Crafts Decoration AB Color	Arts, Crafts & Sewing:Beading & Jewelry Making:Beads & Bead Assortments
US	B0H3C3P775	噪声-珠串棱镜	其他元素	0	clean	21.99	7	89	FBM	NETHOMEWOODS	Personalized Dachshund Memorial Suncatcher with Rainbow Crystal Prism, Custom Dog Name Year Remembrance Ornament, Loss of Pet Sympathy Gift, Window Hanging Keepsake Decor	Pet Supplies:Cats:Memorials & Funerary
US	B0FY1BM6K2	噪声-珠串棱镜	其他元素	0	shop	16.49	7	220	FBM	NBEADS	NBEADS 3 Pcs 3 Styles Rear View Mirror Hanging Decors Crystal Suncatchers Moon Sun Heart Colorful Crystal Car Mirror Hanging Accessories for Home Garden Party Wedding Car Ornament Gift	Home & Kitchen:Home Décor Products:Home Décor Accents:Hanging Ornaments
US	B0GY8X7TZP	噪声-珠串棱镜	猫+花	0	shop	12.98	6	11	FBA	Oqqlin	6 Pcs Crystal Sunflower Suncatchers for Hanging, 12.5 Inch Colorful Sun Catcher Hanging Decor Rainbow Maing Light Catcher for Indoor, Outdoor, Garden, Living Room	Patio, Lawn & Garden:Outdoor Décor:Garden Sculptures & Statues:Suncatchers
US	B0H83KMQVV	噪声-珠串棱镜	海/龟	0	shop	15.98	5	11	FBM	expgaze	Ocean Themed Crystal Wind Chime, Metal Sea Turtle Whale Dolphin Hanging Suncatcher with Prism Drops, Coastal Beach Glow Animal House Outdoor Decor for Garden Yard Patio (A)	Patio, Lawn & Garden:Outdoor Décor:Chimes
US	B0GWQYT3X9	噪声-珠串棱镜	其他元素	0	shop	7.99	5	45	FBA	SUNNYCLUE	SUNNYCLUE 1 Box 280Pcs 5 Styles Green Crystal Beads Faceted Teardrop Beads Assorted Sizes Transparent Glass Spring Loose Spacers for DIY Crafts Necklace Wristband Earrings Suncatcher Supplies	Arts, Crafts & Sewing:Beading & Jewelry Making:Beads & Bead Assortments
US	B0F1923JMW	噪声-珠串棱镜	猫	0	shop	10.79	5	455	FBA	ZHIYUXI	ZHIYUXI 45mm Heart Crystals Sun Catcher Prism Sun Catchers Indoor Window Suncatchers for Windows Hanging Rainbow Decor Hanging Crystals Rainbow Maker Sympathy Gifts for Loss of Loved One Gifts for Mom	Patio, Lawn & Garden:Outdoor Décor:Garden Sculptures & Statues:Suncatchers
US	B0G3FHQYMN	噪声-珠串棱镜	其他元素	0	shop	13.39	4	211	FBA	HOBBIESAY	80PCS Black Crystal Glass Beads Glass Octagon Beads Hanging Chandelier Gem Bead for Chandelier Prism Octagon Bead Diamond String Decorations for DIY Lamp Hanging Pendant Suncatcher	Arts, Crafts & Sewing:Beading & Jewelry Making:Beads & Bead Assortments
US	B0F2HNT2QM	噪声-珠串棱镜	其他元素	0	shop	17.97	4	407	FBM	POETRYDRAW	POETRYDRAW DIY Hanging Diamond Art Pendant Kit Independence Day Eagle Flag, Special Crystal Diamonds Painting Ornament for Adults, 5D Diamond Art Suncatchers Gem Painting Box Kit	Arts, Crafts & Sewing:Crafting:Mosaic Making:Diamond Painting Kits & Accessories:Diamond Painting Kits
US	B0FPD91Q52	噪声-珠串棱镜	猫	0	shop	3.59	3	288	NA	NBEADS	NBEADS 9Pcs 3 Style Sun Catcher Hanging Hooks and Chains, Sun Shine Catcher Chains for Pendant Prisms for Pendant Making Kits Craft Home Garden Decorative, 18.11~18.42inch	Patio, Lawn & Garden:Outdoor Décor:Garden Sculptures & Statues:Suncatchers
US	B0FCYBCJX7	噪声-珠串棱镜	其他元素	0	shop	7.50	3	358	FBA	POETRYDRAW	POETRYDRAW DIY Hanging Diamond Art Pendant Kit Christmas Cardinal Lamp, Special Crystal Diamonds Painting Ornament for Adults, 5D Diamond Art Suncatchers Double Sided Board Gem Painting Box Kit	Arts, Crafts & Sewing:Crafting:Mosaic Making:Diamond Painting Kits & Accessories:Diamond Painting Kits
US	B0GWPXWXY8	噪声-珠串棱镜	猫	0	shop	13.49	2	92	FBA	Oqqlin	10 Pcs Diamond Art Suncatcher Kits, Double Sided Sun Catcher Decorative Wind Chimes for Craft DIY Creative Crystal Kits for Home, School, Garden Decor (Include Instruction Manual)	Arts, Crafts & Sewing:Crafting:Mosaic Making:Diamond Painting Kits & Accessories:Diamond Painting Kits
US	B0CB46YP68	噪声-珠串棱镜	猫+生命树	0	shop	16.89	2	1052	FBA	ORIGACH	ORIGACH 4 Pcs Tree of Life Crystals Suncatcher Kits, DIY Sun Catchers Prism Hanging Crafts with Heart Pattern Tree of Life Rainbow Maker Decor for Window Home Car Hanging Accessories	Patio, Lawn & Garden:Outdoor Décor:Garden Sculptures & Statues:Suncatchers
US	B0GX2668HM	噪声-珠串棱镜	其他元素	0	shop	27.99	1	45	FBA	NBEADS	NBEADS Chicken Wire Wooden Frame Kit, Chicken Wire Wood Frame Suncatcher with 1326Pcs Glass Beads and Toos Unfinished Wood Window Frame for Crafts Photos Jewelry Making, 15.94x5.91x0.76inch	Patio, Lawn & Garden:Outdoor Décor:Garden Sculptures & Statues:Suncatchers
US	B0GRVKBX3B	噪声-珠串棱镜	猫	0	shop	32.99	1	75	FBA	NBEADS	NBEADS 4 Pcs Chicken Wire Wooden Frame, Wood Window Frame with Chicken Wire Mesh Wall Hanging Display Organizer for Sun Catcher DIY Crafts Photos Jewelry, 15.94x5.91x0.77 Inch	Home & Kitchen:Storage & Organization:Clothing & Closet Storage:Accessory Organizers:Jewelry Organizers
US	B0GTZ79XNH	噪声-珠串棱镜	猫	0	clean	24.99	1	112	FBA	Ferrochef	Boho Shell Suncatcher Wind Chime for Window, Crystal Window Hanging Decor with Wood Bar, Large Shell Mobile Sun Catcher for Indoor Outdoor Porch Patio, Boho Chic Gift for Mom Women	Patio, Lawn & Garden:Outdoor Décor:Chimes
US	B0GDZYJ4GT	噪声-珠串棱镜	猫	0	shop	4.89	1	131	FBA	HekouJiub	Paw Print Crystal Suncatcher, Heart-Shaped Suncatchers Loss of Dog Sympathy Gift, Crystal Pet Loss Sympathy Gift, Sun Catcher Crystals Can Be Hung by The Window to Remember Your Beloved Dog	Pet Supplies:Dogs:Memorials & Funerary
US	B0FNMX6VH3	噪声-珠串棱镜	其他元素	0	shop	6.69	1	263	FBA	BEAMARKER	2Pcs Heart Crystal Prism Suncatchers 1.77 Inch Clear Glass Hanging Suncatchers Party Wedding Birthday Ornament Pendant for Home Indoor Outdoor Window Garden Patio Balcony Chandelier	Patio, Lawn & Garden:Outdoor Décor:Garden Sculptures & Statues:Suncatchers
US	B0F3J98QKZ	噪声-珠串棱镜	花	0	shop	9.99	1	456	FBA	POETRYDRAW	2 Pcs Diamond Painting Pendant Suncatcher Kit — DIY 5D Special Shaped Crystal Art Hanging Ornament with Floral Rain Boots Design, Handmade Rhinestone Craft Window Decoration, Home Wall Decor Gift	Arts, Crafts & Sewing:Crafting:Mosaic Making:Diamond Painting Kits & Accessories:Diamond Painting Kits
US	B0DQQ3CPCN	噪声-珠串棱镜	其他元素	0	shop	14.49	1	522	FBA	AHANDMAKER	AHANDMAKER 120Pcs Teardrop Crystal Beads, 4 Sizes Waterdrop Faceted Glass Beads Top Drilled Loose Spacer Bead for DIY Bracelet Necklace Jewelry Making Lamp Suncatcher Home Decor	Arts, Crafts & Sewing:Beading & Jewelry Making:Beads & Bead Assortments
US	B0FNJHGWT7	噪声-珠串棱镜	其他元素	0	shop	7.50	0	6	FBA	POETRYDRAW	POETRYDRAW DIY Diamond Art Pendant Kit – 5D Hanging Gem Painting Suncatcher, Crab Ornament with Special Crystal Rhinestones for Adults Craft &amp; Gift	Arts, Crafts & Sewing:Crafting:Mosaic Making:Diamond Painting Kits & Accessories:Diamond Painting Kits
US	B0GYDG1NMH	噪声-珠串棱镜	其他元素	0	shop	10.59	0	45	FBA	AHANDMAKER	AHANDMAKER 7Pcs Heart Car Hanging Ornaments, Love Heart Shaped Crystal Gemstone Charm Pendants Hanging Ornament Car Mirror Accessories Suncatchers for Wedding Party Window Home Garden Decor	Patio, Lawn & Garden:Outdoor Décor:Garden Sculptures & Statues:Suncatchers
US	B0GX58PY8P	噪声-珠串棱镜	花	0	shop	7.99	0	61	FBA	CRZSEELL	470pcs Assorted Acrylic Flower Beads Leaf Lemon Beads for Jewelry Making, Pendant Bracelets Necklaces Suncatchers Plants Succulent DIY Crafts	Arts, Crafts & Sewing:Beading & Jewelry Making:Beads & Bead Assortments
US	B0H166CTL3	噪声-珠串棱镜	其他元素	0	shop	16.29	0	68	FBM	OSOLADY	1000pcs 30pcs Crystal Chandelier Clips Pins Connector Iron Pin for Wedding Light Fixture Repair Suncatcher Decoration Prism Hardware Part (Bronze)	Tools & Home Improvement:Lighting & Ceiling Fans:Ceiling Lights:Track Lighting:Connectors
US	B0GRVWG5S4	噪声-珠串棱镜	猫	0	shop	11.99	0	80	FBA	NBEADS	NBEADS 4Pcs Cross Crystal Hanging Car Charm, Natural Synthetic Gemstone Car Decor for Rear View Mirror Sun Catcher Ornament Accessories for Women and Men, Car Interior Decor Hanging Ornament	Home & Kitchen:Home Décor Products:Home Décor Accents:Hanging Ornaments
US	B0GXP2LKNS	噪声-珠串棱镜	猫	0	shop	27.97	0	85	FBM	Generic	2Pcs Iris Diamond Art Painting Suncatcher Wind Chime Kit for Adults, Double Sided 5D DIY Rhinestone Art Hanging Ornaments, Crystal Sun Catcher Windchimes for Home Garden Patio Decor	Arts, Crafts & Sewing:Crafting:Mosaic Making:Diamond Painting Kits & Accessories:Diamond Painting Kits
US	B0FNJSX4H9	噪声-珠串棱镜	生命树	0	shop	7.50	0	87	FBA	POETRYDRAW	POETRYDRAW DIY Diamond Art Pendant Kit – 5D Hanging Gem Painting Suncatcher, Tree of Life Ornament with Special Crystal Rhinestones for Adults Craft &amp; Gift	Arts, Crafts & Sewing:Crafting:Mosaic Making:Diamond Painting Kits & Accessories:Diamond Painting Kits
US	B0GVDWSZYW	噪声-珠串棱镜	其他元素	0	shop	14.99	0	87	FBA	Deinduser	Beaded Plant Kit, Green Beads Kit for Beaded Plants Suncatcher Kits with Glass Crystal Beads, Pot, Chain, Faux Moss, Air Dry Clay, Instruction Booklet &amp; Video Tutorial, Tabletop or Window Decor Gift	Arts, Crafts & Sewing:Beading & Jewelry Making:Jewelry Making Kits
US	B0GPPL81GQ	噪声-珠串棱镜	其他元素	0	shop	18.97	0	124	FBM	POETRYDRAW	Happy Easter Wreath DIY Hanging Diamond Art Pendant Kit, Special Crystal Diamonds Painting Ornament for Adults, 5D Diamond Art Suncatchers Double Sided Board Gem Painting Box Kit	Arts, Crafts & Sewing:Crafting:Mosaic Making:Diamond Painting Kits & Accessories:Diamond Painting Kits
US	B0GHQ5Z72B	噪声-珠串棱镜	其他元素	0	shop	13.99	0	136	FBA	shuielai	20pcs 38mm K9 Crystal Horse Eye Chandelier Prisms - Octagon Beads Hanging Garland Suncatcher for Wedding Lamp Christmas Party Room Decoration	Patio, Lawn & Garden:Outdoor Décor:Garden Sculptures & Statues:Suncatchers
US	B0FWC6BBZ3	噪声-珠串棱镜	其他元素	0	shop	14.99	0	171	FBA	POETRYDRAW	POETRYDRAW DIY Hanging Diamond Art Pendant Kit Lighthouse, Special Crystal Diamonds Painting Ornament for Adults, 5D Diamond Art Suncatchers Gem Painting Box Kit	Arts, Crafts & Sewing:Crafting:Mosaic Making:Diamond Painting Kits & Accessories:Diamond Painting Kits
US	B0F2FMBKWJ	噪声-珠串棱镜	蜂鸟	0	shop	19.99	0	180	FBA	C'eitura	C'eitura 3pcs Hummingbird Diamond Art Suncatchers - DIY Crystal Gem Painting Hanging Pendants, Double-Sided Diamond Art Kit for Home Garden Window Decor, Ideal Spring Craft Gift for Adults Beginner	Arts, Crafts & Sewing:Crafting:Mosaic Making:Diamond Painting Kits & Accessories:Diamond Painting Kits
US	B0FX9RTRY5	噪声-珠串棱镜	其他元素	0	shop	5.99	0	221	FBA	CRZSEELL	325pcs Glass Beads Deep Green, 10mm Crystal Beads for Jewelry Making, Briolette Faceted Rondelle Bulk Bead for Crafts DIY, Suncatchers, Bracelets, Earring, Necklace	Arts, Crafts & Sewing:Beading & Jewelry Making:Beads & Bead Assortments
US	B0FWC64RK6	噪声-珠串棱镜	其他元素	0	shop	17.97	0	225	FBM	POETRYDRAW	POETRYDRAW DIY Hanging Diamond Art Pendant Kit Frog, Special Crystal Diamonds Painting Ornament for Adults, 5D Diamond Art Suncatchers Gem Painting Box Kit	Arts, Crafts & Sewing:Crafting:Mosaic Making:Diamond Painting Kits & Accessories:Diamond Painting Kits
US	B0FH9V246P	噪声-珠串棱镜	其他元素	0	shop	18.97	0	318	FBM	POETRYDRAW	POETRYDRAW DIY Hanging Diamond Art Pendant Kit Fall Truck, Special Crystal Diamonds Painting Ornament for Adults, 5D Diamond Art Suncatchers Double Sided Board Gem Painting Box Kit (Red-01)	Arts, Crafts & Sewing:Crafting:Mosaic Making:Diamond Painting Kits & Accessories:Diamond Painting Kits
US	B0F6TM6651	噪声-珠串棱镜	花	0	shop	11.99	0	380	FBA	eZAKKA	eZAKKA 17.3in Small Trellis for Potted Plants, Trellis for Climbing Plants Indoor Vine Ivy Flower Support with 2PCS Crystal Suncatcher, Gold, Pattern 03	Patio, Lawn & Garden:Gardening & Lawn Care:Plant Support Structures:Trellises
US	B0FB3QS2GF	噪声-珠串棱镜	其他元素	0	shop	18.97	0	385	FBM	POETRYDRAW	POETRYDRAW DIY Hanging Diamond Art Pendant Kit Independence Day Wreath, Special Crystal Diamonds Painting Ornament for Adults, 5D Diamond Art Suncatchers Double Sided Board Gem Painting Box Kit	Arts, Crafts & Sewing:Crafting:Mosaic Making:Diamond Painting Kits & Accessories:Diamond Painting Kits
US	B0F4XFXCDX	噪声-珠串棱镜	猫	0	shop	7.50	0	432	FBA	POETRYDRAW	DIY Hanging Diamond Art Pendant Kit Animal Dream Catcher, Special Crystal Diamonds Painting Ornament for Adults, 5D Diamond Art Suncatchers Double Sided Board Gem Painting Box Kit (Blue-02)	Arts, Crafts & Sewing:Crafting:Mosaic Making:Diamond Painting Kits & Accessories:Diamond Painting Kits
US	B0CQK7JLLD	噪声-珠串棱镜	其他元素	0	shop	7.99	0	800	FBA	stino	stino Sympathy Gift for Loss of Loved One, Memorial Crystal Suncatcher &amp; Hug Stone, Women Bereavement Grief Gifts in Memory of Mom Dad Husband Pet (3PCs Gift Box)	Health & Household:Health Care:Alternative Medicine:Healing Crystals
US	B0FD3NZ2PR	平板亚克力	猫+生命树	0	shop	15.99	919	341	FBA	Rngmsi	Tree of Life Sun Catchers Stain Glass Window Hanging Indoor, 7.8″ Stained Glass Window Hanging Home Decor, Suncatcher Wall Art Gift for Women Thanksgiving Christmas Housewarming	Home & Kitchen:Home Décor Products:Home Décor Accents:Hanging Ornaments
US	B0FD3RCZV5	平板亚克力	猫	0	shop	8.99	753	341	FBA	Rngmsi	Rngmsi Cardinal Stained Glass Window Hanging Decor, 7.8″ Sun Catchers Stain Glass Window Hanging Indoor, Bird Suncatcher Home Wall Art Gift for Thanksgiving Christmas Housewarming	Home & Kitchen:Home Décor Products:Home Décor Accents:Hanging Ornaments
US	B0FRN1VD8V	平板亚克力	其他元素	0	shop	29.98	618	308	FBA	FIVEIZERO	FIVEIZERO 24 Sheets Rainbow Transparent Stained Glass Sheets 4x6 Inch – Mixed Color Stained Glass Supplies for Suncatchers, Mosaic Crafts, Fused Glass Supplies, Window Art &amp; DIY Projects	Arts, Crafts & Sewing:Crafting:Stained Glass Making:Glass Sheets
US	B0F43LWXBP	平板亚克力	海/龟	0	shop	17.99	456	447	FBA	AmazingSpark	30 Pcs Sea Turtle Suncatchers Paper Craft Set Ocean Tortoise DIY Stained Glass Effect Tissue Paper Kits Gift Bulk for Summer Activities Art Party Decor	Arts, Crafts & Sewing:Crafting:Paper & Paper Crafts:Paper:Decorative Paper
US	B0DCTX18KK	平板亚克力	其他元素	0	shop	17.99	229	694	FBA	Glassco	Glassco 5/64&quot; Round U Hobby Came | Lead Came 12 ft for Stained Glass Projects | Adds Strength &amp; Structure | Perfect for Small Glass Projects &amp; Suncatchers | Gives a Professional Look | Adds Strength &amp; Structure, Perfect for Small Glass Projects &amp; Suncatchers, Gives a Professional Look	Arts, Crafts & Sewing:Crafting:Stained Glass Making:Lead & Foil
US	B0FKMLHWKJ	平板亚克力	猫+花	0	shop	8.99	183	283	FBA	Rngmsi	Wildflowers Stained Glass Window Hanging, Sun Catchers Indoor Window Plant Lover Gifts for Women, Wildflowers and Sun Wall SunCatchers Decor for Garden Home Christmas Birthday	Patio, Lawn & Garden:Outdoor Décor:Garden Sculptures & Statues:Suncatchers
US	B0DSVN8Y8D	平板亚克力	其他元素	0	shop	18.99	70	556	FBA	VioraWhite	VioraWhite 24 Sets Summer Mandala Suncatchers Crafts Kit Easter Holi Stained Glass DIY Window Ornament Drawing Craft Window Art Paint Your Own Wind Chimes Craft for Party Activity Project Home Decor	Arts, Crafts & Sewing:Painting, Drawing & Art Supplies:Painting:Kits
US	B0GFNNFZ7N	平板亚克力	其他元素	0	shop	18.99	59	156	FBA	Glassco	Glassco 5/32&quot; Round H Lead Came for Stained Glass | 12ft Hobby Came for Stained Glass Projects | Adds Strength &amp; Structure | Perfect for Small Glass Projects &amp; Suncatchers | Gives a Professional Look | Hobby Came, Adds Strength &amp; Structure, Perfect for Small Glass Projects &amp; Suncatchers, Gives a Professional Look	Arts, Crafts & Sewing:Crafting:Stained Glass Making:Lead & Foil
US	B0F4XH1VC6	平板亚克力	其他元素	0	shop	15.49	43	415	FBM	POETRYDRAW	POETRYDRAW DIY Hanging Diamond Art Pendant Kit Red Cardinal, Special Crystal Acrylic Diamonds Painting Ornament for Adults, 5D Diamond Art Suncatchers Gem Painting Box Kit	Arts, Crafts & Sewing:Crafting:Mosaic Making:Diamond Painting Kits & Accessories:Diamond Painting Kits
US	B0F18SG4HH	平板亚克力	其他元素	0	shop	14.49	32	484	FBA	BENECREAT	BENECREAT 3 Pack U-Shaped Acrylic Plant Trellis, 3 Size Small Plant Trellis for Potted Plants with Crystal Suncatcher for Home Window Garden, 205~310mm Long	Patio, Lawn & Garden:Gardening & Lawn Care:Plant Support Structures:Trellises
US	B0DTTZV6TN	平板亚克力	其他元素	0	shop	26.99	32	545	FBA	Jetec	Jetec 24 Set Religious Cross Suncatchers Craft Kits Christian DIY Painting Crosses with Stand, Mother's Day Acrylic Cross Art Suncatchers for Kids Church VBS Sunday School Classroom Home Activity	Toys & Games:Arts & Crafts:Craft Kits:Paper Craft
US	B0FH67TCVH	平板亚克力	其他元素	0	shop	7.99	23	365	FBA	SIXDAWANJIA	10 Pcs Decorative Hanging Chains for Stained Glass, Black Metal, 19.7 Inch | Suncatcher Chains, Window Art, Bird Feeders &amp; Christmas Decor Hangers	Patio, Lawn & Garden:Outdoor Décor:Garden Sculptures & Statues:Suncatchers
US	B0GL8BYVLW	平板亚克力	其他元素	0	shop	6.39	15	136	FBA	Molain	Molain 10 Pcs 20 Inch Stained Glass Window Hanging Chain, Picture Hanging Chain with Hooks Decorative Chains for Indoor and Outdoor Stained Glass Window Suncatcher Gardens Walls and Kitchens	Patio, Lawn & Garden:Outdoor Décor:Outdoor Hanging Brackets
US	B0F6TLFVM1	平板亚克力	猫	0	shop	5.99	13	379	FBA	eZAKKA	2 Pcs U-Shaped Acrylic Plant Trellis, Small Hoya Trellis for Indoor Pots | Includes 2 Crystal Sun Catchers | 4.7 x 11.8 Inch Durable Support for Potted Climbing Ivy, Pothos &amp; Outdoor Vine Plants	Patio, Lawn & Garden:Gardening & Lawn Care:Plant Support Structures:Trellises
US	B0DHGRH7JJ	平板亚克力	其他元素	0	shop	9.99	11	636	FBA	Motiskyy	Motiskyy 2 Pcs Handmade Cardinal Stained Glass Window Hanging Suncatchers, Sympathy Gifts for Loss of Loved One Red Cardinal on Branch Christmas Ornament, Bird Decor for Nana Mom Women Bird Lover	Patio, Lawn & Garden:Outdoor Décor:Garden Sculptures & Statues:Suncatchers
US	B0F9PJ7TFM	平板亚克力	其他元素	0	shop	6.79	8	384	FBA	Zelphvt	4 Pcs 20 Inch Stained Glass Window Hanging Chain Suncatchers with Suction Cup Hooks Picture Hanging Chain Metal Stainless Steel Stained Glass Window Panels (Black)	Tools & Home Improvement:Hardware:Picture Hangers
US	B0F3J1DFQC	平板亚克力	花	0	shop	17.97	7	385	FBM	POETRYDRAW	POETRYDRAW DIY Hanging Diamond Art Pendant Kit Flower Snake, Special Crystal Acrylic Diamonds Painting Ornament for Adults, 5D Diamond Art Suncatchers Gem Painting Box Kit	Arts, Crafts & Sewing:Crafting:Mosaic Making:Diamond Painting Kits & Accessories:Diamond Painting Kits
US	B0F5BQH656	平板亚克力	其他元素	0	shop	16.99	7	459	FBA	AmazingSpark	AmazingSpark 36 Set 4th of July Patriotic Suncatcher Paper Crafts Kit 250th Anniversary DIY Independence Day Stained Glass Effect Tissue Paper Hanging Decor for USA 4th of July Art Party Supplies	Arts, Crafts & Sewing:Crafting:Paper & Paper Crafts:Paper:Decorative Paper
US	B0H35M6FCB	平板亚克力	其他元素	0	shop	39.97	4	18	FBM	Generic	Tropical Toucan Stained Glass Suncatcher, Colorful Bird Window Hanging for Home Decor, Unique Gift for Bird Lover, Mom, Tropical Wall Art, Garden Ornament, Garden Gift (Mixed,11.8×11.8 in)	Patio, Lawn & Garden:Outdoor Décor:Garden Sculptures & Statues:Suncatchers
US	B0FVWVZZP5	平板亚克力	花	0	shop	19.99	4	254	FBA	Generic	Virgin Mary Stained Glass Window Hanging Suncatcher,Rose Colorful Round Glass Panel with Chain,Personalized Suncatcher,Suitable for Friends,Lovers,Family	Patio, Lawn & Garden:Outdoor Décor:Garden Sculptures & Statues:Suncatchers
US	B0DSW82VX9	平板亚克力	龙	0	shop	18.99	4	556	FBM	C'eitura	C'eitura Pink White Dragon Diamond Art Painting Hanging Pendant Kit, Cute Fantasy Acrylic Hanging Ornament, Unique Suncatcher Gift for Bedroom Window Wall Decor, Beginner Friendly DIY Craft	Arts, Crafts & Sewing:Crafting:Mosaic Making:Diamond Painting Kits & Accessories:Diamond Painting Kits
US	B0H3L5P6TT	平板亚克力	猫+花	0	clean	26.93	2	89	FBM	AlpadilAndCo	Personalized Parrot Memorial Suncatcher Rainbow Bridge Bird Window Hanging Stained Glass Keepsake Sympathy Gift Floral Remembrance Decor for Parrot Cat Dog Rabbit with Name Years Tribute	Pet Supplies:Cats:Memorials & Funerary
US	B0G5Y97WYR	平板亚克力	猫	0	shop	20.86	2	107	FBM	Generic	Welcome Home Pattern Acrylic Diamond Art Painting Window Pendants, Special Shaped Rhinestone, DIY Window Pendant Diamond Art Painting Kit Sun Catcher, Porch Outdoor Garden Ornaments	Arts, Crafts & Sewing:Crafting:Mosaic Making:Diamond Painting Kits & Accessories:Diamond Painting Kits
US	B0FPFRDHMK	平板亚克力	猫+万圣节	0	shop	6.88	2	268	FBM	Generic	Witch Hat Suncatchers 2D Acrylic Hanging Witches Hats Halloween Decor Gothic Handcrafted Stained Glass Window Hangings Sun Catcher Decor Halloween Wall Art Hanging Ornaments (5.91“)	Patio, Lawn & Garden:Outdoor Décor:Garden Sculptures & Statues:Suncatchers
US	B0D6YZP7T2	平板亚克力	其他元素	0	shop	20.88	2	707	FBA	Supkiir	Supkiir 72Pcs Suncatcher Paint Pens Bulk, 10ml 24 Colors DIY Stained Glass Kit, Extra Fine Point Acrylic Pigment Paint Window Art Paint Pen Neon Suncatcher Paint Pens Crafts Sets	Arts, Crafts & Sewing:Painting, Drawing & Art Supplies:Painting:Paint Pens, Markers & Daubers:Pens & Markers
US	B0H75BCP97	平板亚克力	花	0	shop	19.98	1	6	FBM	Generic	Stained Glass Suncatcher Lotus Flower Window Hanging, Pink and Teal Glass Panel Art for Home Decor, Window Ornament, Unique for Her, Mom or Friend (Mixed,6.3×6.3 in)	Patio, Lawn & Garden:Outdoor Décor:Garden Sculptures & Statues:Suncatchers
US	B0H6S1ZL23	平板亚克力	猫	0	clean	12.90	1	18	FBM	Generic	Stained Glass Window Hanging Christmas Nutcracker Sun Catcher Home Decor for Birthday for Women Men Mom Couples Lovers Family	Patio, Lawn & Garden:Outdoor Décor:Garden Sculptures & Statues:Suncatchers
US	B0H2VJ4X76	平板亚克力	猫	0	clean	11.21	1	33	NA	Generic	200 Pcs DIY Sun Catchers Making Kits Craft for Adults, Crystal Suncatchers Supplies Stained Glass Window Hanging Prism, Indoor Outdoor Garden Xmas Decor with Rainbow Maker Pendants (Gold)	null
US	B0H41MPBD7	平板亚克力	其他元素	0	shop	42.94	1	40	FBM	Generic	Stained Glass Star Suncatcher, Colorful Lone Star Window Hanging Art, Unique Home Decor Gift for Mom, Garden Wall Ornament, Vibrant Glass Panel for Her Birthday (Mixed,11.8×11.8 in)	Arts, Crafts & Sewing:Crafting:Leathercraft
US	B0H41KKPTZ	平板亚克力	其他元素	0	clean	19.96	1	89	FBM	Generic	Stained Glass Star Suncatcher, Colorful Lone Star Window Hanging Art, Unique Home Decor Gift for Mom, Garden Wall Ornament, Vibrant Glass Panel for Her Birthday (Mixed,6.3×6.3 in)	Arts, Crafts & Sewing:Crafting:Leathercraft
US	B0H8JXPYH8	平板亚克力	其他元素	0	clean	24.90	0	3	FBM	MONKOPEY	Personalized Blue Crab Suncatcher Stained Glass Window Decor	Arts, Crafts & Sewing:Crafting:Suncatcher Supplies
US	B0H5JY58N3	平板亚克力	猫	0	clean	18.75	0	3	FBM	KKLWEGU	Stained Glass Window Hanging Decor, Cartoon Airplane Sun Catcher Ornament Glass Panel with Metal Chain 4in Suncatcher Decor Indoor Window Wall Art Home Decor Gift for Women Wife and Mom	Arts, Crafts & Sewing:Crafting:Suncatcher Supplies
US	B0H5QJLV49	平板亚克力	其他元素	0	clean	24.90	0	3	FBM	Generic	Stained Glass Window Hanging Fly Agaric Mushroom Autumn Maple Leaf Golden Forest Round Suncatcher Fall Nature Wall Decor Gifts for Cabin Home Birthday	Arts, Crafts & Sewing:Crafting:Suncatcher Supplies
US	B0H6BBK3XP	平板亚克力	猫	0	clean	16.28	0	3	FBM	FodPand	Stained Glass Window Hanging, 6in（15cm） Fireflies Suncatcher | Custom Photo Window Suncatchers with Metal Chain, Sun Catchers Wall Art, Home Decor Gift for Women Mother's Day	Arts, Crafts & Sewing:Crafting:Suncatcher Supplies
US	B0H4V81JCR	平板亚克力	花	0	shop	19.99	0	4	NA	Generic	Stained Glass Mouse Suncatcher, Cute Animal Window Hanging, Floral Art Decor for Home, Unique Birthday Gift for Mom, Grandma, Her, Garden Ornament, Wall Accent (Mixed,6.3×6.3 in)	Arts, Crafts & Sewing:Crafting:Suncatcher Supplies
US	B0H35ZGYNF	平板亚克力	花+蝴蝶	0	shop	39.95	0	6	FBM	Generic	Stained Glass Butterfly Suncatcher, Vibrant Flower Window Hanging Art, Decorative Ornament for Home Decor, Unique Gift for Mom, Grandma, Her, Birthday, Housewarming (Mixed,11.8×11.8 in)	Patio, Lawn & Garden:Outdoor Décor:Garden Sculptures & Statues:Suncatchers
US	B0H35SC2N4	平板亚克力	花	0	shop	19.96	0	6	FBM	Generic	Stained Glass Hibiscus Suncatcher, Tropical Flower Window Hanging, Art Glass Panel for Home Decor, Unique Gift for Mom, Grandma, Her, Garden Wall Art, Floral Ornament (Mixed,6.3×6.3 in)	Patio, Lawn & Garden:Outdoor Décor:Garden Sculptures & Statues:Suncatchers
US	B0H3638BL4	平板亚克力	其他元素	0	shop	19.94	0	6	FBM	Generic	Black Labrador Stained Glass Suncatcher, Window Hanging Decor with Colorful Hearts, Memorial Gift for Dog Lovers, Home Garden Art Ornament, Unique Gift for Her Him (Mixed,6.3×6.3 in)	Patio, Lawn & Garden:Outdoor Décor:Garden Sculptures & Statues:Suncatchers
US	B0H4555WDR	平板亚克力	其他元素	0	shop	19.94	0	6	FBM	Generic	Stained Glass Angel Suncatcher, Blue Guardian Angel Window Hanging Art, Spiritual Home Decor Gift for Mom, Grandma, Sympathy Gift, Unique Wall Art Ornament for Her (Mixed,6.3×6.3 in)	Patio, Lawn & Garden:Outdoor Décor:Garden Sculptures & Statues:Suncatchers
US	B0H6MJ5DKQ	平板亚克力	花	0	both	19.96	0	6	NA	Generic	Stained Glass Lotus Flower Suncatcher Window Hanging – Blue and Teal Glass Art Decor for Home, Garden, or Patio – Peaceful Zen Gift for Mom, Wife, Grandma, or Friend (Mixed,6.3×6.3 in)	Arts, Crafts & Sewing:Crafting:Suncatcher Supplies
US	B0H88K8JSC	平板亚克力	猫	0	clean	14.95	0	6	FBM	Noni	Personalized Couples Photo Faux Stained Glass Sun Catcher, Photo Couple Portrait Faux Window Hanging Ornament Gifts for Him &amp; Her, Anniversary Weddings Gifts, Unique Valentine’s Day	Arts, Crafts & Sewing:Crafting:Suncatcher Supplies
US	B0H4TRPS83	平板亚克力	其他元素	0	shop	19.95	0	7	FBM	Generic	Stained Glass Unicorn Suncatcher Rainbow Window Hanging, Magical Home Decor Gift for Her, Birthday Ornament, Unique Wall Art for Unicorn Lovers, Vibrant Glass Panel (Mixed,6.3×6.3 in)	Patio, Lawn & Garden:Outdoor Décor:Garden Sculptures & Statues:Suncatchers
US	B0H5VFFCSZ	平板亚克力	其他元素	0	shop	19.94	0	7	FBM	Generic	Leo Zodiac Stained Glass Suncatcher, Vibrant Red and Yellow Window Hanging, Astrology Home Decor, Unique Birthday Gift for Her, Personalized Wall Art Ornament (Mixed,6.3×6.3 in)	Patio, Lawn & Garden:Outdoor Décor:Garden Sculptures & Statues:Suncatchers
US	B0H41FLX1Z	平板亚克力	花	0	shop	19.96	0	12	FBM	Generic	Stained Glass Swan Suncatcher Window Hanging, Elegant White Swan Art Decor, Floral Pond Ornament for Home, Unique Gift for Mom, Birthday, Housewarming, Bird Lover Gift (Mixed,6.3×6.3 in)	Arts, Crafts & Sewing:Crafting:Suncatcher Supplies
US	B0H4VDJBCD	平板亚克力	其他元素	0	shop	22.96	0	19	FBM	Generic	Stained Glass Suncatcher Red Heart Angel Wings Window Hanging Art, Meaningful Sympathy Gift for Mom, Unique Home Decor, Valentines Day Gift for Her, Wall Ornament (Mixed,6.3×6.3 in)	Arts, Crafts & Sewing:Crafting:Leathercraft
US	B0H4VG51M8	平板亚克力	其他元素	0	shop	39.94	0	19	FBM	Generic	Stained Glass Suncatcher Tropical Flip Flops Window Hanging Beach Decor Art Glass Panel Gift for Mom Summer Wall Art Ornament for Home Patio Garden Unique Gift Her (Mixed,11.8×11.8 in)	Arts, Crafts & Sewing:Crafting:Suncatcher Supplies
US	B0H3663L4Y	平板亚克力	其他元素	0	shop	19.96	0	24	FBM	Generic	Red White and Blue Stained Glass Suncatcher, Patriotic Star Fireworks Window Hanging for Home Decor, Unique Gift for Mom, Wife, Garden Art, Indoor Wall Ornament (Mixed,6.3×6.3 in)	Patio, Lawn & Garden:Outdoor Décor:Garden Sculptures & Statues:Suncatchers
US	B0GCL16N9C	平板亚克力	花	0	shop	18.99	0	37	FBM	C'eitura	C'eitura DIY Diamond Art Suncatcher Ornament, God is Love Round Stained Glass Floral Special Shaped Crystal Acrylic Pendant with Chain, Christian Faith Gift for Adults	Arts, Crafts & Sewing:Crafting:Mosaic Making:Diamond Painting Kits & Accessories:Diamond Painting Kits
US	B0H4V4YDML	平板亚克力	万圣节	0	clean	14.77	0	40	FBM	Generic	Handmade Stained Glass Spinner, Dancing Witch Stained Glass Suncatcher Window Hanging, Witchy Decor for Home, Boho Gothic Wall Art Ornament, Unique Witch Gifts for Women	Arts, Crafts & Sewing:Crafting:Leathercraft
US	B0GHRJH567	平板亚克力	海/龟	0	shop	13.79	0	93	FBA	ORIGACH	ORIGACH 4 Pcs Sea Turtle Acrylic Suncatcher Ornaments | With Story Cards Envelope Sea Turtle Beach Gifts Coastal Ornaments Presents for Women Ocean Lovers	Home & Kitchen:Home Décor Products:Home Décor Accents:Hanging Ornaments
US	B0GQZBBMV9	平板亚克力	生命树	0	shop	13.99	0	134	FBA	EVERJOYCRAFT	Stained Glass Window Hanging Tree of Life Patterns 8 Inch Flat Round Stained Glass Ornament Suncatchers for Windows Hanging Window Decor Indoor Outdoor Gifts for Women Lovers Friends	Patio, Lawn & Garden:Outdoor Décor:Garden Sculptures & Statues:Suncatchers
US	B0GJZVH9YC	平板亚克力	高地牛+蝴蝶	0	shop	7.99	0	175	FBM	Generic	Highland Cow Butterfly Suncatcher Stained Glass Style Suncatcher Highland Cow Acrylic Window Hanging Ornament Gifts Farmhouse Decoration Farm Animal Lover Gifts (Style A)	Home & Kitchen:Home Décor Products:Home Décor Accents:Hanging Ornaments
US	B0FDVJMMD9	平板亚克力	花	0	shop	18.97	0	284	FBM	POETRYDRAW	POETRYDRAW DIY Hanging Diamond Art Pendant Kit, 5D Sun and Flowers Special Shaped Crystal Diamond Art Window Acrylic Pendant Ornament Wall Art Suncatchers Sign for Home Decoration	Arts, Crafts & Sewing:Crafting:Mosaic Making:Diamond Painting Kits & Accessories:Diamond Painting Kits
US	B0FPFNJRW5	平板亚克力	猫+万圣节	0	shop	7.97	0	320	FBM	Generic	Witch Hat Sun Catcher 2D Acrylic Witch Hats Hanging Decor Hanging Witches Hats Halloween Decor Stained Panel Hangings Halloween Wall Art Hangings Ornaments for Friends and Family (1, Style A)	Home & Kitchen:Home Décor Products:Home Décor Accents:Hanging Ornaments
US	B0FPF5C39R	平板亚克力	其他元素	0	shop	29.87	0	322	FBM	Generic	12 Pack Maple Leaf Fall Suncatchers, Acrylic Fall Leaf Ornaments for Christmas Tree and Windows, 5.9in Windows Wall Hanging Decorations, Thanksgiving Autumn Party Supplies (Red_Green)	Patio, Lawn & Garden:Outdoor Décor:Garden Sculptures & Statues:Suncatchers
US	B0F48F9SQR	平板亚克力	花	0	shop	11.99	0	456	FBM	POETRYDRAW	POETRYDRAW DIY Hanging Diamond Art Pendant Kit Flowers Dreamcatcher, Special Crystal Acrylic Diamonds Painting Ornament for Adults, 5D Diamond Art Suncatchers Gem Painting Box Kit	Arts, Crafts & Sewing:Crafting:Mosaic Making:Diamond Painting Kits & Accessories:Diamond Painting Kits
US	B0F2FR4QXM	平板亚克力	蝴蝶	0	shop	16.99	0	458	FBM	C'eitura	C'eitura 2Pcs 5D DIY Diamond Painting Butterfly Sewing Machine Hanging Ornaments, 5.9x5.9 inch Acrylic Special Shaped Diamond Art Suncatchers Pendant Kits for Adults Beginners Window Wall Home Decor	Arts, Crafts & Sewing:Crafting:Mosaic Making:Diamond Painting Kits & Accessories:Diamond Painting Kits
US	B0DBLG8JMC	平板亚克力	其他元素	0	shop	8.88	0	703	FBM	Generic	Dog Window Hanging Ornaments Stained Puppy Acrylic Window Decor Dog Shape Suncatcher Colorful Dog Pendant Stained Art Panel Gift for Dog Lovers Home Indoor Outdoor Decor (Chihuahua)	Home & Kitchen:Home Décor Products:Home Décor Accents:Hanging Ornaments
US	B0H49FCCRR	拼图suncatcher	猫	0	shop	19.94	7	41	FBM	AOSERI	Acrylic Puzzle Suncatcher, 81 PCS Stained Glass Style Dachshund Dog Jigsaw Puzzle Kit for Adults, Dog Lover Window Hanging Sun Catcher Decor Gift for Pet Owners, 7.4 in	Arts, Crafts & Sewing:Crafting:Suncatcher Supplies
US	B0H29GFFSN	拼图suncatcher	其他元素	0	clean	19.99	4	35	FBA	HPCHENG	Snowman Acrylic Puzzle Suncatcher, DIY Window Hanging Decor, 7.87 Inch | 83-piece colorful snowman acrylic ornament for window, wall, garden, patio, porch, or Christmas home decor	Toys & Games:Puzzles:Brain Teasers:Assembly & Disentanglement Puzzles
US	B0H2VY6Z7F	拼图suncatcher	花	0	shop	13.88	4	46	FBM	WimnNunt	Cross Sunflower Stained Glass Style Suncatcher, Acrylic Jigsaw Puzzle Window Hanging Decor, Religious Easter Faith Gift (7.4 In, 83 Pieces Irregular Pieces)	Toys & Games:Puzzles:Puzzle Accessories
US	B0GY85RG19	拼图suncatcher	猫+龙	0	shop	13.96	3	41	FBM	Generic	Acrylic Puzzles Suncatcher Window Hanging, 7.4 Inch DIY Suncatcher Kits for Doors Garden, Stained Glass Acrylics Sun Catcher Puzzle for Women &amp; Men Birthday Home Decor (#03 Dragonfly)	Toys & Games:Puzzles:Puzzle Accessories
US	B0H5CM7QNR	拼图suncatcher	万圣节	0	shop	13.88	1	33	FBM	WimnNunt	Mosaic Four Leaf Clover Stained Glass Style Suncatcher, Window Hanging Decor, Acrylic Jigsaw Puzzle for Garden, Halloween, Christmas, Wedding &amp; Housewarming, 7.4 in, 83 Pieces Irregular Pieces	Patio, Lawn & Garden:Outdoor Décor:Garden Sculptures & Statues:Suncatchers
US	B0H39KY2C8	拼图suncatcher	猫+花	0	shop	19.99	1	41	FBA	AOSERI	Acrylic Jigsaw Puzzle Suncatcher 81Pcs Window Hanging Sunflower Sun Catcher Puzzle Kit with Crystal Charm,DIY Crafts for Adults,Home Garden Decor Gift for Women Men Mom Dad 7.6 in	Toys & Games:Puzzles:Puzzle Accessories
US	B0H7C3M5WZ	拼图suncatcher	猫	0	clean	23.98	1	89	FBA	MRYAWXBK	Acrylic Puzzle Suncatcher, 83 Pieces Colorful Cat DIY Acrylic Sun Catcher Puzzle Kit for Doors Garden Window Hanging, Gifts for Mom, Wife, Sisters, Besties, 7.4in	Arts, Crafts & Sewing:Crafting:Leathercraft
US	B0H87CX84X	拼图suncatcher	其他元素	0	clean	13.87	0	3	FBM	generic	Musical Treble Clef Piano Keys Acrylic Suncatcher Puzzle 7.4 Inch | 83Pc Stained Glass Window Ornament, Music Art Fan Art, Melodic Vintage Craft, Music Room Wall Decor, Musician Gift	Arts, Crafts & Sewing:Crafting:Suncatcher Supplies
US	B0H5CN9NFD	拼图suncatcher	其他元素	0	shop	13.88	0	5	FBM	WimnNunt	Mosaic Bear Near River Stained Glass Style Suncatcher, Acrylic DIY Puzzle Window Hanging Decor, Birthday &amp; Memorial Gift for Mom, Grandma, Teacher, Friends (7.4 in, 83 Pieces Irregular Pieces)	Arts, Crafts & Sewing:Crafting:Suncatcher Supplies
US	B0H58YYWJZ	拼图suncatcher	蝴蝶	0	shop	21.88	0	7	FBA	Generic	83Pcs Acrylic Puzzle Suncatcher, Butterfly Hanging Garden Decor	Arts, Crafts & Sewing:Crafting:Suncatcher Supplies
US	B0H5CN4VHZ	拼图suncatcher	其他元素	0	shop	13.88	0	13	FBM	WimnNunt	Guitar Stained Glass Style Suncatcher, Acrylic Jigsaw Puzzle Window Hanging Decor, Christmas Tree Ornament &amp; Holiday Gift (7.4 in, 83 Pieces Irregular Pieces)	Home & Kitchen:Home Décor Products:Home Décor Accents:Hanging Ornaments
US	B0H3B4NB8B	拼图suncatcher	猫+万圣节	0	shop	14.88	0	13	FBM	WimnNunt	Halloween Haunted Castle Cat Stained Glass Style Suncatcher Window Hanging Decor, Indoor Room Ornament, Halloween Christmas Decoration, Acrylic Jigsaw Puzzle DIY Puzzle 83 Pieces Irregular Pieces 7.4 in	Home & Kitchen:Home Décor Products:Home Décor Accents:Hanging Ornaments
US	B0H3BBG6XW	拼图suncatcher	猫+花+万圣节+蝴蝶	0	shop	14.88	0	13	FBM	WimnNunt	Halloween Cat Butterfly Sunflower Stained Glass Style Suncatcher Window Hanging Decor, Gift for Cat and Nature Lovers, Acrylic Jigsaw Puzzle DIY Puzzle 83 Pieces Irregular Pieces 7.4 in	Home & Kitchen:Home Décor Products:Home Décor Accents:Decorative Accessories:Decorative Signs & Plaques
US	B0H5CPPNSC	拼图suncatcher	万圣节	0	shop	14.88	0	13	FBM	WimnNunt	Spooky Witch Stained Glass Style Acrylic Jigsaw Puzzle, Window Hanging Decor Suncatcher with Metal Chain and Hooks Wall Art Gift for Women Mother's Day 7.4 in 83 Pieces Irregular Pieces	Home & Kitchen:Home Décor Products:Home Décor Accents:Decorative Accessories:Decorative Signs & Plaques
US	B0H3BBLG3N	拼图suncatcher	其他元素	0	shop	13.88	0	23	FBM	WimnNunt	Aurora Forest Landscape Stained Glass Style Suncatcher, Window Hanging Decor, Acrylic Jigsaw Puzzle Northern Light Gift, 7.4 in, 83 Pieces Irregular Pieces	Toys & Games:Puzzles:Puzzle Accessories
US	B0H5CNDLNS	拼图suncatcher	其他元素	0	shop	13.88	0	33	FBM	WimnNunt	Cardinal Bird Stained Glass Style Suncatcher, Garden Window Hanging Decor, Acrylic Jigsaw Puzzle Multi Festival Gift, 7.4 in, 83 Pieces Irregular Pieces	Patio, Lawn & Garden:Outdoor Décor:Garden Sculptures & Statues:Suncatchers
US	B0H1CVSDYR	拼图suncatcher	猫+高地牛	0	shop	14.88	0	67	FBM	FTJFDYRDVH	Acrylic Puzzle Suncatcher 83 Pieces Highland Cow Acrylic Jigsaw Puzzle Sun Catcher Puzzle Kit Window Hanging Ornament DIY Art Gift for Home Garden Indoor Decor Highland Cow-A 7.4 Inch	Toys & Games:Puzzles:Puzzle Accessories
US	B0H1CSC8FH	拼图suncatcher	猫	0	clean	7.88	0	68	FBM	FTJFDYRDVH	KaayeeWood Acrylic Suncatcher Puzzle Unique Dolphin Love Song Acrylic Sun Catcher Puzzle Kit for Doors Garden and Window Hanging DIY Suncatcher Kits for Adults 7.4 in	Arts, Crafts & Sewing:Crafting:Leathercraft
US	B0GYCWPNNP	拼图suncatcher	猫+海/龟	0	shop	15.99	0	87	FBM	expgaze	Acrylic Puzzle Suncatcher 83 Pieces, Unique DIY Dawn Blossom Sea Sun Catchers Puzzles Kit for Home Doors Garden Window Hanging Decor 7.4 in (C, S-7.4in)	Patio, Lawn & Garden:Outdoor Décor:Garden Sculptures & Statues:Suncatchers
US	B0H58R14PP	拼图suncatcher	蜂鸟+花	0	clean	21.88	0	89	FBA	Generic	83Pcs Acrylic Puzzle Suncatcher, Purple Flower Hummingbird Hanging Decor	Arts, Crafts & Sewing:Crafting:Suncatcher Supplies
US	B0H4V5SYVT	拼图suncatcher	猫+花	0	clean	19.98	0	89	FBM	Cmkoplok	Acrylic Jigsaw Puzzle Suncatcher - Gray &amp; White Cat with Fall Flowers Window Hanging, Home Decor Creative Mom Gifts, Birthday Gifts for Women,Wife, Sisters, Aunt, Besties 7.4&quot;	Arts, Crafts & Sewing:Crafting:Suncatcher Supplies
US	B0GYDLKZZY	拼图suncatcher	其他元素	0	clean	9.98	0	89	FBM	Giyocepr	Acrylic Jigsaw Puzzle Suncatcher 83 Pieces, DIY Suncatcher Puzzle Kit Window Hanging, Garden Decoration for Women Men Mom Birthday Gift Home &amp; Garden Decor (Butterflies in Bloom, 5.9in)	Toys & Games:Puzzles:Puzzle Accessories
