榜单名称	BRS ID	页码	搜索结果页链接
Air Fresheners	15735121	1	https://www.amazon.com/s?rh=n:15735121&fs=true&page=1
Air Fresheners	15735121	2	https://www.amazon.com/s?rh=n:15735121&fs=true&page=2
Air Fresheners	15735121	3	https://www.amazon.com/s?rh=n:15735121&fs=true&page=3
Air Fresheners	15735121	4	https://www.amazon.com/s?rh=n:15735121&fs=true&page=4
Air Fresheners	15735121	5	https://www.amazon.com/s?rh=n:15735121&fs=true&page=5
Air Fresheners	15735121	6	https://www.amazon.com/s?rh=n:15735121&fs=true&page=6
Air Fresheners	15735121	7	https://www.amazon.com/s?rh=n:15735121&fs=true&page=7
Air Fresheners	15735121	8	https://www.amazon.com/s?rh=n:15735121&fs=true&page=8
Air Fresheners	15735121	9	https://www.amazon.com/s?rh=n:15735121&fs=true&page=9
Air Fresheners	15735121	10	https://www.amazon.com/s?rh=n:15735121&fs=true&page=10
Anti-Theft	15735141	1	https://www.amazon.com/s?rh=n:15735141&fs=true&page=1
Anti-Theft	15735141	2	https://www.amazon.com/s?rh=n:15735141&fs=true&page=2
Anti-Theft	15735141	3	https://www.amazon.com/s?rh=n:15735141&fs=true&page=3
Anti-Theft	15735141	4	https://www.amazon.com/s?rh=n:15735141&fs=true&page=4
Anti-Theft	15735141	5	https://www.amazon.com/s?rh=n:15735141&fs=true&page=5
Anti-Theft	15735141	6	https://www.amazon.com/s?rh=n:15735141&fs=true&page=6
Anti-Theft	15735141	7	https://www.amazon.com/s?rh=n:15735141&fs=true&page=7
Anti-Theft	15735141	8	https://www.amazon.com/s?rh=n:15735141&fs=true&page=8
Anti-Theft	15735141	9	https://www.amazon.com/s?rh=n:15735141&fs=true&page=9
Anti-Theft	15735141	10	https://www.amazon.com/s?rh=n:15735141&fs=true&page=10
Apparel	15736691	1	https://www.amazon.com/s?rh=n:15736691&fs=true&page=1
Apparel	15736691	2	https://www.amazon.com/s?rh=n:15736691&fs=true&page=2
Apparel	15736691	3	https://www.amazon.com/s?rh=n:15736691&fs=true&page=3
Apparel	15736691	4	https://www.amazon.com/s?rh=n:15736691&fs=true&page=4
Apparel	15736691	5	https://www.amazon.com/s?rh=n:15736691&fs=true&page=5
Apparel	15736691	6	https://www.amazon.com/s?rh=n:15736691&fs=true&page=6
Apparel	15736691	7	https://www.amazon.com/s?rh=n:15736691&fs=true&page=7
Apparel	15736691	8	https://www.amazon.com/s?rh=n:15736691&fs=true&page=8
Apparel	15736691	9	https://www.amazon.com/s?rh=n:15736691&fs=true&page=9
Apparel	15736691	10	https://www.amazon.com/s?rh=n:15736691&fs=true&page=10
Aroma Diffusers	38276428011	1	https://www.amazon.com/s?rh=n:38276428011&fs=true&page=1
Aroma Diffusers	38276428011	2	https://www.amazon.com/s?rh=n:38276428011&fs=true&page=2
Aroma Diffusers	38276428011	3	https://www.amazon.com/s?rh=n:38276428011&fs=true&page=3
Aroma Diffusers	38276428011	4	https://www.amazon.com/s?rh=n:38276428011&fs=true&page=4
Aroma Diffusers	38276428011	5	https://www.amazon.com/s?rh=n:38276428011&fs=true&page=5
Aroma Diffusers	38276428011	6	https://www.amazon.com/s?rh=n:38276428011&fs=true&page=6
Aroma Diffusers	38276428011	7	https://www.amazon.com/s?rh=n:38276428011&fs=true&page=7
Aroma Diffusers	38276428011	8	https://www.amazon.com/s?rh=n:38276428011&fs=true&page=8
Aroma Diffusers	38276428011	9	https://www.amazon.com/s?rh=n:38276428011&fs=true&page=9
Aroma Diffusers	38276428011	10	https://www.amazon.com/s?rh=n:38276428011&fs=true&page=10
Ashtrays	318293011	1	https://www.amazon.com/s?rh=n:318293011&fs=true&page=1
Ashtrays	318293011	2	https://www.amazon.com/s?rh=n:318293011&fs=true&page=2
Ashtrays	318293011	3	https://www.amazon.com/s?rh=n:318293011&fs=true&page=3
Ashtrays	318293011	4	https://www.amazon.com/s?rh=n:318293011&fs=true&page=4
Ashtrays	318293011	5	https://www.amazon.com/s?rh=n:318293011&fs=true&page=5
Ashtrays	318293011	6	https://www.amazon.com/s?rh=n:318293011&fs=true&page=6
Ashtrays	318293011	7	https://www.amazon.com/s?rh=n:318293011&fs=true&page=7
Ashtrays	318293011	8	https://www.amazon.com/s?rh=n:318293011&fs=true&page=8
Ashtrays	318293011	9	https://www.amazon.com/s?rh=n:318293011&fs=true&page=9
Ashtrays	318293011	10	https://www.amazon.com/s?rh=n:318293011&fs=true&page=10
Automotive Gun Racks	11162632011	1	https://www.amazon.com/s?rh=n:11162632011&fs=true&page=1
Automotive Gun Racks	11162632011	2	https://www.amazon.com/s?rh=n:11162632011&fs=true&page=2
Automotive Gun Racks	11162632011	3	https://www.amazon.com/s?rh=n:11162632011&fs=true&page=3
Automotive Gun Racks	11162632011	4	https://www.amazon.com/s?rh=n:11162632011&fs=true&page=4
Automotive Gun Racks	11162632011	5	https://www.amazon.com/s?rh=n:11162632011&fs=true&page=5
Automotive Gun Racks	11162632011	6	https://www.amazon.com/s?rh=n:11162632011&fs=true&page=6
Automotive Gun Racks	11162632011	7	https://www.amazon.com/s?rh=n:11162632011&fs=true&page=7
Automotive Gun Racks	11162632011	8	https://www.amazon.com/s?rh=n:11162632011&fs=true&page=8
Automotive Gun Racks	11162632011	9	https://www.amazon.com/s?rh=n:11162632011&fs=true&page=9
Automotive Gun Racks	11162632011	10	https://www.amazon.com/s?rh=n:11162632011&fs=true&page=10
Compasses	15735441	1	https://www.amazon.com/s?rh=n:15735441&fs=true&page=1
Compasses	15735441	2	https://www.amazon.com/s?rh=n:15735441&fs=true&page=2
Compasses	15735441	3	https://www.amazon.com/s?rh=n:15735441&fs=true&page=3
Compasses	15735441	4	https://www.amazon.com/s?rh=n:15735441&fs=true&page=4
Compasses	15735441	5	https://www.amazon.com/s?rh=n:15735441&fs=true&page=5
Compasses	15735441	6	https://www.amazon.com/s?rh=n:15735441&fs=true&page=6
Compasses	15735441	7	https://www.amazon.com/s?rh=n:15735441&fs=true&page=7
Compasses	15735441	8	https://www.amazon.com/s?rh=n:15735441&fs=true&page=8
Compasses	15735441	9	https://www.amazon.com/s?rh=n:15735441&fs=true&page=9
Compasses	15735441	10	https://www.amazon.com/s?rh=n:15735441&fs=true&page=10
Consoles & Organizers	15735451	1	https://www.amazon.com/s?rh=n:15735451&fs=true&page=1
Consoles & Organizers	15735451	2	https://www.amazon.com/s?rh=n:15735451&fs=true&page=2
Consoles & Organizers	15735451	3	https://www.amazon.com/s?rh=n:15735451&fs=true&page=3
Consoles & Organizers	15735451	4	https://www.amazon.com/s?rh=n:15735451&fs=true&page=4
Consoles & Organizers	15735451	5	https://www.amazon.com/s?rh=n:15735451&fs=true&page=5
Consoles & Organizers	15735451	6	https://www.amazon.com/s?rh=n:15735451&fs=true&page=6
Consoles & Organizers	15735451	7	https://www.amazon.com/s?rh=n:15735451&fs=true&page=7
Consoles & Organizers	15735451	8	https://www.amazon.com/s?rh=n:15735451&fs=true&page=8
Consoles & Organizers	15735451	9	https://www.amazon.com/s?rh=n:15735451&fs=true&page=9
Consoles & Organizers	15735451	10	https://www.amazon.com/s?rh=n:15735451&fs=true&page=10
Covers	15735551	1	https://www.amazon.com/s?rh=n:15735551&fs=true&page=1
Covers	15735551	2	https://www.amazon.com/s?rh=n:15735551&fs=true&page=2
Covers	15735551	3	https://www.amazon.com/s?rh=n:15735551&fs=true&page=3
Covers	15735551	4	https://www.amazon.com/s?rh=n:15735551&fs=true&page=4
Covers	15735551	5	https://www.amazon.com/s?rh=n:15735551&fs=true&page=5
Covers	15735551	6	https://www.amazon.com/s?rh=n:15735551&fs=true&page=6
Covers	15735551	7	https://www.amazon.com/s?rh=n:15735551&fs=true&page=7
Covers	15735551	8	https://www.amazon.com/s?rh=n:15735551&fs=true&page=8
Covers	15735551	9	https://www.amazon.com/s?rh=n:15735551&fs=true&page=9
Covers	15735551	10	https://www.amazon.com/s?rh=n:15735551&fs=true&page=10
Decorative Switch Ring Trims	212305252011	1	https://www.amazon.com/s?rh=n:212305252011&fs=true&page=1
Decorative Switch Ring Trims	212305252011	2	https://www.amazon.com/s?rh=n:212305252011&fs=true&page=2
Decorative Switch Ring Trims	212305252011	3	https://www.amazon.com/s?rh=n:212305252011&fs=true&page=3
Decorative Switch Ring Trims	212305252011	4	https://www.amazon.com/s?rh=n:212305252011&fs=true&page=4
Decorative Switch Ring Trims	212305252011	5	https://www.amazon.com/s?rh=n:212305252011&fs=true&page=5
Decorative Switch Ring Trims	212305252011	6	https://www.amazon.com/s?rh=n:212305252011&fs=true&page=6
Decorative Switch Ring Trims	212305252011	7	https://www.amazon.com/s?rh=n:212305252011&fs=true&page=7
Decorative Switch Ring Trims	212305252011	8	https://www.amazon.com/s?rh=n:212305252011&fs=true&page=8
Decorative Switch Ring Trims	212305252011	9	https://www.amazon.com/s?rh=n:212305252011&fs=true&page=9
Decorative Switch Ring Trims	212305252011	10	https://www.amazon.com/s?rh=n:212305252011&fs=true&page=10
Door Entry Guard	3097820011	1	https://www.amazon.com/s?rh=n:3097820011&fs=true&page=1
Door Entry Guard	3097820011	2	https://www.amazon.com/s?rh=n:3097820011&fs=true&page=2
Door Entry Guard	3097820011	3	https://www.amazon.com/s?rh=n:3097820011&fs=true&page=3
Door Entry Guard	3097820011	4	https://www.amazon.com/s?rh=n:3097820011&fs=true&page=4
Door Entry Guard	3097820011	5	https://www.amazon.com/s?rh=n:3097820011&fs=true&page=5
Door Entry Guard	3097820011	6	https://www.amazon.com/s?rh=n:3097820011&fs=true&page=6
Door Entry Guard	3097820011	7	https://www.amazon.com/s?rh=n:3097820011&fs=true&page=7
Door Entry Guard	3097820011	8	https://www.amazon.com/s?rh=n:3097820011&fs=true&page=8
Door Entry Guard	3097820011	9	https://www.amazon.com/s?rh=n:3097820011&fs=true&page=9
Door Entry Guard	3097820011	10	https://www.amazon.com/s?rh=n:3097820011&fs=true&page=10
Electrical Appliances	15735661	1	https://www.amazon.com/s?rh=n:15735661&fs=true&page=1
Electrical Appliances	15735661	2	https://www.amazon.com/s?rh=n:15735661&fs=true&page=2
Electrical Appliances	15735661	3	https://www.amazon.com/s?rh=n:15735661&fs=true&page=3
Electrical Appliances	15735661	4	https://www.amazon.com/s?rh=n:15735661&fs=true&page=4
Electrical Appliances	15735661	5	https://www.amazon.com/s?rh=n:15735661&fs=true&page=5
Electrical Appliances	15735661	6	https://www.amazon.com/s?rh=n:15735661&fs=true&page=6
Electrical Appliances	15735661	7	https://www.amazon.com/s?rh=n:15735661&fs=true&page=7
Electrical Appliances	15735661	8	https://www.amazon.com/s?rh=n:15735661&fs=true&page=8
Electrical Appliances	15735661	9	https://www.amazon.com/s?rh=n:15735661&fs=true&page=9
Electrical Appliances	15735661	10	https://www.amazon.com/s?rh=n:15735661&fs=true&page=10
Floor Mats & Cargo Liners	15735731	1	https://www.amazon.com/s?rh=n:15735731&fs=true&page=1
Floor Mats & Cargo Liners	15735731	2	https://www.amazon.com/s?rh=n:15735731&fs=true&page=2
Floor Mats & Cargo Liners	15735731	3	https://www.amazon.com/s?rh=n:15735731&fs=true&page=3
Floor Mats & Cargo Liners	15735731	4	https://www.amazon.com/s?rh=n:15735731&fs=true&page=4
Floor Mats & Cargo Liners	15735731	5	https://www.amazon.com/s?rh=n:15735731&fs=true&page=5
Floor Mats & Cargo Liners	15735731	6	https://www.amazon.com/s?rh=n:15735731&fs=true&page=6
Floor Mats & Cargo Liners	15735731	7	https://www.amazon.com/s?rh=n:15735731&fs=true&page=7
Floor Mats & Cargo Liners	15735731	8	https://www.amazon.com/s?rh=n:15735731&fs=true&page=8
Floor Mats & Cargo Liners	15735731	9	https://www.amazon.com/s?rh=n:15735731&fs=true&page=9
Floor Mats & Cargo Liners	15735731	10	https://www.amazon.com/s?rh=n:15735731&fs=true&page=10
Garbage Cans	318297011	1	https://www.amazon.com/s?rh=n:318297011&fs=true&page=1
Garbage Cans	318297011	2	https://www.amazon.com/s?rh=n:318297011&fs=true&page=2
Garbage Cans	318297011	3	https://www.amazon.com/s?rh=n:318297011&fs=true&page=3
Garbage Cans	318297011	4	https://www.amazon.com/s?rh=n:318297011&fs=true&page=4
Garbage Cans	318297011	5	https://www.amazon.com/s?rh=n:318297011&fs=true&page=5
Garbage Cans	318297011	6	https://www.amazon.com/s?rh=n:318297011&fs=true&page=6
Garbage Cans	318297011	7	https://www.amazon.com/s?rh=n:318297011&fs=true&page=7
Garbage Cans	318297011	8	https://www.amazon.com/s?rh=n:318297011&fs=true&page=8
Garbage Cans	318297011	9	https://www.amazon.com/s?rh=n:318297011&fs=true&page=9
Garbage Cans	318297011	10	https://www.amazon.com/s?rh=n:318297011&fs=true&page=10
Gauges	15729701	1	https://www.amazon.com/s?rh=n:15729701&fs=true&page=1
Gauges	15729701	2	https://www.amazon.com/s?rh=n:15729701&fs=true&page=2
Gauges	15729701	3	https://www.amazon.com/s?rh=n:15729701&fs=true&page=3
Gauges	15729701	4	https://www.amazon.com/s?rh=n:15729701&fs=true&page=4
Gauges	15729701	5	https://www.amazon.com/s?rh=n:15729701&fs=true&page=5
Gauges	15729701	6	https://www.amazon.com/s?rh=n:15729701&fs=true&page=6
Gauges	15729701	7	https://www.amazon.com/s?rh=n:15729701&fs=true&page=7
Gauges	15729701	8	https://www.amazon.com/s?rh=n:15729701&fs=true&page=8
Gauges	15729701	9	https://www.amazon.com/s?rh=n:15729701&fs=true&page=9
Gauges	15729701	10	https://www.amazon.com/s?rh=n:15729701&fs=true&page=10
Interior Sets	23501462011	1	https://www.amazon.com/s?rh=n:23501462011&fs=true&page=1
Interior Sets	23501462011	2	https://www.amazon.com/s?rh=n:23501462011&fs=true&page=2
Interior Sets	23501462011	3	https://www.amazon.com/s?rh=n:23501462011&fs=true&page=3
Interior Sets	23501462011	4	https://www.amazon.com/s?rh=n:23501462011&fs=true&page=4
Interior Sets	23501462011	5	https://www.amazon.com/s?rh=n:23501462011&fs=true&page=5
Interior Sets	23501462011	6	https://www.amazon.com/s?rh=n:23501462011&fs=true&page=6
Interior Sets	23501462011	7	https://www.amazon.com/s?rh=n:23501462011&fs=true&page=7
Interior Sets	23501462011	8	https://www.amazon.com/s?rh=n:23501462011&fs=true&page=8
Interior Sets	23501462011	9	https://www.amazon.com/s?rh=n:23501462011&fs=true&page=9
Interior Sets	23501462011	10	https://www.amazon.com/s?rh=n:23501462011&fs=true&page=10
Key Shells	21551229011	1	https://www.amazon.com/s?rh=n:21551229011&fs=true&page=1
Key Shells	21551229011	2	https://www.amazon.com/s?rh=n:21551229011&fs=true&page=2
Key Shells	21551229011	3	https://www.amazon.com/s?rh=n:21551229011&fs=true&page=3
Key Shells	21551229011	4	https://www.amazon.com/s?rh=n:21551229011&fs=true&page=4
Key Shells	21551229011	5	https://www.amazon.com/s?rh=n:21551229011&fs=true&page=5
Key Shells	21551229011	6	https://www.amazon.com/s?rh=n:21551229011&fs=true&page=6
Key Shells	21551229011	7	https://www.amazon.com/s?rh=n:21551229011&fs=true&page=7
Key Shells	21551229011	8	https://www.amazon.com/s?rh=n:21551229011&fs=true&page=8
Key Shells	21551229011	9	https://www.amazon.com/s?rh=n:21551229011&fs=true&page=9
Key Shells	21551229011	10	https://www.amazon.com/s?rh=n:21551229011&fs=true&page=10
Keychains	318298011	1	https://www.amazon.com/s?rh=n:318298011&fs=true&page=1
Keychains	318298011	2	https://www.amazon.com/s?rh=n:318298011&fs=true&page=2
Keychains	318298011	3	https://www.amazon.com/s?rh=n:318298011&fs=true&page=3
Keychains	318298011	4	https://www.amazon.com/s?rh=n:318298011&fs=true&page=4
Keychains	318298011	5	https://www.amazon.com/s?rh=n:318298011&fs=true&page=5
Keychains	318298011	6	https://www.amazon.com/s?rh=n:318298011&fs=true&page=6
Keychains	318298011	7	https://www.amazon.com/s?rh=n:318298011&fs=true&page=7
Keychains	318298011	8	https://www.amazon.com/s?rh=n:318298011&fs=true&page=8
Keychains	318298011	9	https://www.amazon.com/s?rh=n:318298011&fs=true&page=9
Keychains	318298011	10	https://www.amazon.com/s?rh=n:318298011&fs=true&page=10
Pedals & Pedal Accessories	15736571	1	https://www.amazon.com/s?rh=n:15736571&fs=true&page=1
Pedals & Pedal Accessories	15736571	2	https://www.amazon.com/s?rh=n:15736571&fs=true&page=2
Pedals & Pedal Accessories	15736571	3	https://www.amazon.com/s?rh=n:15736571&fs=true&page=3
Pedals & Pedal Accessories	15736571	4	https://www.amazon.com/s?rh=n:15736571&fs=true&page=4
Pedals & Pedal Accessories	15736571	5	https://www.amazon.com/s?rh=n:15736571&fs=true&page=5
Pedals & Pedal Accessories	15736571	6	https://www.amazon.com/s?rh=n:15736571&fs=true&page=6
Pedals & Pedal Accessories	15736571	7	https://www.amazon.com/s?rh=n:15736571&fs=true&page=7
Pedals & Pedal Accessories	15736571	8	https://www.amazon.com/s?rh=n:15736571&fs=true&page=8
Pedals & Pedal Accessories	15736571	9	https://www.amazon.com/s?rh=n:15736571&fs=true&page=9
Pedals & Pedal Accessories	15736571	10	https://www.amazon.com/s?rh=n:15736571&fs=true&page=10
Safety	15857551	1	https://www.amazon.com/s?rh=n:15857551&fs=true&page=1
Safety	15857551	2	https://www.amazon.com/s?rh=n:15857551&fs=true&page=2
Safety	15857551	3	https://www.amazon.com/s?rh=n:15857551&fs=true&page=3
Safety	15857551	4	https://www.amazon.com/s?rh=n:15857551&fs=true&page=4
Safety	15857551	5	https://www.amazon.com/s?rh=n:15857551&fs=true&page=5
Safety	15857551	6	https://www.amazon.com/s?rh=n:15857551&fs=true&page=6
Safety	15857551	7	https://www.amazon.com/s?rh=n:15857551&fs=true&page=7
Safety	15857551	8	https://www.amazon.com/s?rh=n:15857551&fs=true&page=8
Safety	15857551	9	https://www.amazon.com/s?rh=n:15857551&fs=true&page=9
Safety	15857551	10	https://www.amazon.com/s?rh=n:15857551&fs=true&page=10
Seat Covers & Accessories	15736751	1	https://www.amazon.com/s?rh=n:15736751&fs=true&page=1
Seat Covers & Accessories	15736751	2	https://www.amazon.com/s?rh=n:15736751&fs=true&page=2
Seat Covers & Accessories	15736751	3	https://www.amazon.com/s?rh=n:15736751&fs=true&page=3
Seat Covers & Accessories	15736751	4	https://www.amazon.com/s?rh=n:15736751&fs=true&page=4
Seat Covers & Accessories	15736751	5	https://www.amazon.com/s?rh=n:15736751&fs=true&page=5
Seat Covers & Accessories	15736751	6	https://www.amazon.com/s?rh=n:15736751&fs=true&page=6
Seat Covers & Accessories	15736751	7	https://www.amazon.com/s?rh=n:15736751&fs=true&page=7
Seat Covers & Accessories	15736751	8	https://www.amazon.com/s?rh=n:15736751&fs=true&page=8
Seat Covers & Accessories	15736751	9	https://www.amazon.com/s?rh=n:15736751&fs=true&page=9
Seat Covers & Accessories	15736751	10	https://www.amazon.com/s?rh=n:15736751&fs=true&page=10
Shift Boots & Knobs	15736991	1	https://www.amazon.com/s?rh=n:15736991&fs=true&page=1
Shift Boots & Knobs	15736991	2	https://www.amazon.com/s?rh=n:15736991&fs=true&page=2
Shift Boots & Knobs	15736991	3	https://www.amazon.com/s?rh=n:15736991&fs=true&page=3
Shift Boots & Knobs	15736991	4	https://www.amazon.com/s?rh=n:15736991&fs=true&page=4
Shift Boots & Knobs	15736991	5	https://www.amazon.com/s?rh=n:15736991&fs=true&page=5
Shift Boots & Knobs	15736991	6	https://www.amazon.com/s?rh=n:15736991&fs=true&page=6
Shift Boots & Knobs	15736991	7	https://www.amazon.com/s?rh=n:15736991&fs=true&page=7
Shift Boots & Knobs	15736991	8	https://www.amazon.com/s?rh=n:15736991&fs=true&page=8
Shift Boots & Knobs	15736991	9	https://www.amazon.com/s?rh=n:15736991&fs=true&page=9
Shift Boots & Knobs	15736991	10	https://www.amazon.com/s?rh=n:15736991&fs=true&page=10
Steering Wheels & Accessories	15737141	1	https://www.amazon.com/s?rh=n:15737141&fs=true&page=1
Steering Wheels & Accessories	15737141	2	https://www.amazon.com/s?rh=n:15737141&fs=true&page=2
Steering Wheels & Accessories	15737141	3	https://www.amazon.com/s?rh=n:15737141&fs=true&page=3
Steering Wheels & Accessories	15737141	4	https://www.amazon.com/s?rh=n:15737141&fs=true&page=4
Steering Wheels & Accessories	15737141	5	https://www.amazon.com/s?rh=n:15737141&fs=true&page=5
Steering Wheels & Accessories	15737141	6	https://www.amazon.com/s?rh=n:15737141&fs=true&page=6
Steering Wheels & Accessories	15737141	7	https://www.amazon.com/s?rh=n:15737141&fs=true&page=7
Steering Wheels & Accessories	15737141	8	https://www.amazon.com/s?rh=n:15737141&fs=true&page=8
Steering Wheels & Accessories	15737141	9	https://www.amazon.com/s?rh=n:15737141&fs=true&page=9
Steering Wheels & Accessories	15737141	10	https://www.amazon.com/s?rh=n:15737141&fs=true&page=10
Cup Holders	318296011	1	https://www.amazon.com/s?rh=n:318296011&fs=true&page=1
Cup Holders	318296011	2	https://www.amazon.com/s?rh=n:318296011&fs=true&page=2
Cup Holders	318296011	3	https://www.amazon.com/s?rh=n:318296011&fs=true&page=3
Cup Holders	318296011	4	https://www.amazon.com/s?rh=n:318296011&fs=true&page=4
Cup Holders	318296011	5	https://www.amazon.com/s?rh=n:318296011&fs=true&page=5
Cup Holders	318296011	6	https://www.amazon.com/s?rh=n:318296011&fs=true&page=6
Cup Holders	318296011	7	https://www.amazon.com/s?rh=n:318296011&fs=true&page=7
Cup Holders	318296011	8	https://www.amazon.com/s?rh=n:318296011&fs=true&page=8
Cup Holders	318296011	9	https://www.amazon.com/s?rh=n:318296011&fs=true&page=9
Cup Holders	318296011	10	https://www.amazon.com/s?rh=n:318296011&fs=true&page=10
Sun Protection	15737191	1	https://www.amazon.com/s?rh=n:15737191&fs=true&page=1
Sun Protection	15737191	2	https://www.amazon.com/s?rh=n:15737191&fs=true&page=2
Sun Protection	15737191	3	https://www.amazon.com/s?rh=n:15737191&fs=true&page=3
Sun Protection	15737191	4	https://www.amazon.com/s?rh=n:15737191&fs=true&page=4
Sun Protection	15737191	5	https://www.amazon.com/s?rh=n:15737191&fs=true&page=5
Sun Protection	15737191	6	https://www.amazon.com/s?rh=n:15737191&fs=true&page=6
Sun Protection	15737191	7	https://www.amazon.com/s?rh=n:15737191&fs=true&page=7
Sun Protection	15737191	8	https://www.amazon.com/s?rh=n:15737191&fs=true&page=8
Sun Protection	15737191	9	https://www.amazon.com/s?rh=n:15737191&fs=true&page=9
Sun Protection	15737191	10	https://www.amazon.com/s?rh=n:15737191&fs=true&page=10
Lighting & Electrical	15729591	1	https://www.amazon.com/s?rh=n:15729591&fs=true&page=1
Lighting & Electrical	15729591	2	https://www.amazon.com/s?rh=n:15729591&fs=true&page=2
Lighting & Electrical	15729591	3	https://www.amazon.com/s?rh=n:15729591&fs=true&page=3
Lighting & Electrical	15729591	4	https://www.amazon.com/s?rh=n:15729591&fs=true&page=4
Lighting & Electrical	15729591	5	https://www.amazon.com/s?rh=n:15729591&fs=true&page=5
Lighting & Electrical	15729591	6	https://www.amazon.com/s?rh=n:15729591&fs=true&page=6
Lighting & Electrical	15729591	7	https://www.amazon.com/s?rh=n:15729591&fs=true&page=7
Lighting & Electrical	15729591	8	https://www.amazon.com/s?rh=n:15729591&fs=true&page=8
Lighting & Electrical	15729591	9	https://www.amazon.com/s?rh=n:15729591&fs=true&page=9
Lighting & Electrical	15729591	10	https://www.amazon.com/s?rh=n:15729591&fs=true&page=10
Shooting	13364359011	1	https://www.amazon.com/s?rh=n:13364359011&fs=true&page=1
Shooting	13364359011	2	https://www.amazon.com/s?rh=n:13364359011&fs=true&page=2
Shooting	13364359011	3	https://www.amazon.com/s?rh=n:13364359011&fs=true&page=3
Shooting	13364359011	4	https://www.amazon.com/s?rh=n:13364359011&fs=true&page=4
Shooting	13364359011	5	https://www.amazon.com/s?rh=n:13364359011&fs=true&page=5
Shooting	13364359011	6	https://www.amazon.com/s?rh=n:13364359011&fs=true&page=6
Shooting	13364359011	7	https://www.amazon.com/s?rh=n:13364359011&fs=true&page=7
Shooting	13364359011	8	https://www.amazon.com/s?rh=n:13364359011&fs=true&page=8
Shooting	13364359011	9	https://www.amazon.com/s?rh=n:13364359011&fs=true&page=9
Shooting	13364359011	10	https://www.amazon.com/s?rh=n:13364359011&fs=true&page=10
Automotive Pest Repellents	23708133011	1	https://www.amazon.com/s?rh=n:23708133011&fs=true&page=1
Automotive Pest Repellents	23708133011	2	https://www.amazon.com/s?rh=n:23708133011&fs=true&page=2
Automotive Pest Repellents	23708133011	3	https://www.amazon.com/s?rh=n:23708133011&fs=true&page=3
Automotive Pest Repellents	23708133011	4	https://www.amazon.com/s?rh=n:23708133011&fs=true&page=4
Automotive Pest Repellents	23708133011	5	https://www.amazon.com/s?rh=n:23708133011&fs=true&page=5
Automotive Pest Repellents	23708133011	6	https://www.amazon.com/s?rh=n:23708133011&fs=true&page=6
Automotive Pest Repellents	23708133011	7	https://www.amazon.com/s?rh=n:23708133011&fs=true&page=7
Automotive Pest Repellents	23708133011	8	https://www.amazon.com/s?rh=n:23708133011&fs=true&page=8
Automotive Pest Repellents	23708133011	9	https://www.amazon.com/s?rh=n:23708133011&fs=true&page=9
Automotive Pest Repellents	23708133011	10	https://www.amazon.com/s?rh=n:23708133011&fs=true&page=10
Exterior Care	15718291	1	https://www.amazon.com/s?rh=n:15718291&fs=true&page=1
Exterior Care	15718291	2	https://www.amazon.com/s?rh=n:15718291&fs=true&page=2
Exterior Care	15718291	3	https://www.amazon.com/s?rh=n:15718291&fs=true&page=3
Exterior Care	15718291	4	https://www.amazon.com/s?rh=n:15718291&fs=true&page=4
Exterior Care	15718291	5	https://www.amazon.com/s?rh=n:15718291&fs=true&page=5
Exterior Care	15718291	6	https://www.amazon.com/s?rh=n:15718291&fs=true&page=6
Exterior Care	15718291	7	https://www.amazon.com/s?rh=n:15718291&fs=true&page=7
Exterior Care	15718291	8	https://www.amazon.com/s?rh=n:15718291&fs=true&page=8
Exterior Care	15718291	9	https://www.amazon.com/s?rh=n:15718291&fs=true&page=9
Exterior Care	15718291	10	https://www.amazon.com/s?rh=n:15718291&fs=true&page=10
Fillers, Adhesives & Sealants	21557050011	1	https://www.amazon.com/s?rh=n:21557050011&fs=true&page=1
Fillers, Adhesives & Sealants	21557050011	2	https://www.amazon.com/s?rh=n:21557050011&fs=true&page=2
Fillers, Adhesives & Sealants	21557050011	3	https://www.amazon.com/s?rh=n:21557050011&fs=true&page=3
Fillers, Adhesives & Sealants	21557050011	4	https://www.amazon.com/s?rh=n:21557050011&fs=true&page=4
Fillers, Adhesives & Sealants	21557050011	5	https://www.amazon.com/s?rh=n:21557050011&fs=true&page=5
Fillers, Adhesives & Sealants	21557050011	6	https://www.amazon.com/s?rh=n:21557050011&fs=true&page=6
Fillers, Adhesives & Sealants	21557050011	7	https://www.amazon.com/s?rh=n:21557050011&fs=true&page=7
Fillers, Adhesives & Sealants	21557050011	8	https://www.amazon.com/s?rh=n:21557050011&fs=true&page=8
Fillers, Adhesives & Sealants	21557050011	9	https://www.amazon.com/s?rh=n:21557050011&fs=true&page=9
Fillers, Adhesives & Sealants	21557050011	10	https://www.amazon.com/s?rh=n:21557050011&fs=true&page=10
Finishing	15718501	1	https://www.amazon.com/s?rh=n:15718501&fs=true&page=1
Finishing	15718501	2	https://www.amazon.com/s?rh=n:15718501&fs=true&page=2
Finishing	15718501	3	https://www.amazon.com/s?rh=n:15718501&fs=true&page=3
Finishing	15718501	4	https://www.amazon.com/s?rh=n:15718501&fs=true&page=4
Finishing	15718501	5	https://www.amazon.com/s?rh=n:15718501&fs=true&page=5
Finishing	15718501	6	https://www.amazon.com/s?rh=n:15718501&fs=true&page=6
Finishing	15718501	7	https://www.amazon.com/s?rh=n:15718501&fs=true&page=7
Finishing	15718501	8	https://www.amazon.com/s?rh=n:15718501&fs=true&page=8
Finishing	15718501	9	https://www.amazon.com/s?rh=n:15718501&fs=true&page=9
Finishing	15718501	10	https://www.amazon.com/s?rh=n:15718501&fs=true&page=10
Interior Care	15718541	1	https://www.amazon.com/s?rh=n:15718541&fs=true&page=1
Interior Care	15718541	2	https://www.amazon.com/s?rh=n:15718541&fs=true&page=2
Interior Care	15718541	3	https://www.amazon.com/s?rh=n:15718541&fs=true&page=3
Interior Care	15718541	4	https://www.amazon.com/s?rh=n:15718541&fs=true&page=4
Interior Care	15718541	5	https://www.amazon.com/s?rh=n:15718541&fs=true&page=5
Interior Care	15718541	6	https://www.amazon.com/s?rh=n:15718541&fs=true&page=6
Interior Care	15718541	7	https://www.amazon.com/s?rh=n:15718541&fs=true&page=7
Interior Care	15718541	8	https://www.amazon.com/s?rh=n:15718541&fs=true&page=8
Interior Care	15718541	9	https://www.amazon.com/s?rh=n:15718541&fs=true&page=9
Interior Care	15718541	10	https://www.amazon.com/s?rh=n:15718541&fs=true&page=10
Solvents	15718631	1	https://www.amazon.com/s?rh=n:15718631&fs=true&page=1
Solvents	15718631	2	https://www.amazon.com/s?rh=n:15718631&fs=true&page=2
Solvents	15718631	3	https://www.amazon.com/s?rh=n:15718631&fs=true&page=3
Solvents	15718631	4	https://www.amazon.com/s?rh=n:15718631&fs=true&page=4
Solvents	15718631	5	https://www.amazon.com/s?rh=n:15718631&fs=true&page=5
Solvents	15718631	6	https://www.amazon.com/s?rh=n:15718631&fs=true&page=6
Solvents	15718631	7	https://www.amazon.com/s?rh=n:15718631&fs=true&page=7
Solvents	15718631	8	https://www.amazon.com/s?rh=n:15718631&fs=true&page=8
Solvents	15718631	9	https://www.amazon.com/s?rh=n:15718631&fs=true&page=9
Solvents	15718631	10	https://www.amazon.com/s?rh=n:15718631&fs=true&page=10
Tire & Wheel Care	15718641	1	https://www.amazon.com/s?rh=n:15718641&fs=true&page=1
Tire & Wheel Care	15718641	2	https://www.amazon.com/s?rh=n:15718641&fs=true&page=2
Tire & Wheel Care	15718641	3	https://www.amazon.com/s?rh=n:15718641&fs=true&page=3
Tire & Wheel Care	15718641	4	https://www.amazon.com/s?rh=n:15718641&fs=true&page=4
Tire & Wheel Care	15718641	5	https://www.amazon.com/s?rh=n:15718641&fs=true&page=5
Tire & Wheel Care	15718641	6	https://www.amazon.com/s?rh=n:15718641&fs=true&page=6
Tire & Wheel Care	15718641	7	https://www.amazon.com/s?rh=n:15718641&fs=true&page=7
Tire & Wheel Care	15718641	8	https://www.amazon.com/s?rh=n:15718641&fs=true&page=8
Tire & Wheel Care	15718641	9	https://www.amazon.com/s?rh=n:15718641&fs=true&page=9
Tire & Wheel Care	15718641	10	https://www.amazon.com/s?rh=n:15718641&fs=true&page=10
Tools & Equipment	15718651	1	https://www.amazon.com/s?rh=n:15718651&fs=true&page=1
Tools & Equipment	15718651	2	https://www.amazon.com/s?rh=n:15718651&fs=true&page=2
Tools & Equipment	15718651	3	https://www.amazon.com/s?rh=n:15718651&fs=true&page=3
Tools & Equipment	15718651	4	https://www.amazon.com/s?rh=n:15718651&fs=true&page=4
Tools & Equipment	15718651	5	https://www.amazon.com/s?rh=n:15718651&fs=true&page=5
Tools & Equipment	15718651	6	https://www.amazon.com/s?rh=n:15718651&fs=true&page=6
Tools & Equipment	15718651	7	https://www.amazon.com/s?rh=n:15718651&fs=true&page=7
Tools & Equipment	15718651	8	https://www.amazon.com/s?rh=n:15718651&fs=true&page=8
Tools & Equipment	15718651	9	https://www.amazon.com/s?rh=n:15718651&fs=true&page=9
Tools & Equipment	15718651	10	https://www.amazon.com/s?rh=n:15718651&fs=true&page=10
Undercoatings	15718781	1	https://www.amazon.com/s?rh=n:15718781&fs=true&page=1
Undercoatings	15718781	2	https://www.amazon.com/s?rh=n:15718781&fs=true&page=2
Undercoatings	15718781	3	https://www.amazon.com/s?rh=n:15718781&fs=true&page=3
Undercoatings	15718781	4	https://www.amazon.com/s?rh=n:15718781&fs=true&page=4
Undercoatings	15718781	5	https://www.amazon.com/s?rh=n:15718781&fs=true&page=5
Undercoatings	15718781	6	https://www.amazon.com/s?rh=n:15718781&fs=true&page=6
Undercoatings	15718781	7	https://www.amazon.com/s?rh=n:15718781&fs=true&page=7
Undercoatings	15718781	8	https://www.amazon.com/s?rh=n:15718781&fs=true&page=8
Undercoatings	15718781	9	https://www.amazon.com/s?rh=n:15718781&fs=true&page=9
Undercoatings	15718781	10	https://www.amazon.com/s?rh=n:15718781&fs=true&page=10
Cycling	3403201	1	https://www.amazon.com/s?rh=n:3403201&fs=true&page=1
Cycling	3403201	2	https://www.amazon.com/s?rh=n:3403201&fs=true&page=2
Cycling	3403201	3	https://www.amazon.com/s?rh=n:3403201&fs=true&page=3
Cycling	3403201	4	https://www.amazon.com/s?rh=n:3403201&fs=true&page=4
Cycling	3403201	5	https://www.amazon.com/s?rh=n:3403201&fs=true&page=5
Cycling	3403201	6	https://www.amazon.com/s?rh=n:3403201&fs=true&page=6
Cycling	3403201	7	https://www.amazon.com/s?rh=n:3403201&fs=true&page=7
Cycling	3403201	8	https://www.amazon.com/s?rh=n:3403201&fs=true&page=8
Cycling	3403201	9	https://www.amazon.com/s?rh=n:3403201&fs=true&page=9
Cycling	3403201	10	https://www.amazon.com/s?rh=n:3403201&fs=true&page=10
Window Care	219646387011	1	https://www.amazon.com/s?rh=n:219646387011&fs=true&page=1
Window Care	219646387011	2	https://www.amazon.com/s?rh=n:219646387011&fs=true&page=2
Window Care	219646387011	3	https://www.amazon.com/s?rh=n:219646387011&fs=true&page=3
Window Care	219646387011	4	https://www.amazon.com/s?rh=n:219646387011&fs=true&page=4
Window Care	219646387011	5	https://www.amazon.com/s?rh=n:219646387011&fs=true&page=5
Window Care	219646387011	6	https://www.amazon.com/s?rh=n:219646387011&fs=true&page=6
Window Care	219646387011	7	https://www.amazon.com/s?rh=n:219646387011&fs=true&page=7
Window Care	219646387011	8	https://www.amazon.com/s?rh=n:219646387011&fs=true&page=8
Window Care	219646387011	9	https://www.amazon.com/s?rh=n:219646387011&fs=true&page=9
Window Care	219646387011	10	https://www.amazon.com/s?rh=n:219646387011&fs=true&page=10
Skates, Skateboards & Scooters	11051398011	1	https://www.amazon.com/s?rh=n:11051398011&fs=true&page=1
Skates, Skateboards & Scooters	11051398011	2	https://www.amazon.com/s?rh=n:11051398011&fs=true&page=2
Skates, Skateboards & Scooters	11051398011	3	https://www.amazon.com/s?rh=n:11051398011&fs=true&page=3
Skates, Skateboards & Scooters	11051398011	4	https://www.amazon.com/s?rh=n:11051398011&fs=true&page=4
Skates, Skateboards & Scooters	11051398011	5	https://www.amazon.com/s?rh=n:11051398011&fs=true&page=5
Skates, Skateboards & Scooters	11051398011	6	https://www.amazon.com/s?rh=n:11051398011&fs=true&page=6
Skates, Skateboards & Scooters	11051398011	7	https://www.amazon.com/s?rh=n:11051398011&fs=true&page=7
Skates, Skateboards & Scooters	11051398011	8	https://www.amazon.com/s?rh=n:11051398011&fs=true&page=8
Skates, Skateboards & Scooters	11051398011	9	https://www.amazon.com/s?rh=n:11051398011&fs=true&page=9
Skates, Skateboards & Scooters	11051398011	10	https://www.amazon.com/s?rh=n:11051398011&fs=true&page=10
Figures	3228092011	1	https://www.amazon.com/s?rh=n:3228092011&fs=true&page=1
Figures	3228092011	2	https://www.amazon.com/s?rh=n:3228092011&fs=true&page=2
Figures	3228092011	3	https://www.amazon.com/s?rh=n:3228092011&fs=true&page=3
Figures	3228092011	4	https://www.amazon.com/s?rh=n:3228092011&fs=true&page=4
Figures	3228092011	5	https://www.amazon.com/s?rh=n:3228092011&fs=true&page=5
Figures	3228092011	6	https://www.amazon.com/s?rh=n:3228092011&fs=true&page=6
Figures	3228092011	7	https://www.amazon.com/s?rh=n:3228092011&fs=true&page=7
Figures	3228092011	8	https://www.amazon.com/s?rh=n:3228092011&fs=true&page=8
Figures	3228092011	9	https://www.amazon.com/s?rh=n:3228092011&fs=true&page=9
Figures	3228092011	10	https://www.amazon.com/s?rh=n:3228092011&fs=true&page=10
Gear Sets	166103011	1	https://www.amazon.com/s?rh=n:166103011&fs=true&page=1
Gear Sets	166103011	2	https://www.amazon.com/s?rh=n:166103011&fs=true&page=2
Gear Sets	166103011	3	https://www.amazon.com/s?rh=n:166103011&fs=true&page=3
Gear Sets	166103011	4	https://www.amazon.com/s?rh=n:166103011&fs=true&page=4
Gear Sets	166103011	5	https://www.amazon.com/s?rh=n:166103011&fs=true&page=5
Gear Sets	166103011	6	https://www.amazon.com/s?rh=n:166103011&fs=true&page=6
Gear Sets	166103011	7	https://www.amazon.com/s?rh=n:166103011&fs=true&page=7
Gear Sets	166103011	8	https://www.amazon.com/s?rh=n:166103011&fs=true&page=8
Gear Sets	166103011	9	https://www.amazon.com/s?rh=n:166103011&fs=true&page=9
Gear Sets	166103011	10	https://www.amazon.com/s?rh=n:166103011&fs=true&page=10
Magnetic Building	23462539011	1	https://www.amazon.com/s?rh=n:23462539011&fs=true&page=1
Magnetic Building	23462539011	2	https://www.amazon.com/s?rh=n:23462539011&fs=true&page=2
Magnetic Building	23462539011	3	https://www.amazon.com/s?rh=n:23462539011&fs=true&page=3
Magnetic Building	23462539011	4	https://www.amazon.com/s?rh=n:23462539011&fs=true&page=4
Magnetic Building	23462539011	5	https://www.amazon.com/s?rh=n:23462539011&fs=true&page=5
Magnetic Building	23462539011	6	https://www.amazon.com/s?rh=n:23462539011&fs=true&page=6
Magnetic Building	23462539011	7	https://www.amazon.com/s?rh=n:23462539011&fs=true&page=7
Magnetic Building	23462539011	8	https://www.amazon.com/s?rh=n:23462539011&fs=true&page=8
Magnetic Building	23462539011	9	https://www.amazon.com/s?rh=n:23462539011&fs=true&page=9
Magnetic Building	23462539011	10	https://www.amazon.com/s?rh=n:23462539011&fs=true&page=10
Stacking Blocks	166093011	1	https://www.amazon.com/s?rh=n:166093011&fs=true&page=1
Stacking Blocks	166093011	2	https://www.amazon.com/s?rh=n:166093011&fs=true&page=2
Stacking Blocks	166093011	3	https://www.amazon.com/s?rh=n:166093011&fs=true&page=3
Stacking Blocks	166093011	4	https://www.amazon.com/s?rh=n:166093011&fs=true&page=4
Stacking Blocks	166093011	5	https://www.amazon.com/s?rh=n:166093011&fs=true&page=5
Stacking Blocks	166093011	6	https://www.amazon.com/s?rh=n:166093011&fs=true&page=6
Stacking Blocks	166093011	7	https://www.amazon.com/s?rh=n:166093011&fs=true&page=7
Stacking Blocks	166093011	8	https://www.amazon.com/s?rh=n:166093011&fs=true&page=8
Stacking Blocks	166093011	9	https://www.amazon.com/s?rh=n:166093011&fs=true&page=9
Stacking Blocks	166093011	10	https://www.amazon.com/s?rh=n:166093011&fs=true&page=10
Storage & Accessories	166100011	1	https://www.amazon.com/s?rh=n:166100011&fs=true&page=1
Storage & Accessories	166100011	2	https://www.amazon.com/s?rh=n:166100011&fs=true&page=2
Storage & Accessories	166100011	3	https://www.amazon.com/s?rh=n:166100011&fs=true&page=3
Storage & Accessories	166100011	4	https://www.amazon.com/s?rh=n:166100011&fs=true&page=4
Storage & Accessories	166100011	5	https://www.amazon.com/s?rh=n:166100011&fs=true&page=5
Storage & Accessories	166100011	6	https://www.amazon.com/s?rh=n:166100011&fs=true&page=6
Storage & Accessories	166100011	7	https://www.amazon.com/s?rh=n:166100011&fs=true&page=7
Storage & Accessories	166100011	8	https://www.amazon.com/s?rh=n:166100011&fs=true&page=8
Storage & Accessories	166100011	9	https://www.amazon.com/s?rh=n:166100011&fs=true&page=9
Storage & Accessories	166100011	10	https://www.amazon.com/s?rh=n:166100011&fs=true&page=10
Cleaning Kits	15718281	1	https://www.amazon.com/s?rh=n:15718281&fs=true&page=1
Cleaning Kits	15718281	2	https://www.amazon.com/s?rh=n:15718281&fs=true&page=2
Cleaning Kits	15718281	3	https://www.amazon.com/s?rh=n:15718281&fs=true&page=3
Cleaning Kits	15718281	4	https://www.amazon.com/s?rh=n:15718281&fs=true&page=4
Cleaning Kits	15718281	5	https://www.amazon.com/s?rh=n:15718281&fs=true&page=5
Cleaning Kits	15718281	6	https://www.amazon.com/s?rh=n:15718281&fs=true&page=6
Cleaning Kits	15718281	7	https://www.amazon.com/s?rh=n:15718281&fs=true&page=7
Cleaning Kits	15718281	8	https://www.amazon.com/s?rh=n:15718281&fs=true&page=8
Cleaning Kits	15718281	9	https://www.amazon.com/s?rh=n:15718281&fs=true&page=9
Cleaning Kits	15718281	10	https://www.amazon.com/s?rh=n:15718281&fs=true&page=10
Antenna Toppers	15735131	1	https://www.amazon.com/s?rh=n:15735131&fs=true&page=1
Antenna Toppers	15735131	2	https://www.amazon.com/s?rh=n:15735131&fs=true&page=2
Antenna Toppers	15735131	3	https://www.amazon.com/s?rh=n:15735131&fs=true&page=3
Antenna Toppers	15735131	4	https://www.amazon.com/s?rh=n:15735131&fs=true&page=4
Antenna Toppers	15735131	5	https://www.amazon.com/s?rh=n:15735131&fs=true&page=5
Antenna Toppers	15735131	6	https://www.amazon.com/s?rh=n:15735131&fs=true&page=6
Antenna Toppers	15735131	7	https://www.amazon.com/s?rh=n:15735131&fs=true&page=7
Antenna Toppers	15735131	8	https://www.amazon.com/s?rh=n:15735131&fs=true&page=8
Antenna Toppers	15735131	9	https://www.amazon.com/s?rh=n:15735131&fs=true&page=9
Antenna Toppers	15735131	10	https://www.amazon.com/s?rh=n:15735131&fs=true&page=10
Body Armor	4939604011	1	https://www.amazon.com/s?rh=n:4939604011&fs=true&page=1
Body Armor	4939604011	2	https://www.amazon.com/s?rh=n:4939604011&fs=true&page=2
Body Armor	4939604011	3	https://www.amazon.com/s?rh=n:4939604011&fs=true&page=3
Body Armor	4939604011	4	https://www.amazon.com/s?rh=n:4939604011&fs=true&page=4
Body Armor	4939604011	5	https://www.amazon.com/s?rh=n:4939604011&fs=true&page=5
Body Armor	4939604011	6	https://www.amazon.com/s?rh=n:4939604011&fs=true&page=6
Body Armor	4939604011	7	https://www.amazon.com/s?rh=n:4939604011&fs=true&page=7
Body Armor	4939604011	8	https://www.amazon.com/s?rh=n:4939604011&fs=true&page=8
Body Armor	4939604011	9	https://www.amazon.com/s?rh=n:4939604011&fs=true&page=9
Body Armor	4939604011	10	https://www.amazon.com/s?rh=n:4939604011&fs=true&page=10
Bumper Stickers, Decals & Magnets	15710001	1	https://www.amazon.com/s?rh=n:15710001&fs=true&page=1
Bumper Stickers, Decals & Magnets	15710001	2	https://www.amazon.com/s?rh=n:15710001&fs=true&page=2
Bumper Stickers, Decals & Magnets	15710001	3	https://www.amazon.com/s?rh=n:15710001&fs=true&page=3
Bumper Stickers, Decals & Magnets	15710001	4	https://www.amazon.com/s?rh=n:15710001&fs=true&page=4
Bumper Stickers, Decals & Magnets	15710001	5	https://www.amazon.com/s?rh=n:15710001&fs=true&page=5
Bumper Stickers, Decals & Magnets	15710001	6	https://www.amazon.com/s?rh=n:15710001&fs=true&page=6
Bumper Stickers, Decals & Magnets	15710001	7	https://www.amazon.com/s?rh=n:15710001&fs=true&page=7
Bumper Stickers, Decals & Magnets	15710001	8	https://www.amazon.com/s?rh=n:15710001&fs=true&page=8
Bumper Stickers, Decals & Magnets	15710001	9	https://www.amazon.com/s?rh=n:15710001&fs=true&page=9
Bumper Stickers, Decals & Magnets	15710001	10	https://www.amazon.com/s?rh=n:15710001&fs=true&page=10
Bumpers & Bumper Accessories	15735201	1	https://www.amazon.com/s?rh=n:15735201&fs=true&page=1
Bumpers & Bumper Accessories	15735201	2	https://www.amazon.com/s?rh=n:15735201&fs=true&page=2
Bumpers & Bumper Accessories	15735201	3	https://www.amazon.com/s?rh=n:15735201&fs=true&page=3
Bumpers & Bumper Accessories	15735201	4	https://www.amazon.com/s?rh=n:15735201&fs=true&page=4
Bumpers & Bumper Accessories	15735201	5	https://www.amazon.com/s?rh=n:15735201&fs=true&page=5
Bumpers & Bumper Accessories	15735201	6	https://www.amazon.com/s?rh=n:15735201&fs=true&page=6
Bumpers & Bumper Accessories	15735201	7	https://www.amazon.com/s?rh=n:15735201&fs=true&page=7
Bumpers & Bumper Accessories	15735201	8	https://www.amazon.com/s?rh=n:15735201&fs=true&page=8
Bumpers & Bumper Accessories	15735201	9	https://www.amazon.com/s?rh=n:15735201&fs=true&page=9
Bumpers & Bumper Accessories	15735201	10	https://www.amazon.com/s?rh=n:15735201&fs=true&page=10
Cargo Management	15735241	1	https://www.amazon.com/s?rh=n:15735241&fs=true&page=1
Cargo Management	15735241	2	https://www.amazon.com/s?rh=n:15735241&fs=true&page=2
Cargo Management	15735241	3	https://www.amazon.com/s?rh=n:15735241&fs=true&page=3
Cargo Management	15735241	4	https://www.amazon.com/s?rh=n:15735241&fs=true&page=4
Cargo Management	15735241	5	https://www.amazon.com/s?rh=n:15735241&fs=true&page=5
Cargo Management	15735241	6	https://www.amazon.com/s?rh=n:15735241&fs=true&page=6
Cargo Management	15735241	7	https://www.amazon.com/s?rh=n:15735241&fs=true&page=7
Cargo Management	15735241	8	https://www.amazon.com/s?rh=n:15735241&fs=true&page=8
Cargo Management	15735241	9	https://www.amazon.com/s?rh=n:15735241&fs=true&page=9
Cargo Management	15735241	10	https://www.amazon.com/s?rh=n:15735241&fs=true&page=10
Covers	15857521	1	https://www.amazon.com/s?rh=n:15857521&fs=true&page=1
Covers	15857521	2	https://www.amazon.com/s?rh=n:15857521&fs=true&page=2
Covers	15857521	3	https://www.amazon.com/s?rh=n:15857521&fs=true&page=3
Covers	15857521	4	https://www.amazon.com/s?rh=n:15857521&fs=true&page=4
Covers	15857521	5	https://www.amazon.com/s?rh=n:15857521&fs=true&page=5
Covers	15857521	6	https://www.amazon.com/s?rh=n:15857521&fs=true&page=6
Covers	15857521	7	https://www.amazon.com/s?rh=n:15857521&fs=true&page=7
Covers	15857521	8	https://www.amazon.com/s?rh=n:15857521&fs=true&page=8
Covers	15857521	9	https://www.amazon.com/s?rh=n:15857521&fs=true&page=9
Covers	15857521	10	https://www.amazon.com/s?rh=n:15857521&fs=true&page=10
Deflectors & Shields	15735601	1	https://www.amazon.com/s?rh=n:15735601&fs=true&page=1
Deflectors & Shields	15735601	2	https://www.amazon.com/s?rh=n:15735601&fs=true&page=2
Deflectors & Shields	15735601	3	https://www.amazon.com/s?rh=n:15735601&fs=true&page=3
Deflectors & Shields	15735601	4	https://www.amazon.com/s?rh=n:15735601&fs=true&page=4
Deflectors & Shields	15735601	5	https://www.amazon.com/s?rh=n:15735601&fs=true&page=5
Deflectors & Shields	15735601	6	https://www.amazon.com/s?rh=n:15735601&fs=true&page=6
Deflectors & Shields	15735601	7	https://www.amazon.com/s?rh=n:15735601&fs=true&page=7
Deflectors & Shields	15735601	8	https://www.amazon.com/s?rh=n:15735601&fs=true&page=8
Deflectors & Shields	15735601	9	https://www.amazon.com/s?rh=n:15735601&fs=true&page=9
Deflectors & Shields	15735601	10	https://www.amazon.com/s?rh=n:15735601&fs=true&page=10
Emblems	3095127011	1	https://www.amazon.com/s?rh=n:3095127011&fs=true&page=1
Emblems	3095127011	2	https://www.amazon.com/s?rh=n:3095127011&fs=true&page=2
Emblems	3095127011	3	https://www.amazon.com/s?rh=n:3095127011&fs=true&page=3
Emblems	3095127011	4	https://www.amazon.com/s?rh=n:3095127011&fs=true&page=4
Emblems	3095127011	5	https://www.amazon.com/s?rh=n:3095127011&fs=true&page=5
Emblems	3095127011	6	https://www.amazon.com/s?rh=n:3095127011&fs=true&page=6
Emblems	3095127011	7	https://www.amazon.com/s?rh=n:3095127011&fs=true&page=7
Emblems	3095127011	8	https://www.amazon.com/s?rh=n:3095127011&fs=true&page=8
Emblems	3095127011	9	https://www.amazon.com/s?rh=n:3095127011&fs=true&page=9
Emblems	3095127011	10	https://www.amazon.com/s?rh=n:3095127011&fs=true&page=10
Fender Flares & Trim	15735691	1	https://www.amazon.com/s?rh=n:15735691&fs=true&page=1
Fender Flares & Trim	15735691	2	https://www.amazon.com/s?rh=n:15735691&fs=true&page=2
Fender Flares & Trim	15735691	3	https://www.amazon.com/s?rh=n:15735691&fs=true&page=3
Fender Flares & Trim	15735691	4	https://www.amazon.com/s?rh=n:15735691&fs=true&page=4
Fender Flares & Trim	15735691	5	https://www.amazon.com/s?rh=n:15735691&fs=true&page=5
Fender Flares & Trim	15735691	6	https://www.amazon.com/s?rh=n:15735691&fs=true&page=6
Fender Flares & Trim	15735691	7	https://www.amazon.com/s?rh=n:15735691&fs=true&page=7
Fender Flares & Trim	15735691	8	https://www.amazon.com/s?rh=n:15735691&fs=true&page=8
Fender Flares & Trim	15735691	9	https://www.amazon.com/s?rh=n:15735691&fs=true&page=9
Fender Flares & Trim	15735691	10	https://www.amazon.com/s?rh=n:15735691&fs=true&page=10
Fuel Tank Caps	15723051	1	https://www.amazon.com/s?rh=n:15723051&fs=true&page=1
Fuel Tank Caps	15723051	2	https://www.amazon.com/s?rh=n:15723051&fs=true&page=2
Fuel Tank Caps	15723051	3	https://www.amazon.com/s?rh=n:15723051&fs=true&page=3
Fuel Tank Caps	15723051	4	https://www.amazon.com/s?rh=n:15723051&fs=true&page=4
Fuel Tank Caps	15723051	5	https://www.amazon.com/s?rh=n:15723051&fs=true&page=5
Fuel Tank Caps	15723051	6	https://www.amazon.com/s?rh=n:15723051&fs=true&page=6
Fuel Tank Caps	15723051	7	https://www.amazon.com/s?rh=n:15723051&fs=true&page=7
Fuel Tank Caps	15723051	8	https://www.amazon.com/s?rh=n:15723051&fs=true&page=8
Fuel Tank Caps	15723051	9	https://www.amazon.com/s?rh=n:15723051&fs=true&page=9
Fuel Tank Caps	15723051	10	https://www.amazon.com/s?rh=n:15723051&fs=true&page=10
Gas Tank Doors	318292011	1	https://www.amazon.com/s?rh=n:318292011&fs=true&page=1
Gas Tank Doors	318292011	2	https://www.amazon.com/s?rh=n:318292011&fs=true&page=2
Gas Tank Doors	318292011	3	https://www.amazon.com/s?rh=n:318292011&fs=true&page=3
Gas Tank Doors	318292011	4	https://www.amazon.com/s?rh=n:318292011&fs=true&page=4
Gas Tank Doors	318292011	5	https://www.amazon.com/s?rh=n:318292011&fs=true&page=5
Gas Tank Doors	318292011	6	https://www.amazon.com/s?rh=n:318292011&fs=true&page=6
Gas Tank Doors	318292011	7	https://www.amazon.com/s?rh=n:318292011&fs=true&page=7
Gas Tank Doors	318292011	8	https://www.amazon.com/s?rh=n:318292011&fs=true&page=8
Gas Tank Doors	318292011	9	https://www.amazon.com/s?rh=n:318292011&fs=true&page=9
Gas Tank Doors	318292011	10	https://www.amazon.com/s?rh=n:318292011&fs=true&page=10
Grilles & Grille Guards	15735981	1	https://www.amazon.com/s?rh=n:15735981&fs=true&page=1
Grilles & Grille Guards	15735981	2	https://www.amazon.com/s?rh=n:15735981&fs=true&page=2
Grilles & Grille Guards	15735981	3	https://www.amazon.com/s?rh=n:15735981&fs=true&page=3
Grilles & Grille Guards	15735981	4	https://www.amazon.com/s?rh=n:15735981&fs=true&page=4
Grilles & Grille Guards	15735981	5	https://www.amazon.com/s?rh=n:15735981&fs=true&page=5
Grilles & Grille Guards	15735981	6	https://www.amazon.com/s?rh=n:15735981&fs=true&page=6
Grilles & Grille Guards	15735981	7	https://www.amazon.com/s?rh=n:15735981&fs=true&page=7
Grilles & Grille Guards	15735981	8	https://www.amazon.com/s?rh=n:15735981&fs=true&page=8
Grilles & Grille Guards	15735981	9	https://www.amazon.com/s?rh=n:15735981&fs=true&page=9
Grilles & Grille Guards	15735981	10	https://www.amazon.com/s?rh=n:15735981&fs=true&page=10
Hood Scoops & Vents	15736031	1	https://www.amazon.com/s?rh=n:15736031&fs=true&page=1
Hood Scoops & Vents	15736031	2	https://www.amazon.com/s?rh=n:15736031&fs=true&page=2
Hood Scoops & Vents	15736031	3	https://www.amazon.com/s?rh=n:15736031&fs=true&page=3
Hood Scoops & Vents	15736031	4	https://www.amazon.com/s?rh=n:15736031&fs=true&page=4
Hood Scoops & Vents	15736031	5	https://www.amazon.com/s?rh=n:15736031&fs=true&page=5
Hood Scoops & Vents	15736031	6	https://www.amazon.com/s?rh=n:15736031&fs=true&page=6
Hood Scoops & Vents	15736031	7	https://www.amazon.com/s?rh=n:15736031&fs=true&page=7
Hood Scoops & Vents	15736031	8	https://www.amazon.com/s?rh=n:15736031&fs=true&page=8
Hood Scoops & Vents	15736031	9	https://www.amazon.com/s?rh=n:15736031&fs=true&page=9
Hood Scoops & Vents	15736031	10	https://www.amazon.com/s?rh=n:15736031&fs=true&page=10
Horns & Accessories	15736071	1	https://www.amazon.com/s?rh=n:15736071&fs=true&page=1
Horns & Accessories	15736071	2	https://www.amazon.com/s?rh=n:15736071&fs=true&page=2
Horns & Accessories	15736071	3	https://www.amazon.com/s?rh=n:15736071&fs=true&page=3
Horns & Accessories	15736071	4	https://www.amazon.com/s?rh=n:15736071&fs=true&page=4
Horns & Accessories	15736071	5	https://www.amazon.com/s?rh=n:15736071&fs=true&page=5
Horns & Accessories	15736071	6	https://www.amazon.com/s?rh=n:15736071&fs=true&page=6
Horns & Accessories	15736071	7	https://www.amazon.com/s?rh=n:15736071&fs=true&page=7
Horns & Accessories	15736071	8	https://www.amazon.com/s?rh=n:15736071&fs=true&page=8
Horns & Accessories	15736071	9	https://www.amazon.com/s?rh=n:15736071&fs=true&page=9
Horns & Accessories	15736071	10	https://www.amazon.com/s?rh=n:15736071&fs=true&page=10
License Plate Covers & Frames	15736161	1	https://www.amazon.com/s?rh=n:15736161&fs=true&page=1
License Plate Covers & Frames	15736161	2	https://www.amazon.com/s?rh=n:15736161&fs=true&page=2
License Plate Covers & Frames	15736161	3	https://www.amazon.com/s?rh=n:15736161&fs=true&page=3
License Plate Covers & Frames	15736161	4	https://www.amazon.com/s?rh=n:15736161&fs=true&page=4
License Plate Covers & Frames	15736161	5	https://www.amazon.com/s?rh=n:15736161&fs=true&page=5
License Plate Covers & Frames	15736161	6	https://www.amazon.com/s?rh=n:15736161&fs=true&page=6
License Plate Covers & Frames	15736161	7	https://www.amazon.com/s?rh=n:15736161&fs=true&page=7
License Plate Covers & Frames	15736161	8	https://www.amazon.com/s?rh=n:15736161&fs=true&page=8
License Plate Covers & Frames	15736161	9	https://www.amazon.com/s?rh=n:15736161&fs=true&page=9
License Plate Covers & Frames	15736161	10	https://www.amazon.com/s?rh=n:15736161&fs=true&page=10
Mirrors & Parts	19408390011	1	https://www.amazon.com/s?rh=n:19408390011&fs=true&page=1
Mirrors & Parts	19408390011	2	https://www.amazon.com/s?rh=n:19408390011&fs=true&page=2
Mirrors & Parts	19408390011	3	https://www.amazon.com/s?rh=n:19408390011&fs=true&page=3
Mirrors & Parts	19408390011	4	https://www.amazon.com/s?rh=n:19408390011&fs=true&page=4
Mirrors & Parts	19408390011	5	https://www.amazon.com/s?rh=n:19408390011&fs=true&page=5
Mirrors & Parts	19408390011	6	https://www.amazon.com/s?rh=n:19408390011&fs=true&page=6
Mirrors & Parts	19408390011	7	https://www.amazon.com/s?rh=n:19408390011&fs=true&page=7
Mirrors & Parts	19408390011	8	https://www.amazon.com/s?rh=n:19408390011&fs=true&page=8
Mirrors & Parts	19408390011	9	https://www.amazon.com/s?rh=n:19408390011&fs=true&page=9
Mirrors & Parts	19408390011	10	https://www.amazon.com/s?rh=n:19408390011&fs=true&page=10
Roll Bars, Roll Cages & Covers	15736601	1	https://www.amazon.com/s?rh=n:15736601&fs=true&page=1
Roll Bars, Roll Cages & Covers	15736601	2	https://www.amazon.com/s?rh=n:15736601&fs=true&page=2
Roll Bars, Roll Cages & Covers	15736601	3	https://www.amazon.com/s?rh=n:15736601&fs=true&page=3
Roll Bars, Roll Cages & Covers	15736601	4	https://www.amazon.com/s?rh=n:15736601&fs=true&page=4
Roll Bars, Roll Cages & Covers	15736601	5	https://www.amazon.com/s?rh=n:15736601&fs=true&page=5
Roll Bars, Roll Cages & Covers	15736601	6	https://www.amazon.com/s?rh=n:15736601&fs=true&page=6
Roll Bars, Roll Cages & Covers	15736601	7	https://www.amazon.com/s?rh=n:15736601&fs=true&page=7
Roll Bars, Roll Cages & Covers	15736601	8	https://www.amazon.com/s?rh=n:15736601&fs=true&page=8
Roll Bars, Roll Cages & Covers	15736601	9	https://www.amazon.com/s?rh=n:15736601&fs=true&page=9
Roll Bars, Roll Cages & Covers	15736601	10	https://www.amazon.com/s?rh=n:15736601&fs=true&page=10
Running Boards & Steps	15736611	1	https://www.amazon.com/s?rh=n:15736611&fs=true&page=1
Running Boards & Steps	15736611	2	https://www.amazon.com/s?rh=n:15736611&fs=true&page=2
Running Boards & Steps	15736611	3	https://www.amazon.com/s?rh=n:15736611&fs=true&page=3
Running Boards & Steps	15736611	4	https://www.amazon.com/s?rh=n:15736611&fs=true&page=4
Running Boards & Steps	15736611	5	https://www.amazon.com/s?rh=n:15736611&fs=true&page=5
Running Boards & Steps	15736611	6	https://www.amazon.com/s?rh=n:15736611&fs=true&page=6
Running Boards & Steps	15736611	7	https://www.amazon.com/s?rh=n:15736611&fs=true&page=7
Running Boards & Steps	15736611	8	https://www.amazon.com/s?rh=n:15736611&fs=true&page=8
Running Boards & Steps	15736611	9	https://www.amazon.com/s?rh=n:15736611&fs=true&page=9
Running Boards & Steps	15736611	10	https://www.amazon.com/s?rh=n:15736611&fs=true&page=10
Safety	15857541	1	https://www.amazon.com/s?rh=n:15857541&fs=true&page=1
Safety	15857541	2	https://www.amazon.com/s?rh=n:15857541&fs=true&page=2
Safety	15857541	3	https://www.amazon.com/s?rh=n:15857541&fs=true&page=3
Safety	15857541	4	https://www.amazon.com/s?rh=n:15857541&fs=true&page=4
Safety	15857541	5	https://www.amazon.com/s?rh=n:15857541&fs=true&page=5
Safety	15857541	6	https://www.amazon.com/s?rh=n:15857541&fs=true&page=6
Safety	15857541	7	https://www.amazon.com/s?rh=n:15857541&fs=true&page=7
Safety	15857541	8	https://www.amazon.com/s?rh=n:15857541&fs=true&page=8
Safety	15857541	9	https://www.amazon.com/s?rh=n:15857541&fs=true&page=9
Safety	15857541	10	https://www.amazon.com/s?rh=n:15857541&fs=true&page=10
Snow & Ice	15737021	1	https://www.amazon.com/s?rh=n:15737021&fs=true&page=1
Snow & Ice	15737021	2	https://www.amazon.com/s?rh=n:15737021&fs=true&page=2
Snow & Ice	15737021	3	https://www.amazon.com/s?rh=n:15737021&fs=true&page=3
Snow & Ice	15737021	4	https://www.amazon.com/s?rh=n:15737021&fs=true&page=4
Snow & Ice	15737021	5	https://www.amazon.com/s?rh=n:15737021&fs=true&page=5
Snow & Ice	15737021	6	https://www.amazon.com/s?rh=n:15737021&fs=true&page=6
Snow & Ice	15737021	7	https://www.amazon.com/s?rh=n:15737021&fs=true&page=7
Snow & Ice	15737021	8	https://www.amazon.com/s?rh=n:15737021&fs=true&page=8
Snow & Ice	15737021	9	https://www.amazon.com/s?rh=n:15737021&fs=true&page=9
Snow & Ice	15737021	10	https://www.amazon.com/s?rh=n:15737021&fs=true&page=10
Spare Tire Carriers	15706921	1	https://www.amazon.com/s?rh=n:15706921&fs=true&page=1
Spare Tire Carriers	15706921	2	https://www.amazon.com/s?rh=n:15706921&fs=true&page=2
Spare Tire Carriers	15706921	3	https://www.amazon.com/s?rh=n:15706921&fs=true&page=3
Spare Tire Carriers	15706921	4	https://www.amazon.com/s?rh=n:15706921&fs=true&page=4
Spare Tire Carriers	15706921	5	https://www.amazon.com/s?rh=n:15706921&fs=true&page=5
Spare Tire Carriers	15706921	6	https://www.amazon.com/s?rh=n:15706921&fs=true&page=6
Spare Tire Carriers	15706921	7	https://www.amazon.com/s?rh=n:15706921&fs=true&page=7
Spare Tire Carriers	15706921	8	https://www.amazon.com/s?rh=n:15706921&fs=true&page=8
Spare Tire Carriers	15706921	9	https://www.amazon.com/s?rh=n:15706921&fs=true&page=9
Spare Tire Carriers	15706921	10	https://www.amazon.com/s?rh=n:15706921&fs=true&page=10
Spoilers, Wings & Styling Kits	15737061	1	https://www.amazon.com/s?rh=n:15737061&fs=true&page=1
Spoilers, Wings & Styling Kits	15737061	2	https://www.amazon.com/s?rh=n:15737061&fs=true&page=2
Spoilers, Wings & Styling Kits	15737061	3	https://www.amazon.com/s?rh=n:15737061&fs=true&page=3
Spoilers, Wings & Styling Kits	15737061	4	https://www.amazon.com/s?rh=n:15737061&fs=true&page=4
Spoilers, Wings & Styling Kits	15737061	5	https://www.amazon.com/s?rh=n:15737061&fs=true&page=5
Spoilers, Wings & Styling Kits	15737061	6	https://www.amazon.com/s?rh=n:15737061&fs=true&page=6
Spoilers, Wings & Styling Kits	15737061	7	https://www.amazon.com/s?rh=n:15737061&fs=true&page=7
Spoilers, Wings & Styling Kits	15737061	8	https://www.amazon.com/s?rh=n:15737061&fs=true&page=8
Spoilers, Wings & Styling Kits	15737061	9	https://www.amazon.com/s?rh=n:15737061&fs=true&page=9
Spoilers, Wings & Styling Kits	15737061	10	https://www.amazon.com/s?rh=n:15737061&fs=true&page=10
Towing Products & Winches	15737251	1	https://www.amazon.com/s?rh=n:15737251&fs=true&page=1
Towing Products & Winches	15737251	2	https://www.amazon.com/s?rh=n:15737251&fs=true&page=2
Towing Products & Winches	15737251	3	https://www.amazon.com/s?rh=n:15737251&fs=true&page=3
Towing Products & Winches	15737251	4	https://www.amazon.com/s?rh=n:15737251&fs=true&page=4
Towing Products & Winches	15737251	5	https://www.amazon.com/s?rh=n:15737251&fs=true&page=5
Towing Products & Winches	15737251	6	https://www.amazon.com/s?rh=n:15737251&fs=true&page=6
Towing Products & Winches	15737251	7	https://www.amazon.com/s?rh=n:15737251&fs=true&page=7
Towing Products & Winches	15737251	8	https://www.amazon.com/s?rh=n:15737251&fs=true&page=8
Towing Products & Winches	15737251	9	https://www.amazon.com/s?rh=n:15737251&fs=true&page=9
Towing Products & Winches	15737251	10	https://www.amazon.com/s?rh=n:15737251&fs=true&page=10
Trailer Accessories	15737621	1	https://www.amazon.com/s?rh=n:15737621&fs=true&page=1
Trailer Accessories	15737621	2	https://www.amazon.com/s?rh=n:15737621&fs=true&page=2
Trailer Accessories	15737621	3	https://www.amazon.com/s?rh=n:15737621&fs=true&page=3
Trailer Accessories	15737621	4	https://www.amazon.com/s?rh=n:15737621&fs=true&page=4
Trailer Accessories	15737621	5	https://www.amazon.com/s?rh=n:15737621&fs=true&page=5
Trailer Accessories	15737621	6	https://www.amazon.com/s?rh=n:15737621&fs=true&page=6
Trailer Accessories	15737621	7	https://www.amazon.com/s?rh=n:15737621&fs=true&page=7
Trailer Accessories	15737621	8	https://www.amazon.com/s?rh=n:15737621&fs=true&page=8
Trailer Accessories	15737621	9	https://www.amazon.com/s?rh=n:15737621&fs=true&page=9
Trailer Accessories	15737621	10	https://www.amazon.com/s?rh=n:15737621&fs=true&page=10
Truck Bed & Tailgate Accessories	15737781	1	https://www.amazon.com/s?rh=n:15737781&fs=true&page=1
Truck Bed & Tailgate Accessories	15737781	2	https://www.amazon.com/s?rh=n:15737781&fs=true&page=2
Truck Bed & Tailgate Accessories	15737781	3	https://www.amazon.com/s?rh=n:15737781&fs=true&page=3
Truck Bed & Tailgate Accessories	15737781	4	https://www.amazon.com/s?rh=n:15737781&fs=true&page=4
Truck Bed & Tailgate Accessories	15737781	5	https://www.amazon.com/s?rh=n:15737781&fs=true&page=5
Truck Bed & Tailgate Accessories	15737781	6	https://www.amazon.com/s?rh=n:15737781&fs=true&page=6
Truck Bed & Tailgate Accessories	15737781	7	https://www.amazon.com/s?rh=n:15737781&fs=true&page=7
Truck Bed & Tailgate Accessories	15737781	8	https://www.amazon.com/s?rh=n:15737781&fs=true&page=8
Truck Bed & Tailgate Accessories	15737781	9	https://www.amazon.com/s?rh=n:15737781&fs=true&page=9
Truck Bed & Tailgate Accessories	15737781	10	https://www.amazon.com/s?rh=n:15737781&fs=true&page=10
Vinyl Wraps & Accessories	13924815011	1	https://www.amazon.com/s?rh=n:13924815011&fs=true&page=1
Vinyl Wraps & Accessories	13924815011	2	https://www.amazon.com/s?rh=n:13924815011&fs=true&page=2
Vinyl Wraps & Accessories	13924815011	3	https://www.amazon.com/s?rh=n:13924815011&fs=true&page=3
Vinyl Wraps & Accessories	13924815011	4	https://www.amazon.com/s?rh=n:13924815011&fs=true&page=4
Vinyl Wraps & Accessories	13924815011	5	https://www.amazon.com/s?rh=n:13924815011&fs=true&page=5
Vinyl Wraps & Accessories	13924815011	6	https://www.amazon.com/s?rh=n:13924815011&fs=true&page=6
Vinyl Wraps & Accessories	13924815011	7	https://www.amazon.com/s?rh=n:13924815011&fs=true&page=7
Vinyl Wraps & Accessories	13924815011	8	https://www.amazon.com/s?rh=n:13924815011&fs=true&page=8
Vinyl Wraps & Accessories	13924815011	9	https://www.amazon.com/s?rh=n:13924815011&fs=true&page=9
Vinyl Wraps & Accessories	13924815011	10	https://www.amazon.com/s?rh=n:13924815011&fs=true&page=10
Mud Flaps & Splash Guards	15706651	1	https://www.amazon.com/s?rh=n:15706651&fs=true&page=1
Mud Flaps & Splash Guards	15706651	2	https://www.amazon.com/s?rh=n:15706651&fs=true&page=2
Mud Flaps & Splash Guards	15706651	3	https://www.amazon.com/s?rh=n:15706651&fs=true&page=3
Mud Flaps & Splash Guards	15706651	4	https://www.amazon.com/s?rh=n:15706651&fs=true&page=4
Mud Flaps & Splash Guards	15706651	5	https://www.amazon.com/s?rh=n:15706651&fs=true&page=5
Mud Flaps & Splash Guards	15706651	6	https://www.amazon.com/s?rh=n:15706651&fs=true&page=6
Mud Flaps & Splash Guards	15706651	7	https://www.amazon.com/s?rh=n:15706651&fs=true&page=7
Mud Flaps & Splash Guards	15706651	8	https://www.amazon.com/s?rh=n:15706651&fs=true&page=8
Mud Flaps & Splash Guards	15706651	9	https://www.amazon.com/s?rh=n:15706651&fs=true&page=9
Mud Flaps & Splash Guards	15706651	10	https://www.amazon.com/s?rh=n:15706651&fs=true&page=10
Window Louvers	15737961	1	https://www.amazon.com/s?rh=n:15737961&fs=true&page=1
Window Louvers	15737961	2	https://www.amazon.com/s?rh=n:15737961&fs=true&page=2
Window Louvers	15737961	3	https://www.amazon.com/s?rh=n:15737961&fs=true&page=3
Window Louvers	15737961	4	https://www.amazon.com/s?rh=n:15737961&fs=true&page=4
Window Louvers	15737961	5	https://www.amazon.com/s?rh=n:15737961&fs=true&page=5
Window Louvers	15737961	6	https://www.amazon.com/s?rh=n:15737961&fs=true&page=6
Window Louvers	15737961	7	https://www.amazon.com/s?rh=n:15737961&fs=true&page=7
Window Louvers	15737961	8	https://www.amazon.com/s?rh=n:15737961&fs=true&page=8
Window Louvers	15737961	9	https://www.amazon.com/s?rh=n:15737961&fs=true&page=9
Window Louvers	15737961	10	https://www.amazon.com/s?rh=n:15737961&fs=true&page=10
Body & Trim	13591417011	1	https://www.amazon.com/s?rh=n:13591417011&fs=true&page=1
Body & Trim	13591417011	2	https://www.amazon.com/s?rh=n:13591417011&fs=true&page=2
Body & Trim	13591417011	3	https://www.amazon.com/s?rh=n:13591417011&fs=true&page=3
Body & Trim	13591417011	4	https://www.amazon.com/s?rh=n:13591417011&fs=true&page=4
Body & Trim	13591417011	5	https://www.amazon.com/s?rh=n:13591417011&fs=true&page=5
Body & Trim	13591417011	6	https://www.amazon.com/s?rh=n:13591417011&fs=true&page=6
Body & Trim	13591417011	7	https://www.amazon.com/s?rh=n:13591417011&fs=true&page=7
Body & Trim	13591417011	8	https://www.amazon.com/s?rh=n:13591417011&fs=true&page=8
Body & Trim	13591417011	9	https://www.amazon.com/s?rh=n:13591417011&fs=true&page=9
Body & Trim	13591417011	10	https://www.amazon.com/s?rh=n:13591417011&fs=true&page=10
Caps	15723031	1	https://www.amazon.com/s?rh=n:15723031&fs=true&page=1
Caps	15723031	2	https://www.amazon.com/s?rh=n:15723031&fs=true&page=2
Caps	15723031	3	https://www.amazon.com/s?rh=n:15723031&fs=true&page=3
Caps	15723031	4	https://www.amazon.com/s?rh=n:15723031&fs=true&page=4
Caps	15723031	5	https://www.amazon.com/s?rh=n:15723031&fs=true&page=5
Caps	15723031	6	https://www.amazon.com/s?rh=n:15723031&fs=true&page=6
Caps	15723031	7	https://www.amazon.com/s?rh=n:15723031&fs=true&page=7
Caps	15723031	8	https://www.amazon.com/s?rh=n:15723031&fs=true&page=8
Caps	15723031	9	https://www.amazon.com/s?rh=n:15723031&fs=true&page=9
Caps	15723031	10	https://www.amazon.com/s?rh=n:15723031&fs=true&page=10
Building Sets	166099011	1	https://www.amazon.com/s?rh=n:166099011&fs=true&page=1
Building Sets	166099011	2	https://www.amazon.com/s?rh=n:166099011&fs=true&page=2
Building Sets	166099011	3	https://www.amazon.com/s?rh=n:166099011&fs=true&page=3
Building Sets	166099011	4	https://www.amazon.com/s?rh=n:166099011&fs=true&page=4
Building Sets	166099011	5	https://www.amazon.com/s?rh=n:166099011&fs=true&page=5
Building Sets	166099011	6	https://www.amazon.com/s?rh=n:166099011&fs=true&page=6
Building Sets	166099011	7	https://www.amazon.com/s?rh=n:166099011&fs=true&page=7
Building Sets	166099011	8	https://www.amazon.com/s?rh=n:166099011&fs=true&page=8
Building Sets	166099011	9	https://www.amazon.com/s?rh=n:166099011&fs=true&page=9
Building Sets	166099011	10	https://www.amazon.com/s?rh=n:166099011&fs=true&page=10
Cameras	2491281011	1	https://www.amazon.com/s?rh=n:2491281011&fs=true&page=1
Cameras	2491281011	2	https://www.amazon.com/s?rh=n:2491281011&fs=true&page=2
Cameras	2491281011	3	https://www.amazon.com/s?rh=n:2491281011&fs=true&page=3
Cameras	2491281011	4	https://www.amazon.com/s?rh=n:2491281011&fs=true&page=4
Cameras	2491281011	5	https://www.amazon.com/s?rh=n:2491281011&fs=true&page=5
Cameras	2491281011	6	https://www.amazon.com/s?rh=n:2491281011&fs=true&page=6
Cameras	2491281011	7	https://www.amazon.com/s?rh=n:2491281011&fs=true&page=7
Cameras	2491281011	8	https://www.amazon.com/s?rh=n:2491281011&fs=true&page=8
Cameras	2491281011	9	https://www.amazon.com/s?rh=n:2491281011&fs=true&page=9
Cameras	2491281011	10	https://www.amazon.com/s?rh=n:2491281011&fs=true&page=10
Electronic Pets	166178011	1	https://www.amazon.com/s?rh=n:166178011&fs=true&page=1
Electronic Pets	166178011	2	https://www.amazon.com/s?rh=n:166178011&fs=true&page=2
Electronic Pets	166178011	3	https://www.amazon.com/s?rh=n:166178011&fs=true&page=3
Electronic Pets	166178011	4	https://www.amazon.com/s?rh=n:166178011&fs=true&page=4
Electronic Pets	166178011	5	https://www.amazon.com/s?rh=n:166178011&fs=true&page=5
Electronic Pets	166178011	6	https://www.amazon.com/s?rh=n:166178011&fs=true&page=6
Electronic Pets	166178011	7	https://www.amazon.com/s?rh=n:166178011&fs=true&page=7
Electronic Pets	166178011	8	https://www.amazon.com/s?rh=n:166178011&fs=true&page=8
Electronic Pets	166178011	9	https://www.amazon.com/s?rh=n:166178011&fs=true&page=9
Electronic Pets	166178011	10	https://www.amazon.com/s?rh=n:166178011&fs=true&page=10
Karaoke Machines	166192011	1	https://www.amazon.com/s?rh=n:166192011&fs=true&page=1
Karaoke Machines	166192011	2	https://www.amazon.com/s?rh=n:166192011&fs=true&page=2
Karaoke Machines	166192011	3	https://www.amazon.com/s?rh=n:166192011&fs=true&page=3
Karaoke Machines	166192011	4	https://www.amazon.com/s?rh=n:166192011&fs=true&page=4
Karaoke Machines	166192011	5	https://www.amazon.com/s?rh=n:166192011&fs=true&page=5
Karaoke Machines	166192011	6	https://www.amazon.com/s?rh=n:166192011&fs=true&page=6
Karaoke Machines	166192011	7	https://www.amazon.com/s?rh=n:166192011&fs=true&page=7
Karaoke Machines	166192011	8	https://www.amazon.com/s?rh=n:166192011&fs=true&page=8
Karaoke Machines	166192011	9	https://www.amazon.com/s?rh=n:166192011&fs=true&page=9
Karaoke Machines	166192011	10	https://www.amazon.com/s?rh=n:166192011&fs=true&page=10
MP3 Players	2491285011	1	https://www.amazon.com/s?rh=n:2491285011&fs=true&page=1
MP3 Players	2491285011	2	https://www.amazon.com/s?rh=n:2491285011&fs=true&page=2
MP3 Players	2491285011	3	https://www.amazon.com/s?rh=n:2491285011&fs=true&page=3
MP3 Players	2491285011	4	https://www.amazon.com/s?rh=n:2491285011&fs=true&page=4
MP3 Players	2491285011	5	https://www.amazon.com/s?rh=n:2491285011&fs=true&page=5
MP3 Players	2491285011	6	https://www.amazon.com/s?rh=n:2491285011&fs=true&page=6
MP3 Players	2491285011	7	https://www.amazon.com/s?rh=n:2491285011&fs=true&page=7
MP3 Players	2491285011	8	https://www.amazon.com/s?rh=n:2491285011&fs=true&page=8
MP3 Players	2491285011	9	https://www.amazon.com/s?rh=n:2491285011&fs=true&page=9
MP3 Players	2491285011	10	https://www.amazon.com/s?rh=n:2491285011&fs=true&page=10
Personal Video Players & Accessories	166200011	1	https://www.amazon.com/s?rh=n:166200011&fs=true&page=1
Personal Video Players & Accessories	166200011	2	https://www.amazon.com/s?rh=n:166200011&fs=true&page=2
Personal Video Players & Accessories	166200011	3	https://www.amazon.com/s?rh=n:166200011&fs=true&page=3
Personal Video Players & Accessories	166200011	4	https://www.amazon.com/s?rh=n:166200011&fs=true&page=4
Personal Video Players & Accessories	166200011	5	https://www.amazon.com/s?rh=n:166200011&fs=true&page=5
Personal Video Players & Accessories	166200011	6	https://www.amazon.com/s?rh=n:166200011&fs=true&page=6
Personal Video Players & Accessories	166200011	7	https://www.amazon.com/s?rh=n:166200011&fs=true&page=7
Personal Video Players & Accessories	166200011	8	https://www.amazon.com/s?rh=n:166200011&fs=true&page=8
Personal Video Players & Accessories	166200011	9	https://www.amazon.com/s?rh=n:166200011&fs=true&page=9
Personal Video Players & Accessories	166200011	10	https://www.amazon.com/s?rh=n:166200011&fs=true&page=10
Plug & Play Video Games	166201011	1	https://www.amazon.com/s?rh=n:166201011&fs=true&page=1
Plug & Play Video Games	166201011	2	https://www.amazon.com/s?rh=n:166201011&fs=true&page=2
Plug & Play Video Games	166201011	3	https://www.amazon.com/s?rh=n:166201011&fs=true&page=3
Plug & Play Video Games	166201011	4	https://www.amazon.com/s?rh=n:166201011&fs=true&page=4
Plug & Play Video Games	166201011	5	https://www.amazon.com/s?rh=n:166201011&fs=true&page=5
Plug & Play Video Games	166201011	6	https://www.amazon.com/s?rh=n:166201011&fs=true&page=6
Plug & Play Video Games	166201011	7	https://www.amazon.com/s?rh=n:166201011&fs=true&page=7
Plug & Play Video Games	166201011	8	https://www.amazon.com/s?rh=n:166201011&fs=true&page=8
Plug & Play Video Games	166201011	9	https://www.amazon.com/s?rh=n:166201011&fs=true&page=9
Plug & Play Video Games	166201011	10	https://www.amazon.com/s?rh=n:166201011&fs=true&page=10
Storytelling Toys	24069497011	1	https://www.amazon.com/s?rh=n:24069497011&fs=true&page=1
Storytelling Toys	24069497011	2	https://www.amazon.com/s?rh=n:24069497011&fs=true&page=2
Storytelling Toys	24069497011	3	https://www.amazon.com/s?rh=n:24069497011&fs=true&page=3
Storytelling Toys	24069497011	4	https://www.amazon.com/s?rh=n:24069497011&fs=true&page=4
Storytelling Toys	24069497011	5	https://www.amazon.com/s?rh=n:24069497011&fs=true&page=5
Storytelling Toys	24069497011	6	https://www.amazon.com/s?rh=n:24069497011&fs=true&page=6
Storytelling Toys	24069497011	7	https://www.amazon.com/s?rh=n:24069497011&fs=true&page=7
Storytelling Toys	24069497011	8	https://www.amazon.com/s?rh=n:24069497011&fs=true&page=8
Storytelling Toys	24069497011	9	https://www.amazon.com/s?rh=n:24069497011&fs=true&page=9
Storytelling Toys	24069497011	10	https://www.amazon.com/s?rh=n:24069497011&fs=true&page=10
Tablets & Accessories	23566053011	1	https://www.amazon.com/s?rh=n:23566053011&fs=true&page=1
Tablets & Accessories	23566053011	2	https://www.amazon.com/s?rh=n:23566053011&fs=true&page=2
Tablets & Accessories	23566053011	3	https://www.amazon.com/s?rh=n:23566053011&fs=true&page=3
Tablets & Accessories	23566053011	4	https://www.amazon.com/s?rh=n:23566053011&fs=true&page=4
Tablets & Accessories	23566053011	5	https://www.amazon.com/s?rh=n:23566053011&fs=true&page=5
Tablets & Accessories	23566053011	6	https://www.amazon.com/s?rh=n:23566053011&fs=true&page=6
Tablets & Accessories	23566053011	7	https://www.amazon.com/s?rh=n:23566053011&fs=true&page=7
Tablets & Accessories	23566053011	8	https://www.amazon.com/s?rh=n:23566053011&fs=true&page=8
Tablets & Accessories	23566053011	9	https://www.amazon.com/s?rh=n:23566053011&fs=true&page=9
Tablets & Accessories	23566053011	10	https://www.amazon.com/s?rh=n:23566053011&fs=true&page=10
Jewelry Accessories	9616098011	1	https://www.amazon.com/s?rh=n:9616098011&fs=true&page=1
Jewelry Accessories	9616098011	2	https://www.amazon.com/s?rh=n:9616098011&fs=true&page=2
Jewelry Accessories	9616098011	3	https://www.amazon.com/s?rh=n:9616098011&fs=true&page=3
Jewelry Accessories	9616098011	4	https://www.amazon.com/s?rh=n:9616098011&fs=true&page=4
Jewelry Accessories	9616098011	5	https://www.amazon.com/s?rh=n:9616098011&fs=true&page=5
Jewelry Accessories	9616098011	6	https://www.amazon.com/s?rh=n:9616098011&fs=true&page=6
Jewelry Accessories	9616098011	7	https://www.amazon.com/s?rh=n:9616098011&fs=true&page=7
Jewelry Accessories	9616098011	8	https://www.amazon.com/s?rh=n:9616098011&fs=true&page=8
Jewelry Accessories	9616098011	9	https://www.amazon.com/s?rh=n:9616098011&fs=true&page=9
Jewelry Accessories	9616098011	10	https://www.amazon.com/s?rh=n:9616098011&fs=true&page=10
Walkie Talkies	166208011	1	https://www.amazon.com/s?rh=n:166208011&fs=true&page=1
Walkie Talkies	166208011	2	https://www.amazon.com/s?rh=n:166208011&fs=true&page=2
Walkie Talkies	166208011	3	https://www.amazon.com/s?rh=n:166208011&fs=true&page=3
Walkie Talkies	166208011	4	https://www.amazon.com/s?rh=n:166208011&fs=true&page=4
Walkie Talkies	166208011	5	https://www.amazon.com/s?rh=n:166208011&fs=true&page=5
Walkie Talkies	166208011	6	https://www.amazon.com/s?rh=n:166208011&fs=true&page=6
Walkie Talkies	166208011	7	https://www.amazon.com/s?rh=n:166208011&fs=true&page=7
Walkie Talkies	166208011	8	https://www.amazon.com/s?rh=n:166208011&fs=true&page=8
Walkie Talkies	166208011	9	https://www.amazon.com/s?rh=n:166208011&fs=true&page=9
Walkie Talkies	166208011	10	https://www.amazon.com/s?rh=n:166208011&fs=true&page=10
Dance Mats	274316011	1	https://www.amazon.com/s?rh=n:274316011&fs=true&page=1
Dance Mats	274316011	2	https://www.amazon.com/s?rh=n:274316011&fs=true&page=2
Dance Mats	274316011	3	https://www.amazon.com/s?rh=n:274316011&fs=true&page=3
Dance Mats	274316011	4	https://www.amazon.com/s?rh=n:274316011&fs=true&page=4
Dance Mats	274316011	5	https://www.amazon.com/s?rh=n:274316011&fs=true&page=5
Dance Mats	274316011	6	https://www.amazon.com/s?rh=n:274316011&fs=true&page=6
Dance Mats	274316011	7	https://www.amazon.com/s?rh=n:274316011&fs=true&page=7
Dance Mats	274316011	8	https://www.amazon.com/s?rh=n:274316011&fs=true&page=8
Dance Mats	274316011	9	https://www.amazon.com/s?rh=n:274316011&fs=true&page=9
Dance Mats	274316011	10	https://www.amazon.com/s?rh=n:274316011&fs=true&page=10
Children's Jewelry Boxes	19431297011	1	https://www.amazon.com/s?rh=n:19431297011&fs=true&page=1
Children's Jewelry Boxes	19431297011	2	https://www.amazon.com/s?rh=n:19431297011&fs=true&page=2
Children's Jewelry Boxes	19431297011	3	https://www.amazon.com/s?rh=n:19431297011&fs=true&page=3
Children's Jewelry Boxes	19431297011	4	https://www.amazon.com/s?rh=n:19431297011&fs=true&page=4
Children's Jewelry Boxes	19431297011	5	https://www.amazon.com/s?rh=n:19431297011&fs=true&page=5
Children's Jewelry Boxes	19431297011	6	https://www.amazon.com/s?rh=n:19431297011&fs=true&page=6
Children's Jewelry Boxes	19431297011	7	https://www.amazon.com/s?rh=n:19431297011&fs=true&page=7
Children's Jewelry Boxes	19431297011	8	https://www.amazon.com/s?rh=n:19431297011&fs=true&page=8
Children's Jewelry Boxes	19431297011	9	https://www.amazon.com/s?rh=n:19431297011&fs=true&page=9
Children's Jewelry Boxes	19431297011	10	https://www.amazon.com/s?rh=n:19431297011&fs=true&page=10
Dress-Up Accessories	23744271011	1	https://www.amazon.com/s?rh=n:23744271011&fs=true&page=1
Dress-Up Accessories	23744271011	2	https://www.amazon.com/s?rh=n:23744271011&fs=true&page=2
Dress-Up Accessories	23744271011	3	https://www.amazon.com/s?rh=n:23744271011&fs=true&page=3
Dress-Up Accessories	23744271011	4	https://www.amazon.com/s?rh=n:23744271011&fs=true&page=4
Dress-Up Accessories	23744271011	5	https://www.amazon.com/s?rh=n:23744271011&fs=true&page=5
Dress-Up Accessories	23744271011	6	https://www.amazon.com/s?rh=n:23744271011&fs=true&page=6
Dress-Up Accessories	23744271011	7	https://www.amazon.com/s?rh=n:23744271011&fs=true&page=7
Dress-Up Accessories	23744271011	8	https://www.amazon.com/s?rh=n:23744271011&fs=true&page=8
Dress-Up Accessories	23744271011	9	https://www.amazon.com/s?rh=n:23744271011&fs=true&page=9
Dress-Up Accessories	23744271011	10	https://www.amazon.com/s?rh=n:23744271011&fs=true&page=10
Housekeeping	166354011	1	https://www.amazon.com/s?rh=n:166354011&fs=true&page=1
Housekeeping	166354011	2	https://www.amazon.com/s?rh=n:166354011&fs=true&page=2
Housekeeping	166354011	3	https://www.amazon.com/s?rh=n:166354011&fs=true&page=3
Housekeeping	166354011	4	https://www.amazon.com/s?rh=n:166354011&fs=true&page=4
Housekeeping	166354011	5	https://www.amazon.com/s?rh=n:166354011&fs=true&page=5
Housekeeping	166354011	6	https://www.amazon.com/s?rh=n:166354011&fs=true&page=6
Housekeeping	166354011	7	https://www.amazon.com/s?rh=n:166354011&fs=true&page=7
Housekeeping	166354011	8	https://www.amazon.com/s?rh=n:166354011&fs=true&page=8
Housekeeping	166354011	9	https://www.amazon.com/s?rh=n:166354011&fs=true&page=9
Housekeeping	166354011	10	https://www.amazon.com/s?rh=n:166354011&fs=true&page=10
Kitchen Toys	166343011	1	https://www.amazon.com/s?rh=n:166343011&fs=true&page=1
Kitchen Toys	166343011	2	https://www.amazon.com/s?rh=n:166343011&fs=true&page=2
Kitchen Toys	166343011	3	https://www.amazon.com/s?rh=n:166343011&fs=true&page=3
Kitchen Toys	166343011	4	https://www.amazon.com/s?rh=n:166343011&fs=true&page=4
Kitchen Toys	166343011	5	https://www.amazon.com/s?rh=n:166343011&fs=true&page=5
Kitchen Toys	166343011	6	https://www.amazon.com/s?rh=n:166343011&fs=true&page=6
Kitchen Toys	166343011	7	https://www.amazon.com/s?rh=n:166343011&fs=true&page=7
Kitchen Toys	166343011	8	https://www.amazon.com/s?rh=n:166343011&fs=true&page=8
Kitchen Toys	166343011	9	https://www.amazon.com/s?rh=n:166343011&fs=true&page=9
Kitchen Toys	166343011	10	https://www.amazon.com/s?rh=n:166343011&fs=true&page=10
Magnetic & Felt Playboards	166356011	1	https://www.amazon.com/s?rh=n:166356011&fs=true&page=1
Magnetic & Felt Playboards	166356011	2	https://www.amazon.com/s?rh=n:166356011&fs=true&page=2
Magnetic & Felt Playboards	166356011	3	https://www.amazon.com/s?rh=n:166356011&fs=true&page=3
Magnetic & Felt Playboards	166356011	4	https://www.amazon.com/s?rh=n:166356011&fs=true&page=4
Magnetic & Felt Playboards	166356011	5	https://www.amazon.com/s?rh=n:166356011&fs=true&page=5
Magnetic & Felt Playboards	166356011	6	https://www.amazon.com/s?rh=n:166356011&fs=true&page=6
Magnetic & Felt Playboards	166356011	7	https://www.amazon.com/s?rh=n:166356011&fs=true&page=7
Magnetic & Felt Playboards	166356011	8	https://www.amazon.com/s?rh=n:166356011&fs=true&page=8
Magnetic & Felt Playboards	166356011	9	https://www.amazon.com/s?rh=n:166356011&fs=true&page=9
Magnetic & Felt Playboards	166356011	10	https://www.amazon.com/s?rh=n:166356011&fs=true&page=10
Medical Kits	2522100011	1	https://www.amazon.com/s?rh=n:2522100011&fs=true&page=1
Medical Kits	2522100011	2	https://www.amazon.com/s?rh=n:2522100011&fs=true&page=2
Medical Kits	2522100011	3	https://www.amazon.com/s?rh=n:2522100011&fs=true&page=3
Medical Kits	2522100011	4	https://www.amazon.com/s?rh=n:2522100011&fs=true&page=4
Medical Kits	2522100011	5	https://www.amazon.com/s?rh=n:2522100011&fs=true&page=5
Medical Kits	2522100011	6	https://www.amazon.com/s?rh=n:2522100011&fs=true&page=6
Medical Kits	2522100011	7	https://www.amazon.com/s?rh=n:2522100011&fs=true&page=7
Medical Kits	2522100011	8	https://www.amazon.com/s?rh=n:2522100011&fs=true&page=8
Medical Kits	2522100011	9	https://www.amazon.com/s?rh=n:2522100011&fs=true&page=9
Medical Kits	2522100011	10	https://www.amazon.com/s?rh=n:2522100011&fs=true&page=10
Money & Banking	166357011	1	https://www.amazon.com/s?rh=n:166357011&fs=true&page=1
Money & Banking	166357011	2	https://www.amazon.com/s?rh=n:166357011&fs=true&page=2
Money & Banking	166357011	3	https://www.amazon.com/s?rh=n:166357011&fs=true&page=3
Money & Banking	166357011	4	https://www.amazon.com/s?rh=n:166357011&fs=true&page=4
Money & Banking	166357011	5	https://www.amazon.com/s?rh=n:166357011&fs=true&page=5
Money & Banking	166357011	6	https://www.amazon.com/s?rh=n:166357011&fs=true&page=6
Money & Banking	166357011	7	https://www.amazon.com/s?rh=n:166357011&fs=true&page=7
Money & Banking	166357011	8	https://www.amazon.com/s?rh=n:166357011&fs=true&page=8
Money & Banking	166357011	9	https://www.amazon.com/s?rh=n:166357011&fs=true&page=9
Money & Banking	166357011	10	https://www.amazon.com/s?rh=n:166357011&fs=true&page=10
Play Tools	166342011	1	https://www.amazon.com/s?rh=n:166342011&fs=true&page=1
Play Tools	166342011	2	https://www.amazon.com/s?rh=n:166342011&fs=true&page=2
Play Tools	166342011	3	https://www.amazon.com/s?rh=n:166342011&fs=true&page=3
Play Tools	166342011	4	https://www.amazon.com/s?rh=n:166342011&fs=true&page=4
Play Tools	166342011	5	https://www.amazon.com/s?rh=n:166342011&fs=true&page=5
Play Tools	166342011	6	https://www.amazon.com/s?rh=n:166342011&fs=true&page=6
Play Tools	166342011	7	https://www.amazon.com/s?rh=n:166342011&fs=true&page=7
Play Tools	166342011	8	https://www.amazon.com/s?rh=n:166342011&fs=true&page=8
Play Tools	166342011	9	https://www.amazon.com/s?rh=n:166342011&fs=true&page=9
Play Tools	166342011	10	https://www.amazon.com/s?rh=n:166342011&fs=true&page=10
Pretend Phones & Smartphones	18018686011	1	https://www.amazon.com/s?rh=n:18018686011&fs=true&page=1
Pretend Phones & Smartphones	18018686011	2	https://www.amazon.com/s?rh=n:18018686011&fs=true&page=2
Pretend Phones & Smartphones	18018686011	3	https://www.amazon.com/s?rh=n:18018686011&fs=true&page=3
Pretend Phones & Smartphones	18018686011	4	https://www.amazon.com/s?rh=n:18018686011&fs=true&page=4
Pretend Phones & Smartphones	18018686011	5	https://www.amazon.com/s?rh=n:18018686011&fs=true&page=5
Pretend Phones & Smartphones	18018686011	6	https://www.amazon.com/s?rh=n:18018686011&fs=true&page=6
Pretend Phones & Smartphones	18018686011	7	https://www.amazon.com/s?rh=n:18018686011&fs=true&page=7
Pretend Phones & Smartphones	18018686011	8	https://www.amazon.com/s?rh=n:18018686011&fs=true&page=8
Pretend Phones & Smartphones	18018686011	9	https://www.amazon.com/s?rh=n:18018686011&fs=true&page=9
Pretend Phones & Smartphones	18018686011	10	https://www.amazon.com/s?rh=n:18018686011&fs=true&page=10
Purses	19431294011	1	https://www.amazon.com/s?rh=n:19431294011&fs=true&page=1
Purses	19431294011	2	https://www.amazon.com/s?rh=n:19431294011&fs=true&page=2
Purses	19431294011	3	https://www.amazon.com/s?rh=n:19431294011&fs=true&page=3
Purses	19431294011	4	https://www.amazon.com/s?rh=n:19431294011&fs=true&page=4
Purses	19431294011	5	https://www.amazon.com/s?rh=n:19431294011&fs=true&page=5
Purses	19431294011	6	https://www.amazon.com/s?rh=n:19431294011&fs=true&page=6
Purses	19431294011	7	https://www.amazon.com/s?rh=n:19431294011&fs=true&page=7
Purses	19431294011	8	https://www.amazon.com/s?rh=n:19431294011&fs=true&page=8
Purses	19431294011	9	https://www.amazon.com/s?rh=n:19431294011&fs=true&page=9
Purses	19431294011	10	https://www.amazon.com/s?rh=n:19431294011&fs=true&page=10
Shops & Accessories	166353011	1	https://www.amazon.com/s?rh=n:166353011&fs=true&page=1
Shops & Accessories	166353011	2	https://www.amazon.com/s?rh=n:166353011&fs=true&page=2
Shops & Accessories	166353011	3	https://www.amazon.com/s?rh=n:166353011&fs=true&page=3
Shops & Accessories	166353011	4	https://www.amazon.com/s?rh=n:166353011&fs=true&page=4
Shops & Accessories	166353011	5	https://www.amazon.com/s?rh=n:166353011&fs=true&page=5
Shops & Accessories	166353011	6	https://www.amazon.com/s?rh=n:166353011&fs=true&page=6
Shops & Accessories	166353011	7	https://www.amazon.com/s?rh=n:166353011&fs=true&page=7
Shops & Accessories	166353011	8	https://www.amazon.com/s?rh=n:166353011&fs=true&page=8
Shops & Accessories	166353011	9	https://www.amazon.com/s?rh=n:166353011&fs=true&page=9
Shops & Accessories	166353011	10	https://www.amazon.com/s?rh=n:166353011&fs=true&page=10
Vanities	166315011	1	https://www.amazon.com/s?rh=n:166315011&fs=true&page=1
Vanities	166315011	2	https://www.amazon.com/s?rh=n:166315011&fs=true&page=2
Vanities	166315011	3	https://www.amazon.com/s?rh=n:166315011&fs=true&page=3
Vanities	166315011	4	https://www.amazon.com/s?rh=n:166315011&fs=true&page=4
Vanities	166315011	5	https://www.amazon.com/s?rh=n:166315011&fs=true&page=5
Vanities	166315011	6	https://www.amazon.com/s?rh=n:166315011&fs=true&page=6
Vanities	166315011	7	https://www.amazon.com/s?rh=n:166315011&fs=true&page=7
Vanities	166315011	8	https://www.amazon.com/s?rh=n:166315011&fs=true&page=8
Vanities	166315011	9	https://www.amazon.com/s?rh=n:166315011&fs=true&page=9
Vanities	166315011	10	https://www.amazon.com/s?rh=n:166315011&fs=true&page=10
Costumes	14702634011	1	https://www.amazon.com/s?rh=n:14702634011&fs=true&page=1
Costumes	14702634011	2	https://www.amazon.com/s?rh=n:14702634011&fs=true&page=2
Costumes	14702634011	3	https://www.amazon.com/s?rh=n:14702634011&fs=true&page=3
Costumes	14702634011	4	https://www.amazon.com/s?rh=n:14702634011&fs=true&page=4
Costumes	14702634011	5	https://www.amazon.com/s?rh=n:14702634011&fs=true&page=5
Costumes	14702634011	6	https://www.amazon.com/s?rh=n:14702634011&fs=true&page=6
Costumes	14702634011	7	https://www.amazon.com/s?rh=n:14702634011&fs=true&page=7
Costumes	14702634011	8	https://www.amazon.com/s?rh=n:14702634011&fs=true&page=8
Costumes	14702634011	9	https://www.amazon.com/s?rh=n:14702634011&fs=true&page=9
Costumes	14702634011	10	https://www.amazon.com/s?rh=n:14702634011&fs=true&page=10
Doll Accessories	166119011	1	https://www.amazon.com/s?rh=n:166119011&fs=true&page=1
Doll Accessories	166119011	2	https://www.amazon.com/s?rh=n:166119011&fs=true&page=2
Doll Accessories	166119011	3	https://www.amazon.com/s?rh=n:166119011&fs=true&page=3
Doll Accessories	166119011	4	https://www.amazon.com/s?rh=n:166119011&fs=true&page=4
Doll Accessories	166119011	5	https://www.amazon.com/s?rh=n:166119011&fs=true&page=5
Doll Accessories	166119011	6	https://www.amazon.com/s?rh=n:166119011&fs=true&page=6
Doll Accessories	166119011	7	https://www.amazon.com/s?rh=n:166119011&fs=true&page=7
Doll Accessories	166119011	8	https://www.amazon.com/s?rh=n:166119011&fs=true&page=8
Doll Accessories	166119011	9	https://www.amazon.com/s?rh=n:166119011&fs=true&page=9
Doll Accessories	166119011	10	https://www.amazon.com/s?rh=n:166119011&fs=true&page=10
Dollhouse Accessories	3245220011	1	https://www.amazon.com/s?rh=n:3245220011&fs=true&page=1
Dollhouse Accessories	3245220011	2	https://www.amazon.com/s?rh=n:3245220011&fs=true&page=2
Dollhouse Accessories	3245220011	3	https://www.amazon.com/s?rh=n:3245220011&fs=true&page=3
Dollhouse Accessories	3245220011	4	https://www.amazon.com/s?rh=n:3245220011&fs=true&page=4
Dollhouse Accessories	3245220011	5	https://www.amazon.com/s?rh=n:3245220011&fs=true&page=5
Dollhouse Accessories	3245220011	6	https://www.amazon.com/s?rh=n:3245220011&fs=true&page=6
Dollhouse Accessories	3245220011	7	https://www.amazon.com/s?rh=n:3245220011&fs=true&page=7
Dollhouse Accessories	3245220011	8	https://www.amazon.com/s?rh=n:3245220011&fs=true&page=8
Dollhouse Accessories	3245220011	9	https://www.amazon.com/s?rh=n:3245220011&fs=true&page=9
Dollhouse Accessories	3245220011	10	https://www.amazon.com/s?rh=n:3245220011&fs=true&page=10
Dollhouses	166147011	1	https://www.amazon.com/s?rh=n:166147011&fs=true&page=1
Dollhouses	166147011	2	https://www.amazon.com/s?rh=n:166147011&fs=true&page=2
Dollhouses	166147011	3	https://www.amazon.com/s?rh=n:166147011&fs=true&page=3
Dollhouses	166147011	4	https://www.amazon.com/s?rh=n:166147011&fs=true&page=4
Dollhouses	166147011	5	https://www.amazon.com/s?rh=n:166147011&fs=true&page=5
Dollhouses	166147011	6	https://www.amazon.com/s?rh=n:166147011&fs=true&page=6
Dollhouses	166147011	7	https://www.amazon.com/s?rh=n:166147011&fs=true&page=7
Dollhouses	166147011	8	https://www.amazon.com/s?rh=n:166147011&fs=true&page=8
Dollhouses	166147011	9	https://www.amazon.com/s?rh=n:166147011&fs=true&page=9
Dollhouses	166147011	10	https://www.amazon.com/s?rh=n:166147011&fs=true&page=10
Paper & Magnetic Dolls	2522101011	1	https://www.amazon.com/s?rh=n:2522101011&fs=true&page=1
Paper & Magnetic Dolls	2522101011	2	https://www.amazon.com/s?rh=n:2522101011&fs=true&page=2
Paper & Magnetic Dolls	2522101011	3	https://www.amazon.com/s?rh=n:2522101011&fs=true&page=3
Paper & Magnetic Dolls	2522101011	4	https://www.amazon.com/s?rh=n:2522101011&fs=true&page=4
Paper & Magnetic Dolls	2522101011	5	https://www.amazon.com/s?rh=n:2522101011&fs=true&page=5
Paper & Magnetic Dolls	2522101011	6	https://www.amazon.com/s?rh=n:2522101011&fs=true&page=6
Paper & Magnetic Dolls	2522101011	7	https://www.amazon.com/s?rh=n:2522101011&fs=true&page=7
Paper & Magnetic Dolls	2522101011	8	https://www.amazon.com/s?rh=n:2522101011&fs=true&page=8
Paper & Magnetic Dolls	2522101011	9	https://www.amazon.com/s?rh=n:2522101011&fs=true&page=9
Paper & Magnetic Dolls	2522101011	10	https://www.amazon.com/s?rh=n:2522101011&fs=true&page=10
Playsets	2491296011	1	https://www.amazon.com/s?rh=n:2491296011&fs=true&page=1
Playsets	2491296011	2	https://www.amazon.com/s?rh=n:2491296011&fs=true&page=2
Playsets	2491296011	3	https://www.amazon.com/s?rh=n:2491296011&fs=true&page=3
Playsets	2491296011	4	https://www.amazon.com/s?rh=n:2491296011&fs=true&page=4
Playsets	2491296011	5	https://www.amazon.com/s?rh=n:2491296011&fs=true&page=5
Playsets	2491296011	6	https://www.amazon.com/s?rh=n:2491296011&fs=true&page=6
Playsets	2491296011	7	https://www.amazon.com/s?rh=n:2491296011&fs=true&page=7
Playsets	2491296011	8	https://www.amazon.com/s?rh=n:2491296011&fs=true&page=8
Playsets	2491296011	9	https://www.amazon.com/s?rh=n:2491296011&fs=true&page=9
Playsets	2491296011	10	https://www.amazon.com/s?rh=n:2491296011&fs=true&page=10
Dolls	3245219011	1	https://www.amazon.com/s?rh=n:3245219011&fs=true&page=1
Dolls	3245219011	2	https://www.amazon.com/s?rh=n:3245219011&fs=true&page=2
Dolls	3245219011	3	https://www.amazon.com/s?rh=n:3245219011&fs=true&page=3
Dolls	3245219011	4	https://www.amazon.com/s?rh=n:3245219011&fs=true&page=4
Dolls	3245219011	5	https://www.amazon.com/s?rh=n:3245219011&fs=true&page=5
Dolls	3245219011	6	https://www.amazon.com/s?rh=n:3245219011&fs=true&page=6
Dolls	3245219011	7	https://www.amazon.com/s?rh=n:3245219011&fs=true&page=7
Dolls	3245219011	8	https://www.amazon.com/s?rh=n:3245219011&fs=true&page=8
Dolls	3245219011	9	https://www.amazon.com/s?rh=n:3245219011&fs=true&page=9
Dolls	3245219011	10	https://www.amazon.com/s?rh=n:3245219011&fs=true&page=10
Arcade & Table Games	7427858011	1	https://www.amazon.com/s?rh=n:7427858011&fs=true&page=1
Arcade & Table Games	7427858011	2	https://www.amazon.com/s?rh=n:7427858011&fs=true&page=2
Arcade & Table Games	7427858011	3	https://www.amazon.com/s?rh=n:7427858011&fs=true&page=3
Arcade & Table Games	7427858011	4	https://www.amazon.com/s?rh=n:7427858011&fs=true&page=4
Arcade & Table Games	7427858011	5	https://www.amazon.com/s?rh=n:7427858011&fs=true&page=5
Arcade & Table Games	7427858011	6	https://www.amazon.com/s?rh=n:7427858011&fs=true&page=6
Arcade & Table Games	7427858011	7	https://www.amazon.com/s?rh=n:7427858011&fs=true&page=7
Arcade & Table Games	7427858011	8	https://www.amazon.com/s?rh=n:7427858011&fs=true&page=8
Arcade & Table Games	7427858011	9	https://www.amazon.com/s?rh=n:7427858011&fs=true&page=9
Arcade & Table Games	7427858011	10	https://www.amazon.com/s?rh=n:7427858011&fs=true&page=10
Board Games	166225011	1	https://www.amazon.com/s?rh=n:166225011&fs=true&page=1
Board Games	166225011	2	https://www.amazon.com/s?rh=n:166225011&fs=true&page=2
Board Games	166225011	3	https://www.amazon.com/s?rh=n:166225011&fs=true&page=3
Board Games	166225011	4	https://www.amazon.com/s?rh=n:166225011&fs=true&page=4
Board Games	166225011	5	https://www.amazon.com/s?rh=n:166225011&fs=true&page=5
Board Games	166225011	6	https://www.amazon.com/s?rh=n:166225011&fs=true&page=6
Board Games	166225011	7	https://www.amazon.com/s?rh=n:166225011&fs=true&page=7
Board Games	166225011	8	https://www.amazon.com/s?rh=n:166225011&fs=true&page=8
Board Games	166225011	9	https://www.amazon.com/s?rh=n:166225011&fs=true&page=9
Board Games	166225011	10	https://www.amazon.com/s?rh=n:166225011&fs=true&page=10
Card Games	166239011	1	https://www.amazon.com/s?rh=n:166239011&fs=true&page=1
Card Games	166239011	2	https://www.amazon.com/s?rh=n:166239011&fs=true&page=2
Card Games	166239011	3	https://www.amazon.com/s?rh=n:166239011&fs=true&page=3
Card Games	166239011	4	https://www.amazon.com/s?rh=n:166239011&fs=true&page=4
Card Games	166239011	5	https://www.amazon.com/s?rh=n:166239011&fs=true&page=5
Card Games	166239011	6	https://www.amazon.com/s?rh=n:166239011&fs=true&page=6
Card Games	166239011	7	https://www.amazon.com/s?rh=n:166239011&fs=true&page=7
Card Games	166239011	8	https://www.amazon.com/s?rh=n:166239011&fs=true&page=8
Card Games	166239011	9	https://www.amazon.com/s?rh=n:166239011&fs=true&page=9
Card Games	166239011	10	https://www.amazon.com/s?rh=n:166239011&fs=true&page=10
Casino Equipment	13291101	1	https://www.amazon.com/s?rh=n:13291101&fs=true&page=1
Casino Equipment	13291101	2	https://www.amazon.com/s?rh=n:13291101&fs=true&page=2
Casino Equipment	13291101	3	https://www.amazon.com/s?rh=n:13291101&fs=true&page=3
Casino Equipment	13291101	4	https://www.amazon.com/s?rh=n:13291101&fs=true&page=4
Casino Equipment	13291101	5	https://www.amazon.com/s?rh=n:13291101&fs=true&page=5
Casino Equipment	13291101	6	https://www.amazon.com/s?rh=n:13291101&fs=true&page=6
Casino Equipment	13291101	7	https://www.amazon.com/s?rh=n:13291101&fs=true&page=7
Casino Equipment	13291101	8	https://www.amazon.com/s?rh=n:13291101&fs=true&page=8
Casino Equipment	13291101	9	https://www.amazon.com/s?rh=n:13291101&fs=true&page=9
Casino Equipment	13291101	10	https://www.amazon.com/s?rh=n:13291101&fs=true&page=10
Dice Games	18702044011	1	https://www.amazon.com/s?rh=n:18702044011&fs=true&page=1
Dice Games	18702044011	2	https://www.amazon.com/s?rh=n:18702044011&fs=true&page=2
Dice Games	18702044011	3	https://www.amazon.com/s?rh=n:18702044011&fs=true&page=3
Dice Games	18702044011	4	https://www.amazon.com/s?rh=n:18702044011&fs=true&page=4
Dice Games	18702044011	5	https://www.amazon.com/s?rh=n:18702044011&fs=true&page=5
Dice Games	18702044011	6	https://www.amazon.com/s?rh=n:18702044011&fs=true&page=6
Dice Games	18702044011	7	https://www.amazon.com/s?rh=n:18702044011&fs=true&page=7
Dice Games	18702044011	8	https://www.amazon.com/s?rh=n:18702044011&fs=true&page=8
Dice Games	18702044011	9	https://www.amazon.com/s?rh=n:18702044011&fs=true&page=9
Dice Games	18702044011	10	https://www.amazon.com/s?rh=n:18702044011&fs=true&page=10
Floor Games	166250011	1	https://www.amazon.com/s?rh=n:166250011&fs=true&page=1
Floor Games	166250011	2	https://www.amazon.com/s?rh=n:166250011&fs=true&page=2
Floor Games	166250011	3	https://www.amazon.com/s?rh=n:166250011&fs=true&page=3
Floor Games	166250011	4	https://www.amazon.com/s?rh=n:166250011&fs=true&page=4
Floor Games	166250011	5	https://www.amazon.com/s?rh=n:166250011&fs=true&page=5
Floor Games	166250011	6	https://www.amazon.com/s?rh=n:166250011&fs=true&page=6
Floor Games	166250011	7	https://www.amazon.com/s?rh=n:166250011&fs=true&page=7
Floor Games	166250011	8	https://www.amazon.com/s?rh=n:166250011&fs=true&page=8
Floor Games	166250011	9	https://www.amazon.com/s?rh=n:166250011&fs=true&page=9
Floor Games	166250011	10	https://www.amazon.com/s?rh=n:166250011&fs=true&page=10
Game Accessories	166221011	1	https://www.amazon.com/s?rh=n:166221011&fs=true&page=1
Game Accessories	166221011	2	https://www.amazon.com/s?rh=n:166221011&fs=true&page=2
Game Accessories	166221011	3	https://www.amazon.com/s?rh=n:166221011&fs=true&page=3
Game Accessories	166221011	4	https://www.amazon.com/s?rh=n:166221011&fs=true&page=4
Game Accessories	166221011	5	https://www.amazon.com/s?rh=n:166221011&fs=true&page=5
Game Accessories	166221011	6	https://www.amazon.com/s?rh=n:166221011&fs=true&page=6
Game Accessories	166221011	7	https://www.amazon.com/s?rh=n:166221011&fs=true&page=7
Game Accessories	166221011	8	https://www.amazon.com/s?rh=n:166221011&fs=true&page=8
Game Accessories	166221011	9	https://www.amazon.com/s?rh=n:166221011&fs=true&page=9
Game Accessories	166221011	10	https://www.amazon.com/s?rh=n:166221011&fs=true&page=10
Game Collections	166267011	1	https://www.amazon.com/s?rh=n:166267011&fs=true&page=1
Game Collections	166267011	2	https://www.amazon.com/s?rh=n:166267011&fs=true&page=2
Game Collections	166267011	3	https://www.amazon.com/s?rh=n:166267011&fs=true&page=3
Game Collections	166267011	4	https://www.amazon.com/s?rh=n:166267011&fs=true&page=4
Game Collections	166267011	5	https://www.amazon.com/s?rh=n:166267011&fs=true&page=5
Game Collections	166267011	6	https://www.amazon.com/s?rh=n:166267011&fs=true&page=6
Game Collections	166267011	7	https://www.amazon.com/s?rh=n:166267011&fs=true&page=7
Game Collections	166267011	8	https://www.amazon.com/s?rh=n:166267011&fs=true&page=8
Game Collections	166267011	9	https://www.amazon.com/s?rh=n:166267011&fs=true&page=9
Game Collections	166267011	10	https://www.amazon.com/s?rh=n:166267011&fs=true&page=10
Gaming Tops	166224011	1	https://www.amazon.com/s?rh=n:166224011&fs=true&page=1
Gaming Tops	166224011	2	https://www.amazon.com/s?rh=n:166224011&fs=true&page=2
Gaming Tops	166224011	3	https://www.amazon.com/s?rh=n:166224011&fs=true&page=3
Gaming Tops	166224011	4	https://www.amazon.com/s?rh=n:166224011&fs=true&page=4
Gaming Tops	166224011	5	https://www.amazon.com/s?rh=n:166224011&fs=true&page=5
Gaming Tops	166224011	6	https://www.amazon.com/s?rh=n:166224011&fs=true&page=6
Gaming Tops	166224011	7	https://www.amazon.com/s?rh=n:166224011&fs=true&page=7
Gaming Tops	166224011	8	https://www.amazon.com/s?rh=n:166224011&fs=true&page=8
Gaming Tops	166224011	9	https://www.amazon.com/s?rh=n:166224011&fs=true&page=9
Gaming Tops	166224011	10	https://www.amazon.com/s?rh=n:166224011&fs=true&page=10
Handheld Games	166179011	1	https://www.amazon.com/s?rh=n:166179011&fs=true&page=1
Handheld Games	166179011	2	https://www.amazon.com/s?rh=n:166179011&fs=true&page=2
Handheld Games	166179011	3	https://www.amazon.com/s?rh=n:166179011&fs=true&page=3
Handheld Games	166179011	4	https://www.amazon.com/s?rh=n:166179011&fs=true&page=4
Handheld Games	166179011	5	https://www.amazon.com/s?rh=n:166179011&fs=true&page=5
Handheld Games	166179011	6	https://www.amazon.com/s?rh=n:166179011&fs=true&page=6
Handheld Games	166179011	7	https://www.amazon.com/s?rh=n:166179011&fs=true&page=7
Handheld Games	166179011	8	https://www.amazon.com/s?rh=n:166179011&fs=true&page=8
Handheld Games	166179011	9	https://www.amazon.com/s?rh=n:166179011&fs=true&page=9
Handheld Games	166179011	10	https://www.amazon.com/s?rh=n:166179011&fs=true&page=10
Stacking Games	166263011	1	https://www.amazon.com/s?rh=n:166263011&fs=true&page=1
Stacking Games	166263011	2	https://www.amazon.com/s?rh=n:166263011&fs=true&page=2
Stacking Games	166263011	3	https://www.amazon.com/s?rh=n:166263011&fs=true&page=3
Stacking Games	166263011	4	https://www.amazon.com/s?rh=n:166263011&fs=true&page=4
Stacking Games	166263011	5	https://www.amazon.com/s?rh=n:166263011&fs=true&page=5
Stacking Games	166263011	6	https://www.amazon.com/s?rh=n:166263011&fs=true&page=6
Stacking Games	166263011	7	https://www.amazon.com/s?rh=n:166263011&fs=true&page=7
Stacking Games	166263011	8	https://www.amazon.com/s?rh=n:166263011&fs=true&page=8
Stacking Games	166263011	9	https://www.amazon.com/s?rh=n:166263011&fs=true&page=9
Stacking Games	166263011	10	https://www.amazon.com/s?rh=n:166263011&fs=true&page=10
Tile Games	166248011	1	https://www.amazon.com/s?rh=n:166248011&fs=true&page=1
Tile Games	166248011	2	https://www.amazon.com/s?rh=n:166248011&fs=true&page=2
Tile Games	166248011	3	https://www.amazon.com/s?rh=n:166248011&fs=true&page=3
Tile Games	166248011	4	https://www.amazon.com/s?rh=n:166248011&fs=true&page=4
Tile Games	166248011	5	https://www.amazon.com/s?rh=n:166248011&fs=true&page=5
Tile Games	166248011	6	https://www.amazon.com/s?rh=n:166248011&fs=true&page=6
Tile Games	166248011	7	https://www.amazon.com/s?rh=n:166248011&fs=true&page=7
Tile Games	166248011	8	https://www.amazon.com/s?rh=n:166248011&fs=true&page=8
Tile Games	166248011	9	https://www.amazon.com/s?rh=n:166248011&fs=true&page=9
Tile Games	166248011	10	https://www.amazon.com/s?rh=n:166248011&fs=true&page=10
Leisure Sports & Game Room	706808011	1	https://www.amazon.com/s?rh=n:706808011&fs=true&page=1
Leisure Sports & Game Room	706808011	2	https://www.amazon.com/s?rh=n:706808011&fs=true&page=2
Leisure Sports & Game Room	706808011	3	https://www.amazon.com/s?rh=n:706808011&fs=true&page=3
Leisure Sports & Game Room	706808011	4	https://www.amazon.com/s?rh=n:706808011&fs=true&page=4
Leisure Sports & Game Room	706808011	5	https://www.amazon.com/s?rh=n:706808011&fs=true&page=5
Leisure Sports & Game Room	706808011	6	https://www.amazon.com/s?rh=n:706808011&fs=true&page=6
Leisure Sports & Game Room	706808011	7	https://www.amazon.com/s?rh=n:706808011&fs=true&page=7
Leisure Sports & Game Room	706808011	8	https://www.amazon.com/s?rh=n:706808011&fs=true&page=8
Leisure Sports & Game Room	706808011	9	https://www.amazon.com/s?rh=n:706808011&fs=true&page=9
Leisure Sports & Game Room	706808011	10	https://www.amazon.com/s?rh=n:706808011&fs=true&page=10
Travel Games	166265011	1	https://www.amazon.com/s?rh=n:166265011&fs=true&page=1
Travel Games	166265011	2	https://www.amazon.com/s?rh=n:166265011&fs=true&page=2
Travel Games	166265011	3	https://www.amazon.com/s?rh=n:166265011&fs=true&page=3
Travel Games	166265011	4	https://www.amazon.com/s?rh=n:166265011&fs=true&page=4
Travel Games	166265011	5	https://www.amazon.com/s?rh=n:166265011&fs=true&page=5
Travel Games	166265011	6	https://www.amazon.com/s?rh=n:166265011&fs=true&page=6
Travel Games	166265011	7	https://www.amazon.com/s?rh=n:166265011&fs=true&page=7
Travel Games	166265011	8	https://www.amazon.com/s?rh=n:166265011&fs=true&page=8
Travel Games	166265011	9	https://www.amazon.com/s?rh=n:166265011&fs=true&page=9
Travel Games	166265011	10	https://www.amazon.com/s?rh=n:166265011&fs=true&page=10
DVD Games	274314011	1	https://www.amazon.com/s?rh=n:274314011&fs=true&page=1
DVD Games	274314011	2	https://www.amazon.com/s?rh=n:274314011&fs=true&page=2
DVD Games	274314011	3	https://www.amazon.com/s?rh=n:274314011&fs=true&page=3
DVD Games	274314011	4	https://www.amazon.com/s?rh=n:274314011&fs=true&page=4
DVD Games	274314011	5	https://www.amazon.com/s?rh=n:274314011&fs=true&page=5
DVD Games	274314011	6	https://www.amazon.com/s?rh=n:274314011&fs=true&page=6
DVD Games	274314011	7	https://www.amazon.com/s?rh=n:274314011&fs=true&page=7
DVD Games	274314011	8	https://www.amazon.com/s?rh=n:274314011&fs=true&page=8
DVD Games	274314011	9	https://www.amazon.com/s?rh=n:274314011&fs=true&page=9
DVD Games	274314011	10	https://www.amazon.com/s?rh=n:274314011&fs=true&page=10
Accent & Off Road Lighting	15736351	1	https://www.amazon.com/s?rh=n:15736351&fs=true&page=1
Accent & Off Road Lighting	15736351	2	https://www.amazon.com/s?rh=n:15736351&fs=true&page=2
Accent & Off Road Lighting	15736351	3	https://www.amazon.com/s?rh=n:15736351&fs=true&page=3
Accent & Off Road Lighting	15736351	4	https://www.amazon.com/s?rh=n:15736351&fs=true&page=4
Accent & Off Road Lighting	15736351	5	https://www.amazon.com/s?rh=n:15736351&fs=true&page=5
Accent & Off Road Lighting	15736351	6	https://www.amazon.com/s?rh=n:15736351&fs=true&page=6
Accent & Off Road Lighting	15736351	7	https://www.amazon.com/s?rh=n:15736351&fs=true&page=7
Accent & Off Road Lighting	15736351	8	https://www.amazon.com/s?rh=n:15736351&fs=true&page=8
Accent & Off Road Lighting	15736351	9	https://www.amazon.com/s?rh=n:15736351&fs=true&page=9
Accent & Off Road Lighting	15736351	10	https://www.amazon.com/s?rh=n:15736351&fs=true&page=10
Bulbs	15736341	1	https://www.amazon.com/s?rh=n:15736341&fs=true&page=1
Bulbs	15736341	2	https://www.amazon.com/s?rh=n:15736341&fs=true&page=2
Bulbs	15736341	3	https://www.amazon.com/s?rh=n:15736341&fs=true&page=3
Bulbs	15736341	4	https://www.amazon.com/s?rh=n:15736341&fs=true&page=4
Bulbs	15736341	5	https://www.amazon.com/s?rh=n:15736341&fs=true&page=5
Bulbs	15736341	6	https://www.amazon.com/s?rh=n:15736341&fs=true&page=6
Bulbs	15736341	7	https://www.amazon.com/s?rh=n:15736341&fs=true&page=7
Bulbs	15736341	8	https://www.amazon.com/s?rh=n:15736341&fs=true&page=8
Bulbs	15736341	9	https://www.amazon.com/s?rh=n:15736341&fs=true&page=9
Bulbs	15736341	10	https://www.amazon.com/s?rh=n:15736341&fs=true&page=10
Headlight & Tail Light Conversion Kits	15736451	1	https://www.amazon.com/s?rh=n:15736451&fs=true&page=1
Headlight & Tail Light Conversion Kits	15736451	2	https://www.amazon.com/s?rh=n:15736451&fs=true&page=2
Headlight & Tail Light Conversion Kits	15736451	3	https://www.amazon.com/s?rh=n:15736451&fs=true&page=3
Headlight & Tail Light Conversion Kits	15736451	4	https://www.amazon.com/s?rh=n:15736451&fs=true&page=4
Headlight & Tail Light Conversion Kits	15736451	5	https://www.amazon.com/s?rh=n:15736451&fs=true&page=5
Headlight & Tail Light Conversion Kits	15736451	6	https://www.amazon.com/s?rh=n:15736451&fs=true&page=6
Headlight & Tail Light Conversion Kits	15736451	7	https://www.amazon.com/s?rh=n:15736451&fs=true&page=7
Headlight & Tail Light Conversion Kits	15736451	8	https://www.amazon.com/s?rh=n:15736451&fs=true&page=8
Headlight & Tail Light Conversion Kits	15736451	9	https://www.amazon.com/s?rh=n:15736451&fs=true&page=9
Headlight & Tail Light Conversion Kits	15736451	10	https://www.amazon.com/s?rh=n:15736451&fs=true&page=10
Lighting Assemblies & Accessories	3094869011	1	https://www.amazon.com/s?rh=n:3094869011&fs=true&page=1
Lighting Assemblies & Accessories	3094869011	2	https://www.amazon.com/s?rh=n:3094869011&fs=true&page=2
Lighting Assemblies & Accessories	3094869011	3	https://www.amazon.com/s?rh=n:3094869011&fs=true&page=3
Lighting Assemblies & Accessories	3094869011	4	https://www.amazon.com/s?rh=n:3094869011&fs=true&page=4
Lighting Assemblies & Accessories	3094869011	5	https://www.amazon.com/s?rh=n:3094869011&fs=true&page=5
Lighting Assemblies & Accessories	3094869011	6	https://www.amazon.com/s?rh=n:3094869011&fs=true&page=6
Lighting Assemblies & Accessories	3094869011	7	https://www.amazon.com/s?rh=n:3094869011&fs=true&page=7
Lighting Assemblies & Accessories	3094869011	8	https://www.amazon.com/s?rh=n:3094869011&fs=true&page=8
Lighting Assemblies & Accessories	3094869011	9	https://www.amazon.com/s?rh=n:3094869011&fs=true&page=9
Lighting Assemblies & Accessories	3094869011	10	https://www.amazon.com/s?rh=n:3094869011&fs=true&page=10
Towing & Trailer Lighting	9002281011	1	https://www.amazon.com/s?rh=n:9002281011&fs=true&page=1
Towing & Trailer Lighting	9002281011	2	https://www.amazon.com/s?rh=n:9002281011&fs=true&page=2
Towing & Trailer Lighting	9002281011	3	https://www.amazon.com/s?rh=n:9002281011&fs=true&page=3
Towing & Trailer Lighting	9002281011	4	https://www.amazon.com/s?rh=n:9002281011&fs=true&page=4
Towing & Trailer Lighting	9002281011	5	https://www.amazon.com/s?rh=n:9002281011&fs=true&page=5
Towing & Trailer Lighting	9002281011	6	https://www.amazon.com/s?rh=n:9002281011&fs=true&page=6
Towing & Trailer Lighting	9002281011	7	https://www.amazon.com/s?rh=n:9002281011&fs=true&page=7
Towing & Trailer Lighting	9002281011	8	https://www.amazon.com/s?rh=n:9002281011&fs=true&page=8
Towing & Trailer Lighting	9002281011	9	https://www.amazon.com/s?rh=n:9002281011&fs=true&page=9
Towing & Trailer Lighting	9002281011	10	https://www.amazon.com/s?rh=n:9002281011&fs=true&page=10
Warning & Emergency Lights	9002279011	1	https://www.amazon.com/s?rh=n:9002279011&fs=true&page=1
Warning & Emergency Lights	9002279011	2	https://www.amazon.com/s?rh=n:9002279011&fs=true&page=2
Warning & Emergency Lights	9002279011	3	https://www.amazon.com/s?rh=n:9002279011&fs=true&page=3
Warning & Emergency Lights	9002279011	4	https://www.amazon.com/s?rh=n:9002279011&fs=true&page=4
Warning & Emergency Lights	9002279011	5	https://www.amazon.com/s?rh=n:9002279011&fs=true&page=5
Warning & Emergency Lights	9002279011	6	https://www.amazon.com/s?rh=n:9002279011&fs=true&page=6
Warning & Emergency Lights	9002279011	7	https://www.amazon.com/s?rh=n:9002279011&fs=true&page=7
Warning & Emergency Lights	9002279011	8	https://www.amazon.com/s?rh=n:9002279011&fs=true&page=8
Warning & Emergency Lights	9002279011	9	https://www.amazon.com/s?rh=n:9002279011&fs=true&page=9
Warning & Emergency Lights	9002279011	10	https://www.amazon.com/s?rh=n:9002279011&fs=true&page=10
Additives	15718801	1	https://www.amazon.com/s?rh=n:15718801&fs=true&page=1
Additives	15718801	2	https://www.amazon.com/s?rh=n:15718801&fs=true&page=2
Additives	15718801	3	https://www.amazon.com/s?rh=n:15718801&fs=true&page=3
Additives	15718801	4	https://www.amazon.com/s?rh=n:15718801&fs=true&page=4
Additives	15718801	5	https://www.amazon.com/s?rh=n:15718801&fs=true&page=5
Additives	15718801	6	https://www.amazon.com/s?rh=n:15718801&fs=true&page=6
Additives	15718801	7	https://www.amazon.com/s?rh=n:15718801&fs=true&page=7
Additives	15718801	8	https://www.amazon.com/s?rh=n:15718801&fs=true&page=8
Additives	15718801	9	https://www.amazon.com/s?rh=n:15718801&fs=true&page=9
Additives	15718801	10	https://www.amazon.com/s?rh=n:15718801&fs=true&page=10
Antifreezes & Coolants	15718901	1	https://www.amazon.com/s?rh=n:15718901&fs=true&page=1
Antifreezes & Coolants	15718901	2	https://www.amazon.com/s?rh=n:15718901&fs=true&page=2
Antifreezes & Coolants	15718901	3	https://www.amazon.com/s?rh=n:15718901&fs=true&page=3
Antifreezes & Coolants	15718901	4	https://www.amazon.com/s?rh=n:15718901&fs=true&page=4
Antifreezes & Coolants	15718901	5	https://www.amazon.com/s?rh=n:15718901&fs=true&page=5
Antifreezes & Coolants	15718901	6	https://www.amazon.com/s?rh=n:15718901&fs=true&page=6
Antifreezes & Coolants	15718901	7	https://www.amazon.com/s?rh=n:15718901&fs=true&page=7
Antifreezes & Coolants	15718901	8	https://www.amazon.com/s?rh=n:15718901&fs=true&page=8
Antifreezes & Coolants	15718901	9	https://www.amazon.com/s?rh=n:15718901&fs=true&page=9
Antifreezes & Coolants	15718901	10	https://www.amazon.com/s?rh=n:15718901&fs=true&page=10
Brake Fluids	15718941	1	https://www.amazon.com/s?rh=n:15718941&fs=true&page=1
Brake Fluids	15718941	2	https://www.amazon.com/s?rh=n:15718941&fs=true&page=2
Brake Fluids	15718941	3	https://www.amazon.com/s?rh=n:15718941&fs=true&page=3
Brake Fluids	15718941	4	https://www.amazon.com/s?rh=n:15718941&fs=true&page=4
Brake Fluids	15718941	5	https://www.amazon.com/s?rh=n:15718941&fs=true&page=5
Brake Fluids	15718941	6	https://www.amazon.com/s?rh=n:15718941&fs=true&page=6
Brake Fluids	15718941	7	https://www.amazon.com/s?rh=n:15718941&fs=true&page=7
Brake Fluids	15718941	8	https://www.amazon.com/s?rh=n:15718941&fs=true&page=8
Brake Fluids	15718941	9	https://www.amazon.com/s?rh=n:15718941&fs=true&page=9
Brake Fluids	15718941	10	https://www.amazon.com/s?rh=n:15718941&fs=true&page=10
Cleaners	15718971	1	https://www.amazon.com/s?rh=n:15718971&fs=true&page=1
Cleaners	15718971	2	https://www.amazon.com/s?rh=n:15718971&fs=true&page=2
Cleaners	15718971	3	https://www.amazon.com/s?rh=n:15718971&fs=true&page=3
Cleaners	15718971	4	https://www.amazon.com/s?rh=n:15718971&fs=true&page=4
Cleaners	15718971	5	https://www.amazon.com/s?rh=n:15718971&fs=true&page=5
Cleaners	15718971	6	https://www.amazon.com/s?rh=n:15718971&fs=true&page=6
Cleaners	15718971	7	https://www.amazon.com/s?rh=n:15718971&fs=true&page=7
Cleaners	15718971	8	https://www.amazon.com/s?rh=n:15718971&fs=true&page=8
Cleaners	15718971	9	https://www.amazon.com/s?rh=n:15718971&fs=true&page=9
Cleaners	15718971	10	https://www.amazon.com/s?rh=n:15718971&fs=true&page=10
Flushes	15719091	1	https://www.amazon.com/s?rh=n:15719091&fs=true&page=1
Flushes	15719091	2	https://www.amazon.com/s?rh=n:15719091&fs=true&page=2
Flushes	15719091	3	https://www.amazon.com/s?rh=n:15719091&fs=true&page=3
Flushes	15719091	4	https://www.amazon.com/s?rh=n:15719091&fs=true&page=4
Flushes	15719091	5	https://www.amazon.com/s?rh=n:15719091&fs=true&page=5
Flushes	15719091	6	https://www.amazon.com/s?rh=n:15719091&fs=true&page=6
Flushes	15719091	7	https://www.amazon.com/s?rh=n:15719091&fs=true&page=7
Flushes	15719091	8	https://www.amazon.com/s?rh=n:15719091&fs=true&page=8
Flushes	15719091	9	https://www.amazon.com/s?rh=n:15719091&fs=true&page=9
Flushes	15719091	10	https://www.amazon.com/s?rh=n:15719091&fs=true&page=10
Greases & Lubricants	15719191	1	https://www.amazon.com/s?rh=n:15719191&fs=true&page=1
Greases & Lubricants	15719191	2	https://www.amazon.com/s?rh=n:15719191&fs=true&page=2
Greases & Lubricants	15719191	3	https://www.amazon.com/s?rh=n:15719191&fs=true&page=3
Greases & Lubricants	15719191	4	https://www.amazon.com/s?rh=n:15719191&fs=true&page=4
Greases & Lubricants	15719191	5	https://www.amazon.com/s?rh=n:15719191&fs=true&page=5
Greases & Lubricants	15719191	6	https://www.amazon.com/s?rh=n:15719191&fs=true&page=6
Greases & Lubricants	15719191	7	https://www.amazon.com/s?rh=n:15719191&fs=true&page=7
Greases & Lubricants	15719191	8	https://www.amazon.com/s?rh=n:15719191&fs=true&page=8
Greases & Lubricants	15719191	9	https://www.amazon.com/s?rh=n:15719191&fs=true&page=9
Greases & Lubricants	15719191	10	https://www.amazon.com/s?rh=n:15719191&fs=true&page=10
Heavy Duty Oils & Fluids	15682255011	1	https://www.amazon.com/s?rh=n:15682255011&fs=true&page=1
Heavy Duty Oils & Fluids	15682255011	2	https://www.amazon.com/s?rh=n:15682255011&fs=true&page=2
Heavy Duty Oils & Fluids	15682255011	3	https://www.amazon.com/s?rh=n:15682255011&fs=true&page=3
Heavy Duty Oils & Fluids	15682255011	4	https://www.amazon.com/s?rh=n:15682255011&fs=true&page=4
Heavy Duty Oils & Fluids	15682255011	5	https://www.amazon.com/s?rh=n:15682255011&fs=true&page=5
Heavy Duty Oils & Fluids	15682255011	6	https://www.amazon.com/s?rh=n:15682255011&fs=true&page=6
Heavy Duty Oils & Fluids	15682255011	7	https://www.amazon.com/s?rh=n:15682255011&fs=true&page=7
Heavy Duty Oils & Fluids	15682255011	8	https://www.amazon.com/s?rh=n:15682255011&fs=true&page=8
Heavy Duty Oils & Fluids	15682255011	9	https://www.amazon.com/s?rh=n:15682255011&fs=true&page=9
Heavy Duty Oils & Fluids	15682255011	10	https://www.amazon.com/s?rh=n:15682255011&fs=true&page=10
Oils	15719331	1	https://www.amazon.com/s?rh=n:15719331&fs=true&page=1
Oils	15719331	2	https://www.amazon.com/s?rh=n:15719331&fs=true&page=2
Oils	15719331	3	https://www.amazon.com/s?rh=n:15719331&fs=true&page=3
Oils	15719331	4	https://www.amazon.com/s?rh=n:15719331&fs=true&page=4
Oils	15719331	5	https://www.amazon.com/s?rh=n:15719331&fs=true&page=5
Oils	15719331	6	https://www.amazon.com/s?rh=n:15719331&fs=true&page=6
Oils	15719331	7	https://www.amazon.com/s?rh=n:15719331&fs=true&page=7
Oils	15719331	8	https://www.amazon.com/s?rh=n:15719331&fs=true&page=8
Oils	15719331	9	https://www.amazon.com/s?rh=n:15719331&fs=true&page=9
Oils	15719331	10	https://www.amazon.com/s?rh=n:15719331&fs=true&page=10
Power Steering Fluids	15719541	1	https://www.amazon.com/s?rh=n:15719541&fs=true&page=1
Power Steering Fluids	15719541	2	https://www.amazon.com/s?rh=n:15719541&fs=true&page=2
Power Steering Fluids	15719541	3	https://www.amazon.com/s?rh=n:15719541&fs=true&page=3
Power Steering Fluids	15719541	4	https://www.amazon.com/s?rh=n:15719541&fs=true&page=4
Power Steering Fluids	15719541	5	https://www.amazon.com/s?rh=n:15719541&fs=true&page=5
Power Steering Fluids	15719541	6	https://www.amazon.com/s?rh=n:15719541&fs=true&page=6
Power Steering Fluids	15719541	7	https://www.amazon.com/s?rh=n:15719541&fs=true&page=7
Power Steering Fluids	15719541	8	https://www.amazon.com/s?rh=n:15719541&fs=true&page=8
Power Steering Fluids	15719541	9	https://www.amazon.com/s?rh=n:15719541&fs=true&page=9
Power Steering Fluids	15719541	10	https://www.amazon.com/s?rh=n:15719541&fs=true&page=10
Radiator Conditioners & Protectants	15719551	1	https://www.amazon.com/s?rh=n:15719551&fs=true&page=1
Radiator Conditioners & Protectants	15719551	2	https://www.amazon.com/s?rh=n:15719551&fs=true&page=2
Radiator Conditioners & Protectants	15719551	3	https://www.amazon.com/s?rh=n:15719551&fs=true&page=3
Radiator Conditioners & Protectants	15719551	4	https://www.amazon.com/s?rh=n:15719551&fs=true&page=4
Radiator Conditioners & Protectants	15719551	5	https://www.amazon.com/s?rh=n:15719551&fs=true&page=5
Radiator Conditioners & Protectants	15719551	6	https://www.amazon.com/s?rh=n:15719551&fs=true&page=6
Radiator Conditioners & Protectants	15719551	7	https://www.amazon.com/s?rh=n:15719551&fs=true&page=7
Radiator Conditioners & Protectants	15719551	8	https://www.amazon.com/s?rh=n:15719551&fs=true&page=8
Radiator Conditioners & Protectants	15719551	9	https://www.amazon.com/s?rh=n:15719551&fs=true&page=9
Radiator Conditioners & Protectants	15719551	10	https://www.amazon.com/s?rh=n:15719551&fs=true&page=10
Transmission Fluids	15719641	1	https://www.amazon.com/s?rh=n:15719641&fs=true&page=1
Transmission Fluids	15719641	2	https://www.amazon.com/s?rh=n:15719641&fs=true&page=2
Transmission Fluids	15719641	3	https://www.amazon.com/s?rh=n:15719641&fs=true&page=3
Transmission Fluids	15719641	4	https://www.amazon.com/s?rh=n:15719641&fs=true&page=4
Transmission Fluids	15719641	5	https://www.amazon.com/s?rh=n:15719641&fs=true&page=5
Transmission Fluids	15719641	6	https://www.amazon.com/s?rh=n:15719641&fs=true&page=6
Transmission Fluids	15719641	7	https://www.amazon.com/s?rh=n:15719641&fs=true&page=7
Transmission Fluids	15719641	8	https://www.amazon.com/s?rh=n:15719641&fs=true&page=8
Transmission Fluids	15719641	9	https://www.amazon.com/s?rh=n:15719641&fs=true&page=9
Transmission Fluids	15719641	10	https://www.amazon.com/s?rh=n:15719641&fs=true&page=10
Windshield Washer Fluids	15719651	1	https://www.amazon.com/s?rh=n:15719651&fs=true&page=1
Windshield Washer Fluids	15719651	2	https://www.amazon.com/s?rh=n:15719651&fs=true&page=2
Windshield Washer Fluids	15719651	3	https://www.amazon.com/s?rh=n:15719651&fs=true&page=3
Windshield Washer Fluids	15719651	4	https://www.amazon.com/s?rh=n:15719651&fs=true&page=4
Windshield Washer Fluids	15719651	5	https://www.amazon.com/s?rh=n:15719651&fs=true&page=5
Windshield Washer Fluids	15719651	6	https://www.amazon.com/s?rh=n:15719651&fs=true&page=6
Windshield Washer Fluids	15719651	7	https://www.amazon.com/s?rh=n:15719651&fs=true&page=7
Windshield Washer Fluids	15719651	8	https://www.amazon.com/s?rh=n:15719651&fs=true&page=8
Windshield Washer Fluids	15719651	9	https://www.amazon.com/s?rh=n:15719651&fs=true&page=9
Windshield Washer Fluids	15719651	10	https://www.amazon.com/s?rh=n:15719651&fs=true&page=10
Refrigerants	15719561	1	https://www.amazon.com/s?rh=n:15719561&fs=true&page=1
Refrigerants	15719561	2	https://www.amazon.com/s?rh=n:15719561&fs=true&page=2
Refrigerants	15719561	3	https://www.amazon.com/s?rh=n:15719561&fs=true&page=3
Refrigerants	15719561	4	https://www.amazon.com/s?rh=n:15719561&fs=true&page=4
Refrigerants	15719561	5	https://www.amazon.com/s?rh=n:15719561&fs=true&page=5
Refrigerants	15719561	6	https://www.amazon.com/s?rh=n:15719561&fs=true&page=6
Refrigerants	15719561	7	https://www.amazon.com/s?rh=n:15719561&fs=true&page=7
Refrigerants	15719561	8	https://www.amazon.com/s?rh=n:15719561&fs=true&page=8
Refrigerants	15719561	9	https://www.amazon.com/s?rh=n:15719561&fs=true&page=9
Refrigerants	15719561	10	https://www.amazon.com/s?rh=n:15719561&fs=true&page=10
Winter Products	15719661	1	https://www.amazon.com/s?rh=n:15719661&fs=true&page=1
Winter Products	15719661	2	https://www.amazon.com/s?rh=n:15719661&fs=true&page=2
Winter Products	15719661	3	https://www.amazon.com/s?rh=n:15719661&fs=true&page=3
Winter Products	15719661	4	https://www.amazon.com/s?rh=n:15719661&fs=true&page=4
Winter Products	15719661	5	https://www.amazon.com/s?rh=n:15719661&fs=true&page=5
Winter Products	15719661	6	https://www.amazon.com/s?rh=n:15719661&fs=true&page=6
Winter Products	15719661	7	https://www.amazon.com/s?rh=n:15719661&fs=true&page=7
Winter Products	15719661	8	https://www.amazon.com/s?rh=n:15719661&fs=true&page=8
Winter Products	15719661	9	https://www.amazon.com/s?rh=n:15719661&fs=true&page=9
Winter Products	15719661	10	https://www.amazon.com/s?rh=n:15719661&fs=true&page=10
Detective & Spy	2488770011	1	https://www.amazon.com/s?rh=n:2488770011&fs=true&page=1
Detective & Spy	2488770011	2	https://www.amazon.com/s?rh=n:2488770011&fs=true&page=2
Detective & Spy	2488770011	3	https://www.amazon.com/s?rh=n:2488770011&fs=true&page=3
Detective & Spy	2488770011	4	https://www.amazon.com/s?rh=n:2488770011&fs=true&page=4
Detective & Spy	2488770011	5	https://www.amazon.com/s?rh=n:2488770011&fs=true&page=5
Detective & Spy	2488770011	6	https://www.amazon.com/s?rh=n:2488770011&fs=true&page=6
Detective & Spy	2488770011	7	https://www.amazon.com/s?rh=n:2488770011&fs=true&page=7
Detective & Spy	2488770011	8	https://www.amazon.com/s?rh=n:2488770011&fs=true&page=8
Detective & Spy	2488770011	9	https://www.amazon.com/s?rh=n:2488770011&fs=true&page=9
Detective & Spy	2488770011	10	https://www.amazon.com/s?rh=n:2488770011&fs=true&page=10
Early Development & Activity Toys	21490695011	1	https://www.amazon.com/s?rh=n:21490695011&fs=true&page=1
Early Development & Activity Toys	21490695011	2	https://www.amazon.com/s?rh=n:21490695011&fs=true&page=2
Early Development & Activity Toys	21490695011	3	https://www.amazon.com/s?rh=n:21490695011&fs=true&page=3
Early Development & Activity Toys	21490695011	4	https://www.amazon.com/s?rh=n:21490695011&fs=true&page=4
Early Development & Activity Toys	21490695011	5	https://www.amazon.com/s?rh=n:21490695011&fs=true&page=5
Early Development & Activity Toys	21490695011	6	https://www.amazon.com/s?rh=n:21490695011&fs=true&page=6
Early Development & Activity Toys	21490695011	7	https://www.amazon.com/s?rh=n:21490695011&fs=true&page=7
Early Development & Activity Toys	21490695011	8	https://www.amazon.com/s?rh=n:21490695011&fs=true&page=8
Early Development & Activity Toys	21490695011	9	https://www.amazon.com/s?rh=n:21490695011&fs=true&page=9
Early Development & Activity Toys	21490695011	10	https://www.amazon.com/s?rh=n:21490695011&fs=true&page=10
Electronic Learning Toys	166177011	1	https://www.amazon.com/s?rh=n:166177011&fs=true&page=1
Electronic Learning Toys	166177011	2	https://www.amazon.com/s?rh=n:166177011&fs=true&page=2
Electronic Learning Toys	166177011	3	https://www.amazon.com/s?rh=n:166177011&fs=true&page=3
Electronic Learning Toys	166177011	4	https://www.amazon.com/s?rh=n:166177011&fs=true&page=4
Electronic Learning Toys	166177011	5	https://www.amazon.com/s?rh=n:166177011&fs=true&page=5
Electronic Learning Toys	166177011	6	https://www.amazon.com/s?rh=n:166177011&fs=true&page=6
Electronic Learning Toys	166177011	7	https://www.amazon.com/s?rh=n:166177011&fs=true&page=7
Electronic Learning Toys	166177011	8	https://www.amazon.com/s?rh=n:166177011&fs=true&page=8
Electronic Learning Toys	166177011	9	https://www.amazon.com/s?rh=n:166177011&fs=true&page=9
Electronic Learning Toys	166177011	10	https://www.amazon.com/s?rh=n:166177011&fs=true&page=10
Geographic Globes	166286011	1	https://www.amazon.com/s?rh=n:166286011&fs=true&page=1
Geographic Globes	166286011	2	https://www.amazon.com/s?rh=n:166286011&fs=true&page=2
Geographic Globes	166286011	3	https://www.amazon.com/s?rh=n:166286011&fs=true&page=3
Geographic Globes	166286011	4	https://www.amazon.com/s?rh=n:166286011&fs=true&page=4
Geographic Globes	166286011	5	https://www.amazon.com/s?rh=n:166286011&fs=true&page=5
Geographic Globes	166286011	6	https://www.amazon.com/s?rh=n:166286011&fs=true&page=6
Geographic Globes	166286011	7	https://www.amazon.com/s?rh=n:166286011&fs=true&page=7
Geographic Globes	166286011	8	https://www.amazon.com/s?rh=n:166286011&fs=true&page=8
Geographic Globes	166286011	9	https://www.amazon.com/s?rh=n:166286011&fs=true&page=9
Geographic Globes	166286011	10	https://www.amazon.com/s?rh=n:166286011&fs=true&page=10
Habitats	166303011	1	https://www.amazon.com/s?rh=n:166303011&fs=true&page=1
Habitats	166303011	2	https://www.amazon.com/s?rh=n:166303011&fs=true&page=2
Habitats	166303011	3	https://www.amazon.com/s?rh=n:166303011&fs=true&page=3
Habitats	166303011	4	https://www.amazon.com/s?rh=n:166303011&fs=true&page=4
Habitats	166303011	5	https://www.amazon.com/s?rh=n:166303011&fs=true&page=5
Habitats	166303011	6	https://www.amazon.com/s?rh=n:166303011&fs=true&page=6
Habitats	166303011	7	https://www.amazon.com/s?rh=n:166303011&fs=true&page=7
Habitats	166303011	8	https://www.amazon.com/s?rh=n:166303011&fs=true&page=8
Habitats	166303011	9	https://www.amazon.com/s?rh=n:166303011&fs=true&page=9
Habitats	166303011	10	https://www.amazon.com/s?rh=n:166303011&fs=true&page=10
Marble Runs	2522040011	1	https://www.amazon.com/s?rh=n:2522040011&fs=true&page=1
Marble Runs	2522040011	2	https://www.amazon.com/s?rh=n:2522040011&fs=true&page=2
Marble Runs	2522040011	3	https://www.amazon.com/s?rh=n:2522040011&fs=true&page=3
Marble Runs	2522040011	4	https://www.amazon.com/s?rh=n:2522040011&fs=true&page=4
Marble Runs	2522040011	5	https://www.amazon.com/s?rh=n:2522040011&fs=true&page=5
Marble Runs	2522040011	6	https://www.amazon.com/s?rh=n:2522040011&fs=true&page=6
Marble Runs	2522040011	7	https://www.amazon.com/s?rh=n:2522040011&fs=true&page=7
Marble Runs	2522040011	8	https://www.amazon.com/s?rh=n:2522040011&fs=true&page=8
Marble Runs	2522040011	9	https://www.amazon.com/s?rh=n:2522040011&fs=true&page=9
Marble Runs	2522040011	10	https://www.amazon.com/s?rh=n:2522040011&fs=true&page=10
Musical Instruments	166326011	1	https://www.amazon.com/s?rh=n:166326011&fs=true&page=1
Musical Instruments	166326011	2	https://www.amazon.com/s?rh=n:166326011&fs=true&page=2
Musical Instruments	166326011	3	https://www.amazon.com/s?rh=n:166326011&fs=true&page=3
Musical Instruments	166326011	4	https://www.amazon.com/s?rh=n:166326011&fs=true&page=4
Musical Instruments	166326011	5	https://www.amazon.com/s?rh=n:166326011&fs=true&page=5
Musical Instruments	166326011	6	https://www.amazon.com/s?rh=n:166326011&fs=true&page=6
Musical Instruments	166326011	7	https://www.amazon.com/s?rh=n:166326011&fs=true&page=7
Musical Instruments	166326011	8	https://www.amazon.com/s?rh=n:166326011&fs=true&page=8
Musical Instruments	166326011	9	https://www.amazon.com/s?rh=n:166326011&fs=true&page=9
Musical Instruments	166326011	10	https://www.amazon.com/s?rh=n:166326011&fs=true&page=10
Optics	19318811011	1	https://www.amazon.com/s?rh=n:19318811011&fs=true&page=1
Optics	19318811011	2	https://www.amazon.com/s?rh=n:19318811011&fs=true&page=2
Optics	19318811011	3	https://www.amazon.com/s?rh=n:19318811011&fs=true&page=3
Optics	19318811011	4	https://www.amazon.com/s?rh=n:19318811011&fs=true&page=4
Optics	19318811011	5	https://www.amazon.com/s?rh=n:19318811011&fs=true&page=5
Optics	19318811011	6	https://www.amazon.com/s?rh=n:19318811011&fs=true&page=6
Optics	19318811011	7	https://www.amazon.com/s?rh=n:19318811011&fs=true&page=7
Optics	19318811011	8	https://www.amazon.com/s?rh=n:19318811011&fs=true&page=8
Optics	19318811011	9	https://www.amazon.com/s?rh=n:19318811011&fs=true&page=9
Optics	19318811011	10	https://www.amazon.com/s?rh=n:19318811011&fs=true&page=10
Reading & Writing	166289011	1	https://www.amazon.com/s?rh=n:166289011&fs=true&page=1
Reading & Writing	166289011	2	https://www.amazon.com/s?rh=n:166289011&fs=true&page=2
Reading & Writing	166289011	3	https://www.amazon.com/s?rh=n:166289011&fs=true&page=3
Reading & Writing	166289011	4	https://www.amazon.com/s?rh=n:166289011&fs=true&page=4
Reading & Writing	166289011	5	https://www.amazon.com/s?rh=n:166289011&fs=true&page=5
Reading & Writing	166289011	6	https://www.amazon.com/s?rh=n:166289011&fs=true&page=6
Reading & Writing	166289011	7	https://www.amazon.com/s?rh=n:166289011&fs=true&page=7
Reading & Writing	166289011	8	https://www.amazon.com/s?rh=n:166289011&fs=true&page=8
Reading & Writing	166289011	9	https://www.amazon.com/s?rh=n:166289011&fs=true&page=9
Reading & Writing	166289011	10	https://www.amazon.com/s?rh=n:166289011&fs=true&page=10
Rock Tumblers	166307011	1	https://www.amazon.com/s?rh=n:166307011&fs=true&page=1
Rock Tumblers	166307011	2	https://www.amazon.com/s?rh=n:166307011&fs=true&page=2
Rock Tumblers	166307011	3	https://www.amazon.com/s?rh=n:166307011&fs=true&page=3
Rock Tumblers	166307011	4	https://www.amazon.com/s?rh=n:166307011&fs=true&page=4
Rock Tumblers	166307011	5	https://www.amazon.com/s?rh=n:166307011&fs=true&page=5
Rock Tumblers	166307011	6	https://www.amazon.com/s?rh=n:166307011&fs=true&page=6
Rock Tumblers	166307011	7	https://www.amazon.com/s?rh=n:166307011&fs=true&page=7
Rock Tumblers	166307011	8	https://www.amazon.com/s?rh=n:166307011&fs=true&page=8
Rock Tumblers	166307011	9	https://www.amazon.com/s?rh=n:166307011&fs=true&page=9
Rock Tumblers	166307011	10	https://www.amazon.com/s?rh=n:166307011&fs=true&page=10
Science Kits & Toys	166294011	1	https://www.amazon.com/s?rh=n:166294011&fs=true&page=1
Science Kits & Toys	166294011	2	https://www.amazon.com/s?rh=n:166294011&fs=true&page=2
Science Kits & Toys	166294011	3	https://www.amazon.com/s?rh=n:166294011&fs=true&page=3
Science Kits & Toys	166294011	4	https://www.amazon.com/s?rh=n:166294011&fs=true&page=4
Science Kits & Toys	166294011	5	https://www.amazon.com/s?rh=n:166294011&fs=true&page=5
Science Kits & Toys	166294011	6	https://www.amazon.com/s?rh=n:166294011&fs=true&page=6
Science Kits & Toys	166294011	7	https://www.amazon.com/s?rh=n:166294011&fs=true&page=7
Science Kits & Toys	166294011	8	https://www.amazon.com/s?rh=n:166294011&fs=true&page=8
Science Kits & Toys	166294011	9	https://www.amazon.com/s?rh=n:166294011&fs=true&page=9
Science Kits & Toys	166294011	10	https://www.amazon.com/s?rh=n:166294011&fs=true&page=10
Solar Power Kits	2488783011	1	https://www.amazon.com/s?rh=n:2488783011&fs=true&page=1
Solar Power Kits	2488783011	2	https://www.amazon.com/s?rh=n:2488783011&fs=true&page=2
Solar Power Kits	2488783011	3	https://www.amazon.com/s?rh=n:2488783011&fs=true&page=3
Solar Power Kits	2488783011	4	https://www.amazon.com/s?rh=n:2488783011&fs=true&page=4
Solar Power Kits	2488783011	5	https://www.amazon.com/s?rh=n:2488783011&fs=true&page=5
Solar Power Kits	2488783011	6	https://www.amazon.com/s?rh=n:2488783011&fs=true&page=6
Solar Power Kits	2488783011	7	https://www.amazon.com/s?rh=n:2488783011&fs=true&page=7
Solar Power Kits	2488783011	8	https://www.amazon.com/s?rh=n:2488783011&fs=true&page=8
Solar Power Kits	2488783011	9	https://www.amazon.com/s?rh=n:2488783011&fs=true&page=9
Solar Power Kits	2488783011	10	https://www.amazon.com/s?rh=n:2488783011&fs=true&page=10
Flash Cards	166243011	1	https://www.amazon.com/s?rh=n:166243011&fs=true&page=1
Flash Cards	166243011	2	https://www.amazon.com/s?rh=n:166243011&fs=true&page=2
Flash Cards	166243011	3	https://www.amazon.com/s?rh=n:166243011&fs=true&page=3
Flash Cards	166243011	4	https://www.amazon.com/s?rh=n:166243011&fs=true&page=4
Flash Cards	166243011	5	https://www.amazon.com/s?rh=n:166243011&fs=true&page=5
Flash Cards	166243011	6	https://www.amazon.com/s?rh=n:166243011&fs=true&page=6
Flash Cards	166243011	7	https://www.amazon.com/s?rh=n:166243011&fs=true&page=7
Flash Cards	166243011	8	https://www.amazon.com/s?rh=n:166243011&fs=true&page=8
Flash Cards	166243011	9	https://www.amazon.com/s?rh=n:166243011&fs=true&page=9
Flash Cards	166243011	10	https://www.amazon.com/s?rh=n:166243011&fs=true&page=10
Accessories	404632011	1	https://www.amazon.com/s?rh=n:404632011&fs=true&page=1
Accessories	404632011	2	https://www.amazon.com/s?rh=n:404632011&fs=true&page=2
Accessories	404632011	3	https://www.amazon.com/s?rh=n:404632011&fs=true&page=3
Accessories	404632011	4	https://www.amazon.com/s?rh=n:404632011&fs=true&page=4
Accessories	404632011	5	https://www.amazon.com/s?rh=n:404632011&fs=true&page=5
Accessories	404632011	6	https://www.amazon.com/s?rh=n:404632011&fs=true&page=6
Accessories	404632011	7	https://www.amazon.com/s?rh=n:404632011&fs=true&page=7
Accessories	404632011	8	https://www.amazon.com/s?rh=n:404632011&fs=true&page=8
Accessories	404632011	9	https://www.amazon.com/s?rh=n:404632011&fs=true&page=9
Accessories	404632011	10	https://www.amazon.com/s?rh=n:404632011&fs=true&page=10
Fluids & Maintenance	404702011	1	https://www.amazon.com/s?rh=n:404702011&fs=true&page=1
Fluids & Maintenance	404702011	2	https://www.amazon.com/s?rh=n:404702011&fs=true&page=2
Fluids & Maintenance	404702011	3	https://www.amazon.com/s?rh=n:404702011&fs=true&page=3
Fluids & Maintenance	404702011	4	https://www.amazon.com/s?rh=n:404702011&fs=true&page=4
Fluids & Maintenance	404702011	5	https://www.amazon.com/s?rh=n:404702011&fs=true&page=5
Fluids & Maintenance	404702011	6	https://www.amazon.com/s?rh=n:404702011&fs=true&page=6
Fluids & Maintenance	404702011	7	https://www.amazon.com/s?rh=n:404702011&fs=true&page=7
Fluids & Maintenance	404702011	8	https://www.amazon.com/s?rh=n:404702011&fs=true&page=8
Fluids & Maintenance	404702011	9	https://www.amazon.com/s?rh=n:404702011&fs=true&page=9
Fluids & Maintenance	404702011	10	https://www.amazon.com/s?rh=n:404702011&fs=true&page=10
Parts	404659011	1	https://www.amazon.com/s?rh=n:404659011&fs=true&page=1
Parts	404659011	2	https://www.amazon.com/s?rh=n:404659011&fs=true&page=2
Parts	404659011	3	https://www.amazon.com/s?rh=n:404659011&fs=true&page=3
Parts	404659011	4	https://www.amazon.com/s?rh=n:404659011&fs=true&page=4
Parts	404659011	5	https://www.amazon.com/s?rh=n:404659011&fs=true&page=5
Parts	404659011	6	https://www.amazon.com/s?rh=n:404659011&fs=true&page=6
Parts	404659011	7	https://www.amazon.com/s?rh=n:404659011&fs=true&page=7
Parts	404659011	8	https://www.amazon.com/s?rh=n:404659011&fs=true&page=8
Parts	404659011	9	https://www.amazon.com/s?rh=n:404659011&fs=true&page=9
Parts	404659011	10	https://www.amazon.com/s?rh=n:404659011&fs=true&page=10
Protective Gear	404825011	1	https://www.amazon.com/s?rh=n:404825011&fs=true&page=1
Protective Gear	404825011	2	https://www.amazon.com/s?rh=n:404825011&fs=true&page=2
Protective Gear	404825011	3	https://www.amazon.com/s?rh=n:404825011&fs=true&page=3
Protective Gear	404825011	4	https://www.amazon.com/s?rh=n:404825011&fs=true&page=4
Protective Gear	404825011	5	https://www.amazon.com/s?rh=n:404825011&fs=true&page=5
Protective Gear	404825011	6	https://www.amazon.com/s?rh=n:404825011&fs=true&page=6
Protective Gear	404825011	7	https://www.amazon.com/s?rh=n:404825011&fs=true&page=7
Protective Gear	404825011	8	https://www.amazon.com/s?rh=n:404825011&fs=true&page=8
Protective Gear	404825011	9	https://www.amazon.com/s?rh=n:404825011&fs=true&page=9
Protective Gear	404825011	10	https://www.amazon.com/s?rh=n:404825011&fs=true&page=10
Body Repair Tools	15707071	1	https://www.amazon.com/s?rh=n:15707071&fs=true&page=1
Body Repair Tools	15707071	2	https://www.amazon.com/s?rh=n:15707071&fs=true&page=2
Body Repair Tools	15707071	3	https://www.amazon.com/s?rh=n:15707071&fs=true&page=3
Body Repair Tools	15707071	4	https://www.amazon.com/s?rh=n:15707071&fs=true&page=4
Body Repair Tools	15707071	5	https://www.amazon.com/s?rh=n:15707071&fs=true&page=5
Body Repair Tools	15707071	6	https://www.amazon.com/s?rh=n:15707071&fs=true&page=6
Body Repair Tools	15707071	7	https://www.amazon.com/s?rh=n:15707071&fs=true&page=7
Body Repair Tools	15707071	8	https://www.amazon.com/s?rh=n:15707071&fs=true&page=8
Body Repair Tools	15707071	9	https://www.amazon.com/s?rh=n:15707071&fs=true&page=9
Body Repair Tools	15707071	10	https://www.amazon.com/s?rh=n:15707071&fs=true&page=10
Fidget Toys	17238448011	1	https://www.amazon.com/s?rh=n:17238448011&fs=true&page=1
Fidget Toys	17238448011	2	https://www.amazon.com/s?rh=n:17238448011&fs=true&page=2
Fidget Toys	17238448011	3	https://www.amazon.com/s?rh=n:17238448011&fs=true&page=3
Fidget Toys	17238448011	4	https://www.amazon.com/s?rh=n:17238448011&fs=true&page=4
Fidget Toys	17238448011	5	https://www.amazon.com/s?rh=n:17238448011&fs=true&page=5
Fidget Toys	17238448011	6	https://www.amazon.com/s?rh=n:17238448011&fs=true&page=6
Fidget Toys	17238448011	7	https://www.amazon.com/s?rh=n:17238448011&fs=true&page=7
Fidget Toys	17238448011	8	https://www.amazon.com/s?rh=n:17238448011&fs=true&page=8
Fidget Toys	17238448011	9	https://www.amazon.com/s?rh=n:17238448011&fs=true&page=9
Fidget Toys	17238448011	10	https://www.amazon.com/s?rh=n:17238448011&fs=true&page=10
Flying Toys	166032011	1	https://www.amazon.com/s?rh=n:166032011&fs=true&page=1
Flying Toys	166032011	2	https://www.amazon.com/s?rh=n:166032011&fs=true&page=2
Flying Toys	166032011	3	https://www.amazon.com/s?rh=n:166032011&fs=true&page=3
Flying Toys	166032011	4	https://www.amazon.com/s?rh=n:166032011&fs=true&page=4
Flying Toys	166032011	5	https://www.amazon.com/s?rh=n:166032011&fs=true&page=5
Flying Toys	166032011	6	https://www.amazon.com/s?rh=n:166032011&fs=true&page=6
Flying Toys	166032011	7	https://www.amazon.com/s?rh=n:166032011&fs=true&page=7
Flying Toys	166032011	8	https://www.amazon.com/s?rh=n:166032011&fs=true&page=8
Flying Toys	166032011	9	https://www.amazon.com/s?rh=n:166032011&fs=true&page=9
Flying Toys	166032011	10	https://www.amazon.com/s?rh=n:166032011&fs=true&page=10
Cleaning & Maintenance	2258022011	1	https://www.amazon.com/s?rh=n:2258022011&fs=true&page=1
Cleaning & Maintenance	2258022011	2	https://www.amazon.com/s?rh=n:2258022011&fs=true&page=2
Cleaning & Maintenance	2258022011	3	https://www.amazon.com/s?rh=n:2258022011&fs=true&page=3
Cleaning & Maintenance	2258022011	4	https://www.amazon.com/s?rh=n:2258022011&fs=true&page=4
Cleaning & Maintenance	2258022011	5	https://www.amazon.com/s?rh=n:2258022011&fs=true&page=5
Cleaning & Maintenance	2258022011	6	https://www.amazon.com/s?rh=n:2258022011&fs=true&page=6
Cleaning & Maintenance	2258022011	7	https://www.amazon.com/s?rh=n:2258022011&fs=true&page=7
Cleaning & Maintenance	2258022011	8	https://www.amazon.com/s?rh=n:2258022011&fs=true&page=8
Cleaning & Maintenance	2258022011	9	https://www.amazon.com/s?rh=n:2258022011&fs=true&page=9
Cleaning & Maintenance	2258022011	10	https://www.amazon.com/s?rh=n:2258022011&fs=true&page=10
Fortune Telling Toys	166033011	1	https://www.amazon.com/s?rh=n:166033011&fs=true&page=1
Fortune Telling Toys	166033011	2	https://www.amazon.com/s?rh=n:166033011&fs=true&page=2
Fortune Telling Toys	166033011	3	https://www.amazon.com/s?rh=n:166033011&fs=true&page=3
Fortune Telling Toys	166033011	4	https://www.amazon.com/s?rh=n:166033011&fs=true&page=4
Fortune Telling Toys	166033011	5	https://www.amazon.com/s?rh=n:166033011&fs=true&page=5
Fortune Telling Toys	166033011	6	https://www.amazon.com/s?rh=n:166033011&fs=true&page=6
Fortune Telling Toys	166033011	7	https://www.amazon.com/s?rh=n:166033011&fs=true&page=7
Fortune Telling Toys	166033011	8	https://www.amazon.com/s?rh=n:166033011&fs=true&page=8
Fortune Telling Toys	166033011	9	https://www.amazon.com/s?rh=n:166033011&fs=true&page=9
Fortune Telling Toys	166033011	10	https://www.amazon.com/s?rh=n:166033011&fs=true&page=10
Electronics	2504395011	1	https://www.amazon.com/s?rh=n:2504395011&fs=true&page=1
Electronics	2504395011	2	https://www.amazon.com/s?rh=n:2504395011&fs=true&page=2
Electronics	2504395011	3	https://www.amazon.com/s?rh=n:2504395011&fs=true&page=3
Electronics	2504395011	4	https://www.amazon.com/s?rh=n:2504395011&fs=true&page=4
Electronics	2504395011	5	https://www.amazon.com/s?rh=n:2504395011&fs=true&page=5
Electronics	2504395011	6	https://www.amazon.com/s?rh=n:2504395011&fs=true&page=6
Electronics	2504395011	7	https://www.amazon.com/s?rh=n:2504395011&fs=true&page=7
Electronics	2504395011	8	https://www.amazon.com/s?rh=n:2504395011&fs=true&page=8
Electronics	2504395011	9	https://www.amazon.com/s?rh=n:2504395011&fs=true&page=9
Electronics	2504395011	10	https://www.amazon.com/s?rh=n:2504395011&fs=true&page=10
Gag Toys & Practical Jokes	166034011	1	https://www.amazon.com/s?rh=n:166034011&fs=true&page=1
Gag Toys & Practical Jokes	166034011	2	https://www.amazon.com/s?rh=n:166034011&fs=true&page=2
Gag Toys & Practical Jokes	166034011	3	https://www.amazon.com/s?rh=n:166034011&fs=true&page=3
Gag Toys & Practical Jokes	166034011	4	https://www.amazon.com/s?rh=n:166034011&fs=true&page=4
Gag Toys & Practical Jokes	166034011	5	https://www.amazon.com/s?rh=n:166034011&fs=true&page=5
Gag Toys & Practical Jokes	166034011	6	https://www.amazon.com/s?rh=n:166034011&fs=true&page=6
Gag Toys & Practical Jokes	166034011	7	https://www.amazon.com/s?rh=n:166034011&fs=true&page=7
Gag Toys & Practical Jokes	166034011	8	https://www.amazon.com/s?rh=n:166034011&fs=true&page=8
Gag Toys & Practical Jokes	166034011	9	https://www.amazon.com/s?rh=n:166034011&fs=true&page=9
Gag Toys & Practical Jokes	166034011	10	https://www.amazon.com/s?rh=n:166034011&fs=true&page=10
Exterior	21571968011	1	https://www.amazon.com/s?rh=n:21571968011&fs=true&page=1
Exterior	21571968011	2	https://www.amazon.com/s?rh=n:21571968011&fs=true&page=2
Exterior	21571968011	3	https://www.amazon.com/s?rh=n:21571968011&fs=true&page=3
Exterior	21571968011	4	https://www.amazon.com/s?rh=n:21571968011&fs=true&page=4
Exterior	21571968011	5	https://www.amazon.com/s?rh=n:21571968011&fs=true&page=5
Exterior	21571968011	6	https://www.amazon.com/s?rh=n:21571968011&fs=true&page=6
Exterior	21571968011	7	https://www.amazon.com/s?rh=n:21571968011&fs=true&page=7
Exterior	21571968011	8	https://www.amazon.com/s?rh=n:21571968011&fs=true&page=8
Exterior	21571968011	9	https://www.amazon.com/s?rh=n:21571968011&fs=true&page=9
Exterior	21571968011	10	https://www.amazon.com/s?rh=n:21571968011&fs=true&page=10
Juggling Sets	166037011	1	https://www.amazon.com/s?rh=n:166037011&fs=true&page=1
Juggling Sets	166037011	2	https://www.amazon.com/s?rh=n:166037011&fs=true&page=2
Juggling Sets	166037011	3	https://www.amazon.com/s?rh=n:166037011&fs=true&page=3
Juggling Sets	166037011	4	https://www.amazon.com/s?rh=n:166037011&fs=true&page=4
Juggling Sets	166037011	5	https://www.amazon.com/s?rh=n:166037011&fs=true&page=5
Juggling Sets	166037011	6	https://www.amazon.com/s?rh=n:166037011&fs=true&page=6
Juggling Sets	166037011	7	https://www.amazon.com/s?rh=n:166037011&fs=true&page=7
Juggling Sets	166037011	8	https://www.amazon.com/s?rh=n:166037011&fs=true&page=8
Juggling Sets	166037011	9	https://www.amazon.com/s?rh=n:166037011&fs=true&page=9
Juggling Sets	166037011	10	https://www.amazon.com/s?rh=n:166037011&fs=true&page=10
Magic Kits & Accessories	166355011	1	https://www.amazon.com/s?rh=n:166355011&fs=true&page=1
Magic Kits & Accessories	166355011	2	https://www.amazon.com/s?rh=n:166355011&fs=true&page=2
Magic Kits & Accessories	166355011	3	https://www.amazon.com/s?rh=n:166355011&fs=true&page=3
Magic Kits & Accessories	166355011	4	https://www.amazon.com/s?rh=n:166355011&fs=true&page=4
Magic Kits & Accessories	166355011	5	https://www.amazon.com/s?rh=n:166355011&fs=true&page=5
Magic Kits & Accessories	166355011	6	https://www.amazon.com/s?rh=n:166355011&fs=true&page=6
Magic Kits & Accessories	166355011	7	https://www.amazon.com/s?rh=n:166355011&fs=true&page=7
Magic Kits & Accessories	166355011	8	https://www.amazon.com/s?rh=n:166355011&fs=true&page=8
Magic Kits & Accessories	166355011	9	https://www.amazon.com/s?rh=n:166355011&fs=true&page=9
Magic Kits & Accessories	166355011	10	https://www.amazon.com/s?rh=n:166355011&fs=true&page=10
Heating, Ventilation & Air Conditioning	155287011	1	https://www.amazon.com/s?rh=n:155287011&fs=true&page=1
Heating, Ventilation & Air Conditioning	155287011	2	https://www.amazon.com/s?rh=n:155287011&fs=true&page=2
Heating, Ventilation & Air Conditioning	155287011	3	https://www.amazon.com/s?rh=n:155287011&fs=true&page=3
Heating, Ventilation & Air Conditioning	155287011	4	https://www.amazon.com/s?rh=n:155287011&fs=true&page=4
Heating, Ventilation & Air Conditioning	155287011	5	https://www.amazon.com/s?rh=n:155287011&fs=true&page=5
Heating, Ventilation & Air Conditioning	155287011	6	https://www.amazon.com/s?rh=n:155287011&fs=true&page=6
Heating, Ventilation & Air Conditioning	155287011	7	https://www.amazon.com/s?rh=n:155287011&fs=true&page=7
Heating, Ventilation & Air Conditioning	155287011	8	https://www.amazon.com/s?rh=n:155287011&fs=true&page=8
Heating, Ventilation & Air Conditioning	155287011	9	https://www.amazon.com/s?rh=n:155287011&fs=true&page=9
Heating, Ventilation & Air Conditioning	155287011	10	https://www.amazon.com/s?rh=n:155287011&fs=true&page=10
Magnets & Magnetic Toys	166039011	1	https://www.amazon.com/s?rh=n:166039011&fs=true&page=1
Magnets & Magnetic Toys	166039011	2	https://www.amazon.com/s?rh=n:166039011&fs=true&page=2
Magnets & Magnetic Toys	166039011	3	https://www.amazon.com/s?rh=n:166039011&fs=true&page=3
Magnets & Magnetic Toys	166039011	4	https://www.amazon.com/s?rh=n:166039011&fs=true&page=4
Magnets & Magnetic Toys	166039011	5	https://www.amazon.com/s?rh=n:166039011&fs=true&page=5
Magnets & Magnetic Toys	166039011	6	https://www.amazon.com/s?rh=n:166039011&fs=true&page=6
Magnets & Magnetic Toys	166039011	7	https://www.amazon.com/s?rh=n:166039011&fs=true&page=7
Magnets & Magnetic Toys	166039011	8	https://www.amazon.com/s?rh=n:166039011&fs=true&page=8
Magnets & Magnetic Toys	166039011	9	https://www.amazon.com/s?rh=n:166039011&fs=true&page=9
Magnets & Magnetic Toys	166039011	10	https://www.amazon.com/s?rh=n:166039011&fs=true&page=10
Miniatures	166040011	1	https://www.amazon.com/s?rh=n:166040011&fs=true&page=1
Miniatures	166040011	2	https://www.amazon.com/s?rh=n:166040011&fs=true&page=2
Miniatures	166040011	3	https://www.amazon.com/s?rh=n:166040011&fs=true&page=3
Miniatures	166040011	4	https://www.amazon.com/s?rh=n:166040011&fs=true&page=4
Miniatures	166040011	5	https://www.amazon.com/s?rh=n:166040011&fs=true&page=5
Miniatures	166040011	6	https://www.amazon.com/s?rh=n:166040011&fs=true&page=6
Miniatures	166040011	7	https://www.amazon.com/s?rh=n:166040011&fs=true&page=7
Miniatures	166040011	8	https://www.amazon.com/s?rh=n:166040011&fs=true&page=8
Miniatures	166040011	9	https://www.amazon.com/s?rh=n:166040011&fs=true&page=9
Miniatures	166040011	10	https://www.amazon.com/s?rh=n:166040011&fs=true&page=10
Interior	155302011	1	https://www.amazon.com/s?rh=n:155302011&fs=true&page=1
Interior	155302011	2	https://www.amazon.com/s?rh=n:155302011&fs=true&page=2
Interior	155302011	3	https://www.amazon.com/s?rh=n:155302011&fs=true&page=3
Interior	155302011	4	https://www.amazon.com/s?rh=n:155302011&fs=true&page=4
Interior	155302011	5	https://www.amazon.com/s?rh=n:155302011&fs=true&page=5
Interior	155302011	6	https://www.amazon.com/s?rh=n:155302011&fs=true&page=6
Interior	155302011	7	https://www.amazon.com/s?rh=n:155302011&fs=true&page=7
Interior	155302011	8	https://www.amazon.com/s?rh=n:155302011&fs=true&page=8
Interior	155302011	9	https://www.amazon.com/s?rh=n:155302011&fs=true&page=9
Interior	155302011	10	https://www.amazon.com/s?rh=n:155302011&fs=true&page=10
Money Banks	2491218011	1	https://www.amazon.com/s?rh=n:2491218011&fs=true&page=1
Money Banks	2491218011	2	https://www.amazon.com/s?rh=n:2491218011&fs=true&page=2
Money Banks	2491218011	3	https://www.amazon.com/s?rh=n:2491218011&fs=true&page=3
Money Banks	2491218011	4	https://www.amazon.com/s?rh=n:2491218011&fs=true&page=4
Money Banks	2491218011	5	https://www.amazon.com/s?rh=n:2491218011&fs=true&page=5
Money Banks	2491218011	6	https://www.amazon.com/s?rh=n:2491218011&fs=true&page=6
Money Banks	2491218011	7	https://www.amazon.com/s?rh=n:2491218011&fs=true&page=7
Money Banks	2491218011	8	https://www.amazon.com/s?rh=n:2491218011&fs=true&page=8
Money Banks	2491218011	9	https://www.amazon.com/s?rh=n:2491218011&fs=true&page=9
Money Banks	2491218011	10	https://www.amazon.com/s?rh=n:2491218011&fs=true&page=10
Plumbing	21571967011	1	https://www.amazon.com/s?rh=n:21571967011&fs=true&page=1
Plumbing	21571967011	2	https://www.amazon.com/s?rh=n:21571967011&fs=true&page=2
Plumbing	21571967011	3	https://www.amazon.com/s?rh=n:21571967011&fs=true&page=3
Plumbing	21571967011	4	https://www.amazon.com/s?rh=n:21571967011&fs=true&page=4
Plumbing	21571967011	5	https://www.amazon.com/s?rh=n:21571967011&fs=true&page=5
Plumbing	21571967011	6	https://www.amazon.com/s?rh=n:21571967011&fs=true&page=6
Plumbing	21571967011	7	https://www.amazon.com/s?rh=n:21571967011&fs=true&page=7
Plumbing	21571967011	8	https://www.amazon.com/s?rh=n:21571967011&fs=true&page=8
Plumbing	21571967011	9	https://www.amazon.com/s?rh=n:21571967011&fs=true&page=9
Plumbing	21571967011	10	https://www.amazon.com/s?rh=n:21571967011&fs=true&page=10
Nesting Dolls	166041011	1	https://www.amazon.com/s?rh=n:166041011&fs=true&page=1
Nesting Dolls	166041011	2	https://www.amazon.com/s?rh=n:166041011&fs=true&page=2
Nesting Dolls	166041011	3	https://www.amazon.com/s?rh=n:166041011&fs=true&page=3
Nesting Dolls	166041011	4	https://www.amazon.com/s?rh=n:166041011&fs=true&page=4
Nesting Dolls	166041011	5	https://www.amazon.com/s?rh=n:166041011&fs=true&page=5
Nesting Dolls	166041011	6	https://www.amazon.com/s?rh=n:166041011&fs=true&page=6
Nesting Dolls	166041011	7	https://www.amazon.com/s?rh=n:166041011&fs=true&page=7
Nesting Dolls	166041011	8	https://www.amazon.com/s?rh=n:166041011&fs=true&page=8
Nesting Dolls	166041011	9	https://www.amazon.com/s?rh=n:166041011&fs=true&page=9
Nesting Dolls	166041011	10	https://www.amazon.com/s?rh=n:166041011&fs=true&page=10
Novelty Coins	23900370011	1	https://www.amazon.com/s?rh=n:23900370011&fs=true&page=1
Novelty Coins	23900370011	2	https://www.amazon.com/s?rh=n:23900370011&fs=true&page=2
Novelty Coins	23900370011	3	https://www.amazon.com/s?rh=n:23900370011&fs=true&page=3
Novelty Coins	23900370011	4	https://www.amazon.com/s?rh=n:23900370011&fs=true&page=4
Novelty Coins	23900370011	5	https://www.amazon.com/s?rh=n:23900370011&fs=true&page=5
Novelty Coins	23900370011	6	https://www.amazon.com/s?rh=n:23900370011&fs=true&page=6
Novelty Coins	23900370011	7	https://www.amazon.com/s?rh=n:23900370011&fs=true&page=7
Novelty Coins	23900370011	8	https://www.amazon.com/s?rh=n:23900370011&fs=true&page=8
Novelty Coins	23900370011	9	https://www.amazon.com/s?rh=n:23900370011&fs=true&page=9
Novelty Coins	23900370011	10	https://www.amazon.com/s?rh=n:23900370011&fs=true&page=10
Power & Electrical	2258026011	1	https://www.amazon.com/s?rh=n:2258026011&fs=true&page=1
Power & Electrical	2258026011	2	https://www.amazon.com/s?rh=n:2258026011&fs=true&page=2
Power & Electrical	2258026011	3	https://www.amazon.com/s?rh=n:2258026011&fs=true&page=3
Power & Electrical	2258026011	4	https://www.amazon.com/s?rh=n:2258026011&fs=true&page=4
Power & Electrical	2258026011	5	https://www.amazon.com/s?rh=n:2258026011&fs=true&page=5
Power & Electrical	2258026011	6	https://www.amazon.com/s?rh=n:2258026011&fs=true&page=6
Power & Electrical	2258026011	7	https://www.amazon.com/s?rh=n:2258026011&fs=true&page=7
Power & Electrical	2258026011	8	https://www.amazon.com/s?rh=n:2258026011&fs=true&page=8
Power & Electrical	2258026011	9	https://www.amazon.com/s?rh=n:2258026011&fs=true&page=9
Power & Electrical	2258026011	10	https://www.amazon.com/s?rh=n:2258026011&fs=true&page=10
Novelty Spinning Tops	2735439011	1	https://www.amazon.com/s?rh=n:2735439011&fs=true&page=1
Novelty Spinning Tops	2735439011	2	https://www.amazon.com/s?rh=n:2735439011&fs=true&page=2
Novelty Spinning Tops	2735439011	3	https://www.amazon.com/s?rh=n:2735439011&fs=true&page=3
Novelty Spinning Tops	2735439011	4	https://www.amazon.com/s?rh=n:2735439011&fs=true&page=4
Novelty Spinning Tops	2735439011	5	https://www.amazon.com/s?rh=n:2735439011&fs=true&page=5
Novelty Spinning Tops	2735439011	6	https://www.amazon.com/s?rh=n:2735439011&fs=true&page=6
Novelty Spinning Tops	2735439011	7	https://www.amazon.com/s?rh=n:2735439011&fs=true&page=7
Novelty Spinning Tops	2735439011	8	https://www.amazon.com/s?rh=n:2735439011&fs=true&page=8
Novelty Spinning Tops	2735439011	9	https://www.amazon.com/s?rh=n:2735439011&fs=true&page=9
Novelty Spinning Tops	2735439011	10	https://www.amazon.com/s?rh=n:2735439011&fs=true&page=10
Prisms & Kaleidoscopes	166046011	1	https://www.amazon.com/s?rh=n:166046011&fs=true&page=1
Prisms & Kaleidoscopes	166046011	2	https://www.amazon.com/s?rh=n:166046011&fs=true&page=2
Prisms & Kaleidoscopes	166046011	3	https://www.amazon.com/s?rh=n:166046011&fs=true&page=3
Prisms & Kaleidoscopes	166046011	4	https://www.amazon.com/s?rh=n:166046011&fs=true&page=4
Prisms & Kaleidoscopes	166046011	5	https://www.amazon.com/s?rh=n:166046011&fs=true&page=5
Prisms & Kaleidoscopes	166046011	6	https://www.amazon.com/s?rh=n:166046011&fs=true&page=6
Prisms & Kaleidoscopes	166046011	7	https://www.amazon.com/s?rh=n:166046011&fs=true&page=7
Prisms & Kaleidoscopes	166046011	8	https://www.amazon.com/s?rh=n:166046011&fs=true&page=8
Prisms & Kaleidoscopes	166046011	9	https://www.amazon.com/s?rh=n:166046011&fs=true&page=9
Prisms & Kaleidoscopes	166046011	10	https://www.amazon.com/s?rh=n:166046011&fs=true&page=10
Slime & Putty Toys	166047011	1	https://www.amazon.com/s?rh=n:166047011&fs=true&page=1
Slime & Putty Toys	166047011	2	https://www.amazon.com/s?rh=n:166047011&fs=true&page=2
Slime & Putty Toys	166047011	3	https://www.amazon.com/s?rh=n:166047011&fs=true&page=3
Slime & Putty Toys	166047011	4	https://www.amazon.com/s?rh=n:166047011&fs=true&page=4
Slime & Putty Toys	166047011	5	https://www.amazon.com/s?rh=n:166047011&fs=true&page=5
Slime & Putty Toys	166047011	6	https://www.amazon.com/s?rh=n:166047011&fs=true&page=6
Slime & Putty Toys	166047011	7	https://www.amazon.com/s?rh=n:166047011&fs=true&page=7
Slime & Putty Toys	166047011	8	https://www.amazon.com/s?rh=n:166047011&fs=true&page=8
Slime & Putty Toys	166047011	9	https://www.amazon.com/s?rh=n:166047011&fs=true&page=9
Slime & Putty Toys	166047011	10	https://www.amazon.com/s?rh=n:166047011&fs=true&page=10
Spy Gadgets	166205011	1	https://www.amazon.com/s?rh=n:166205011&fs=true&page=1
Spy Gadgets	166205011	2	https://www.amazon.com/s?rh=n:166205011&fs=true&page=2
Spy Gadgets	166205011	3	https://www.amazon.com/s?rh=n:166205011&fs=true&page=3
Spy Gadgets	166205011	4	https://www.amazon.com/s?rh=n:166205011&fs=true&page=4
Spy Gadgets	166205011	5	https://www.amazon.com/s?rh=n:166205011&fs=true&page=5
Spy Gadgets	166205011	6	https://www.amazon.com/s?rh=n:166205011&fs=true&page=6
Spy Gadgets	166205011	7	https://www.amazon.com/s?rh=n:166205011&fs=true&page=7
Spy Gadgets	166205011	8	https://www.amazon.com/s?rh=n:166205011&fs=true&page=8
Spy Gadgets	166205011	9	https://www.amazon.com/s?rh=n:166205011&fs=true&page=9
Spy Gadgets	166205011	10	https://www.amazon.com/s?rh=n:166205011&fs=true&page=10
Squeeze Toys	23538328011	1	https://www.amazon.com/s?rh=n:23538328011&fs=true&page=1
Squeeze Toys	23538328011	2	https://www.amazon.com/s?rh=n:23538328011&fs=true&page=2
Squeeze Toys	23538328011	3	https://www.amazon.com/s?rh=n:23538328011&fs=true&page=3
Squeeze Toys	23538328011	4	https://www.amazon.com/s?rh=n:23538328011&fs=true&page=4
Squeeze Toys	23538328011	5	https://www.amazon.com/s?rh=n:23538328011&fs=true&page=5
Squeeze Toys	23538328011	6	https://www.amazon.com/s?rh=n:23538328011&fs=true&page=6
Squeeze Toys	23538328011	7	https://www.amazon.com/s?rh=n:23538328011&fs=true&page=7
Squeeze Toys	23538328011	8	https://www.amazon.com/s?rh=n:23538328011&fs=true&page=8
Squeeze Toys	23538328011	9	https://www.amazon.com/s?rh=n:23538328011&fs=true&page=9
Squeeze Toys	23538328011	10	https://www.amazon.com/s?rh=n:23538328011&fs=true&page=10
Viewfinders	166052011	1	https://www.amazon.com/s?rh=n:166052011&fs=true&page=1
Viewfinders	166052011	2	https://www.amazon.com/s?rh=n:166052011&fs=true&page=2
Viewfinders	166052011	3	https://www.amazon.com/s?rh=n:166052011&fs=true&page=3
Viewfinders	166052011	4	https://www.amazon.com/s?rh=n:166052011&fs=true&page=4
Viewfinders	166052011	5	https://www.amazon.com/s?rh=n:166052011&fs=true&page=5
Viewfinders	166052011	6	https://www.amazon.com/s?rh=n:166052011&fs=true&page=6
Viewfinders	166052011	7	https://www.amazon.com/s?rh=n:166052011&fs=true&page=7
Viewfinders	166052011	8	https://www.amazon.com/s?rh=n:166052011&fs=true&page=8
Viewfinders	166052011	9	https://www.amazon.com/s?rh=n:166052011&fs=true&page=9
Viewfinders	166052011	10	https://www.amazon.com/s?rh=n:166052011&fs=true&page=10
Water Balloons	2528079011	1	https://www.amazon.com/s?rh=n:2528079011&fs=true&page=1
Water Balloons	2528079011	2	https://www.amazon.com/s?rh=n:2528079011&fs=true&page=2
Water Balloons	2528079011	3	https://www.amazon.com/s?rh=n:2528079011&fs=true&page=3
Water Balloons	2528079011	4	https://www.amazon.com/s?rh=n:2528079011&fs=true&page=4
Water Balloons	2528079011	5	https://www.amazon.com/s?rh=n:2528079011&fs=true&page=5
Water Balloons	2528079011	6	https://www.amazon.com/s?rh=n:2528079011&fs=true&page=6
Water Balloons	2528079011	7	https://www.amazon.com/s?rh=n:2528079011&fs=true&page=7
Water Balloons	2528079011	8	https://www.amazon.com/s?rh=n:2528079011&fs=true&page=8
Water Balloons	2528079011	9	https://www.amazon.com/s?rh=n:2528079011&fs=true&page=9
Water Balloons	2528079011	10	https://www.amazon.com/s?rh=n:2528079011&fs=true&page=10
Safety & Security	21580670011	1	https://www.amazon.com/s?rh=n:21580670011&fs=true&page=1
Safety & Security	21580670011	2	https://www.amazon.com/s?rh=n:21580670011&fs=true&page=2
Safety & Security	21580670011	3	https://www.amazon.com/s?rh=n:21580670011&fs=true&page=3
Safety & Security	21580670011	4	https://www.amazon.com/s?rh=n:21580670011&fs=true&page=4
Safety & Security	21580670011	5	https://www.amazon.com/s?rh=n:21580670011&fs=true&page=5
Safety & Security	21580670011	6	https://www.amazon.com/s?rh=n:21580670011&fs=true&page=6
Safety & Security	21580670011	7	https://www.amazon.com/s?rh=n:21580670011&fs=true&page=7
Safety & Security	21580670011	8	https://www.amazon.com/s?rh=n:21580670011&fs=true&page=8
Safety & Security	21580670011	9	https://www.amazon.com/s?rh=n:21580670011&fs=true&page=9
Safety & Security	21580670011	10	https://www.amazon.com/s?rh=n:21580670011&fs=true&page=10
Wind-Up Toys	166054011	1	https://www.amazon.com/s?rh=n:166054011&fs=true&page=1
Wind-Up Toys	166054011	2	https://www.amazon.com/s?rh=n:166054011&fs=true&page=2
Wind-Up Toys	166054011	3	https://www.amazon.com/s?rh=n:166054011&fs=true&page=3
Wind-Up Toys	166054011	4	https://www.amazon.com/s?rh=n:166054011&fs=true&page=4
Wind-Up Toys	166054011	5	https://www.amazon.com/s?rh=n:166054011&fs=true&page=5
Wind-Up Toys	166054011	6	https://www.amazon.com/s?rh=n:166054011&fs=true&page=6
Wind-Up Toys	166054011	7	https://www.amazon.com/s?rh=n:166054011&fs=true&page=7
Wind-Up Toys	166054011	8	https://www.amazon.com/s?rh=n:166054011&fs=true&page=8
Wind-Up Toys	166054011	9	https://www.amazon.com/s?rh=n:166054011&fs=true&page=9
Wind-Up Toys	166054011	10	https://www.amazon.com/s?rh=n:166054011&fs=true&page=10
Batteries & Accessories	15710451	1	https://www.amazon.com/s?rh=n:15710451&fs=true&page=1
Batteries & Accessories	15710451	2	https://www.amazon.com/s?rh=n:15710451&fs=true&page=2
Batteries & Accessories	15710451	3	https://www.amazon.com/s?rh=n:15710451&fs=true&page=3
Batteries & Accessories	15710451	4	https://www.amazon.com/s?rh=n:15710451&fs=true&page=4
Batteries & Accessories	15710451	5	https://www.amazon.com/s?rh=n:15710451&fs=true&page=5
Batteries & Accessories	15710451	6	https://www.amazon.com/s?rh=n:15710451&fs=true&page=6
Batteries & Accessories	15710451	7	https://www.amazon.com/s?rh=n:15710451&fs=true&page=7
Batteries & Accessories	15710451	8	https://www.amazon.com/s?rh=n:15710451&fs=true&page=8
Batteries & Accessories	15710451	9	https://www.amazon.com/s?rh=n:15710451&fs=true&page=9
Batteries & Accessories	15710451	10	https://www.amazon.com/s?rh=n:15710451&fs=true&page=10
Bearings & Seals	15710561	1	https://www.amazon.com/s?rh=n:15710561&fs=true&page=1
Bearings & Seals	15710561	2	https://www.amazon.com/s?rh=n:15710561&fs=true&page=2
Bearings & Seals	15710561	3	https://www.amazon.com/s?rh=n:15710561&fs=true&page=3
Bearings & Seals	15710561	4	https://www.amazon.com/s?rh=n:15710561&fs=true&page=4
Bearings & Seals	15710561	5	https://www.amazon.com/s?rh=n:15710561&fs=true&page=5
Bearings & Seals	15710561	6	https://www.amazon.com/s?rh=n:15710561&fs=true&page=6
Bearings & Seals	15710561	7	https://www.amazon.com/s?rh=n:15710561&fs=true&page=7
Bearings & Seals	15710561	8	https://www.amazon.com/s?rh=n:15710561&fs=true&page=8
Bearings & Seals	15710561	9	https://www.amazon.com/s?rh=n:15710561&fs=true&page=9
Bearings & Seals	15710561	10	https://www.amazon.com/s?rh=n:15710561&fs=true&page=10
Belts, Hoses & Pulleys	15710591	1	https://www.amazon.com/s?rh=n:15710591&fs=true&page=1
Belts, Hoses & Pulleys	15710591	2	https://www.amazon.com/s?rh=n:15710591&fs=true&page=2
Belts, Hoses & Pulleys	15710591	3	https://www.amazon.com/s?rh=n:15710591&fs=true&page=3
Belts, Hoses & Pulleys	15710591	4	https://www.amazon.com/s?rh=n:15710591&fs=true&page=4
Belts, Hoses & Pulleys	15710591	5	https://www.amazon.com/s?rh=n:15710591&fs=true&page=5
Belts, Hoses & Pulleys	15710591	6	https://www.amazon.com/s?rh=n:15710591&fs=true&page=6
Belts, Hoses & Pulleys	15710591	7	https://www.amazon.com/s?rh=n:15710591&fs=true&page=7
Belts, Hoses & Pulleys	15710591	8	https://www.amazon.com/s?rh=n:15710591&fs=true&page=8
Belts, Hoses & Pulleys	15710591	9	https://www.amazon.com/s?rh=n:15710591&fs=true&page=9
Belts, Hoses & Pulleys	15710591	10	https://www.amazon.com/s?rh=n:15710591&fs=true&page=10
Brake System	15710921	1	https://www.amazon.com/s?rh=n:15710921&fs=true&page=1
Brake System	15710921	2	https://www.amazon.com/s?rh=n:15710921&fs=true&page=2
Brake System	15710921	3	https://www.amazon.com/s?rh=n:15710921&fs=true&page=3
Brake System	15710921	4	https://www.amazon.com/s?rh=n:15710921&fs=true&page=4
Brake System	15710921	5	https://www.amazon.com/s?rh=n:15710921&fs=true&page=5
Brake System	15710921	6	https://www.amazon.com/s?rh=n:15710921&fs=true&page=6
Brake System	15710921	7	https://www.amazon.com/s?rh=n:15710921&fs=true&page=7
Brake System	15710921	8	https://www.amazon.com/s?rh=n:15710921&fs=true&page=8
Brake System	15710921	9	https://www.amazon.com/s?rh=n:15710921&fs=true&page=9
Brake System	15710921	10	https://www.amazon.com/s?rh=n:15710921&fs=true&page=10
Drive Train	15711291	1	https://www.amazon.com/s?rh=n:15711291&fs=true&page=1
Drive Train	15711291	2	https://www.amazon.com/s?rh=n:15711291&fs=true&page=2
Drive Train	15711291	3	https://www.amazon.com/s?rh=n:15711291&fs=true&page=3
Drive Train	15711291	4	https://www.amazon.com/s?rh=n:15711291&fs=true&page=4
Drive Train	15711291	5	https://www.amazon.com/s?rh=n:15711291&fs=true&page=5
Drive Train	15711291	6	https://www.amazon.com/s?rh=n:15711291&fs=true&page=6
Drive Train	15711291	7	https://www.amazon.com/s?rh=n:15711291&fs=true&page=7
Drive Train	15711291	8	https://www.amazon.com/s?rh=n:15711291&fs=true&page=8
Drive Train	15711291	9	https://www.amazon.com/s?rh=n:15711291&fs=true&page=9
Drive Train	15711291	10	https://www.amazon.com/s?rh=n:15711291&fs=true&page=10
Engine Cooling	15712301	1	https://www.amazon.com/s?rh=n:15712301&fs=true&page=1
Engine Cooling	15712301	2	https://www.amazon.com/s?rh=n:15712301&fs=true&page=2
Engine Cooling	15712301	3	https://www.amazon.com/s?rh=n:15712301&fs=true&page=3
Engine Cooling	15712301	4	https://www.amazon.com/s?rh=n:15712301&fs=true&page=4
Engine Cooling	15712301	5	https://www.amazon.com/s?rh=n:15712301&fs=true&page=5
Engine Cooling	15712301	6	https://www.amazon.com/s?rh=n:15712301&fs=true&page=6
Engine Cooling	15712301	7	https://www.amazon.com/s?rh=n:15712301&fs=true&page=7
Engine Cooling	15712301	8	https://www.amazon.com/s?rh=n:15712301&fs=true&page=8
Engine Cooling	15712301	9	https://www.amazon.com/s?rh=n:15712301&fs=true&page=9
Engine Cooling	15712301	10	https://www.amazon.com/s?rh=n:15712301&fs=true&page=10
Engines & Engine Parts	15712571	1	https://www.amazon.com/s?rh=n:15712571&fs=true&page=1
Engines & Engine Parts	15712571	2	https://www.amazon.com/s?rh=n:15712571&fs=true&page=2
Engines & Engine Parts	15712571	3	https://www.amazon.com/s?rh=n:15712571&fs=true&page=3
Engines & Engine Parts	15712571	4	https://www.amazon.com/s?rh=n:15712571&fs=true&page=4
Engines & Engine Parts	15712571	5	https://www.amazon.com/s?rh=n:15712571&fs=true&page=5
Engines & Engine Parts	15712571	6	https://www.amazon.com/s?rh=n:15712571&fs=true&page=6
Engines & Engine Parts	15712571	7	https://www.amazon.com/s?rh=n:15712571&fs=true&page=7
Engines & Engine Parts	15712571	8	https://www.amazon.com/s?rh=n:15712571&fs=true&page=8
Engines & Engine Parts	15712571	9	https://www.amazon.com/s?rh=n:15712571&fs=true&page=9
Engines & Engine Parts	15712571	10	https://www.amazon.com/s?rh=n:15712571&fs=true&page=10
Exhaust Systems & Parts	15713821	1	https://www.amazon.com/s?rh=n:15713821&fs=true&page=1
Exhaust Systems & Parts	15713821	2	https://www.amazon.com/s?rh=n:15713821&fs=true&page=2
Exhaust Systems & Parts	15713821	3	https://www.amazon.com/s?rh=n:15713821&fs=true&page=3
Exhaust Systems & Parts	15713821	4	https://www.amazon.com/s?rh=n:15713821&fs=true&page=4
Exhaust Systems & Parts	15713821	5	https://www.amazon.com/s?rh=n:15713821&fs=true&page=5
Exhaust Systems & Parts	15713821	6	https://www.amazon.com/s?rh=n:15713821&fs=true&page=6
Exhaust Systems & Parts	15713821	7	https://www.amazon.com/s?rh=n:15713821&fs=true&page=7
Exhaust Systems & Parts	15713821	8	https://www.amazon.com/s?rh=n:15713821&fs=true&page=8
Exhaust Systems & Parts	15713821	9	https://www.amazon.com/s?rh=n:15713821&fs=true&page=9
Exhaust Systems & Parts	15713821	10	https://www.amazon.com/s?rh=n:15713821&fs=true&page=10
Filters	15714131	1	https://www.amazon.com/s?rh=n:15714131&fs=true&page=1
Filters	15714131	2	https://www.amazon.com/s?rh=n:15714131&fs=true&page=2
Filters	15714131	3	https://www.amazon.com/s?rh=n:15714131&fs=true&page=3
Filters	15714131	4	https://www.amazon.com/s?rh=n:15714131&fs=true&page=4
Filters	15714131	5	https://www.amazon.com/s?rh=n:15714131&fs=true&page=5
Filters	15714131	6	https://www.amazon.com/s?rh=n:15714131&fs=true&page=6
Filters	15714131	7	https://www.amazon.com/s?rh=n:15714131&fs=true&page=7
Filters	15714131	8	https://www.amazon.com/s?rh=n:15714131&fs=true&page=8
Filters	15714131	9	https://www.amazon.com/s?rh=n:15714131&fs=true&page=9
Filters	15714131	10	https://www.amazon.com/s?rh=n:15714131&fs=true&page=10
Fuel System	15714351	1	https://www.amazon.com/s?rh=n:15714351&fs=true&page=1
Fuel System	15714351	2	https://www.amazon.com/s?rh=n:15714351&fs=true&page=2
Fuel System	15714351	3	https://www.amazon.com/s?rh=n:15714351&fs=true&page=3
Fuel System	15714351	4	https://www.amazon.com/s?rh=n:15714351&fs=true&page=4
Fuel System	15714351	5	https://www.amazon.com/s?rh=n:15714351&fs=true&page=5
Fuel System	15714351	6	https://www.amazon.com/s?rh=n:15714351&fs=true&page=6
Fuel System	15714351	7	https://www.amazon.com/s?rh=n:15714351&fs=true&page=7
Fuel System	15714351	8	https://www.amazon.com/s?rh=n:15714351&fs=true&page=8
Fuel System	15714351	9	https://www.amazon.com/s?rh=n:15714351&fs=true&page=9
Fuel System	15714351	10	https://www.amazon.com/s?rh=n:15714351&fs=true&page=10
Gaskets	15715291	1	https://www.amazon.com/s?rh=n:15715291&fs=true&page=1
Gaskets	15715291	2	https://www.amazon.com/s?rh=n:15715291&fs=true&page=2
Gaskets	15715291	3	https://www.amazon.com/s?rh=n:15715291&fs=true&page=3
Gaskets	15715291	4	https://www.amazon.com/s?rh=n:15715291&fs=true&page=4
Gaskets	15715291	5	https://www.amazon.com/s?rh=n:15715291&fs=true&page=5
Gaskets	15715291	6	https://www.amazon.com/s?rh=n:15715291&fs=true&page=6
Gaskets	15715291	7	https://www.amazon.com/s?rh=n:15715291&fs=true&page=7
Gaskets	15715291	8	https://www.amazon.com/s?rh=n:15715291&fs=true&page=8
Gaskets	15715291	9	https://www.amazon.com/s?rh=n:15715291&fs=true&page=9
Gaskets	15715291	10	https://www.amazon.com/s?rh=n:15715291&fs=true&page=10
Ignition & Electrical	2286883011	1	https://www.amazon.com/s?rh=n:2286883011&fs=true&page=1
Ignition & Electrical	2286883011	2	https://www.amazon.com/s?rh=n:2286883011&fs=true&page=2
Ignition & Electrical	2286883011	3	https://www.amazon.com/s?rh=n:2286883011&fs=true&page=3
Ignition & Electrical	2286883011	4	https://www.amazon.com/s?rh=n:2286883011&fs=true&page=4
Ignition & Electrical	2286883011	5	https://www.amazon.com/s?rh=n:2286883011&fs=true&page=5
Ignition & Electrical	2286883011	6	https://www.amazon.com/s?rh=n:2286883011&fs=true&page=6
Ignition & Electrical	2286883011	7	https://www.amazon.com/s?rh=n:2286883011&fs=true&page=7
Ignition & Electrical	2286883011	8	https://www.amazon.com/s?rh=n:2286883011&fs=true&page=8
Ignition & Electrical	2286883011	9	https://www.amazon.com/s?rh=n:2286883011&fs=true&page=9
Ignition & Electrical	2286883011	10	https://www.amazon.com/s?rh=n:2286883011&fs=true&page=10
Shocks, Struts & Suspension	2286884011	1	https://www.amazon.com/s?rh=n:2286884011&fs=true&page=1
Shocks, Struts & Suspension	2286884011	2	https://www.amazon.com/s?rh=n:2286884011&fs=true&page=2
Shocks, Struts & Suspension	2286884011	3	https://www.amazon.com/s?rh=n:2286884011&fs=true&page=3
Shocks, Struts & Suspension	2286884011	4	https://www.amazon.com/s?rh=n:2286884011&fs=true&page=4
Shocks, Struts & Suspension	2286884011	5	https://www.amazon.com/s?rh=n:2286884011&fs=true&page=5
Shocks, Struts & Suspension	2286884011	6	https://www.amazon.com/s?rh=n:2286884011&fs=true&page=6
Shocks, Struts & Suspension	2286884011	7	https://www.amazon.com/s?rh=n:2286884011&fs=true&page=7
Shocks, Struts & Suspension	2286884011	8	https://www.amazon.com/s?rh=n:2286884011&fs=true&page=8
Shocks, Struts & Suspension	2286884011	9	https://www.amazon.com/s?rh=n:2286884011&fs=true&page=9
Shocks, Struts & Suspension	2286884011	10	https://www.amazon.com/s?rh=n:2286884011&fs=true&page=10
Starters & Alternators	193806011	1	https://www.amazon.com/s?rh=n:193806011&fs=true&page=1
Starters & Alternators	193806011	2	https://www.amazon.com/s?rh=n:193806011&fs=true&page=2
Starters & Alternators	193806011	3	https://www.amazon.com/s?rh=n:193806011&fs=true&page=3
Starters & Alternators	193806011	4	https://www.amazon.com/s?rh=n:193806011&fs=true&page=4
Starters & Alternators	193806011	5	https://www.amazon.com/s?rh=n:193806011&fs=true&page=5
Starters & Alternators	193806011	6	https://www.amazon.com/s?rh=n:193806011&fs=true&page=6
Starters & Alternators	193806011	7	https://www.amazon.com/s?rh=n:193806011&fs=true&page=7
Starters & Alternators	193806011	8	https://www.amazon.com/s?rh=n:193806011&fs=true&page=8
Starters & Alternators	193806011	9	https://www.amazon.com/s?rh=n:193806011&fs=true&page=9
Starters & Alternators	193806011	10	https://www.amazon.com/s?rh=n:193806011&fs=true&page=10
Steering System	15717271	1	https://www.amazon.com/s?rh=n:15717271&fs=true&page=1
Steering System	15717271	2	https://www.amazon.com/s?rh=n:15717271&fs=true&page=2
Steering System	15717271	3	https://www.amazon.com/s?rh=n:15717271&fs=true&page=3
Steering System	15717271	4	https://www.amazon.com/s?rh=n:15717271&fs=true&page=4
Steering System	15717271	5	https://www.amazon.com/s?rh=n:15717271&fs=true&page=5
Steering System	15717271	6	https://www.amazon.com/s?rh=n:15717271&fs=true&page=6
Steering System	15717271	7	https://www.amazon.com/s?rh=n:15717271&fs=true&page=7
Steering System	15717271	8	https://www.amazon.com/s?rh=n:15717271&fs=true&page=8
Steering System	15717271	9	https://www.amazon.com/s?rh=n:15717271&fs=true&page=9
Steering System	15717271	10	https://www.amazon.com/s?rh=n:15717271&fs=true&page=10
Executive Desk Toys	5483953011	1	https://www.amazon.com/s?rh=n:5483953011&fs=true&page=1
Executive Desk Toys	5483953011	2	https://www.amazon.com/s?rh=n:5483953011&fs=true&page=2
Executive Desk Toys	5483953011	3	https://www.amazon.com/s?rh=n:5483953011&fs=true&page=3
Executive Desk Toys	5483953011	4	https://www.amazon.com/s?rh=n:5483953011&fs=true&page=4
Executive Desk Toys	5483953011	5	https://www.amazon.com/s?rh=n:5483953011&fs=true&page=5
Executive Desk Toys	5483953011	6	https://www.amazon.com/s?rh=n:5483953011&fs=true&page=6
Executive Desk Toys	5483953011	7	https://www.amazon.com/s?rh=n:5483953011&fs=true&page=7
Executive Desk Toys	5483953011	8	https://www.amazon.com/s?rh=n:5483953011&fs=true&page=8
Executive Desk Toys	5483953011	9	https://www.amazon.com/s?rh=n:5483953011&fs=true&page=9
Executive Desk Toys	5483953011	10	https://www.amazon.com/s?rh=n:5483953011&fs=true&page=10
Switches & Relays	15718101	1	https://www.amazon.com/s?rh=n:15718101&fs=true&page=1
Switches & Relays	15718101	2	https://www.amazon.com/s?rh=n:15718101&fs=true&page=2
Switches & Relays	15718101	3	https://www.amazon.com/s?rh=n:15718101&fs=true&page=3
Switches & Relays	15718101	4	https://www.amazon.com/s?rh=n:15718101&fs=true&page=4
Switches & Relays	15718101	5	https://www.amazon.com/s?rh=n:15718101&fs=true&page=5
Switches & Relays	15718101	6	https://www.amazon.com/s?rh=n:15718101&fs=true&page=6
Switches & Relays	15718101	7	https://www.amazon.com/s?rh=n:15718101&fs=true&page=7
Switches & Relays	15718101	8	https://www.amazon.com/s?rh=n:15718101&fs=true&page=8
Switches & Relays	15718101	9	https://www.amazon.com/s?rh=n:15718101&fs=true&page=9
Switches & Relays	15718101	10	https://www.amazon.com/s?rh=n:15718101&fs=true&page=10
ATVs	23642746011	1	https://www.amazon.com/s?rh=n:23642746011&fs=true&page=1
ATVs	23642746011	2	https://www.amazon.com/s?rh=n:23642746011&fs=true&page=2
ATVs	23642746011	3	https://www.amazon.com/s?rh=n:23642746011&fs=true&page=3
ATVs	23642746011	4	https://www.amazon.com/s?rh=n:23642746011&fs=true&page=4
ATVs	23642746011	5	https://www.amazon.com/s?rh=n:23642746011&fs=true&page=5
ATVs	23642746011	6	https://www.amazon.com/s?rh=n:23642746011&fs=true&page=6
ATVs	23642746011	7	https://www.amazon.com/s?rh=n:23642746011&fs=true&page=7
ATVs	23642746011	8	https://www.amazon.com/s?rh=n:23642746011&fs=true&page=8
ATVs	23642746011	9	https://www.amazon.com/s?rh=n:23642746011&fs=true&page=9
ATVs	23642746011	10	https://www.amazon.com/s?rh=n:23642746011&fs=true&page=10
Airplanes	23642764011	1	https://www.amazon.com/s?rh=n:23642764011&fs=true&page=1
Airplanes	23642764011	2	https://www.amazon.com/s?rh=n:23642764011&fs=true&page=2
Airplanes	23642764011	3	https://www.amazon.com/s?rh=n:23642764011&fs=true&page=3
Airplanes	23642764011	4	https://www.amazon.com/s?rh=n:23642764011&fs=true&page=4
Airplanes	23642764011	5	https://www.amazon.com/s?rh=n:23642764011&fs=true&page=5
Airplanes	23642764011	6	https://www.amazon.com/s?rh=n:23642764011&fs=true&page=6
Airplanes	23642764011	7	https://www.amazon.com/s?rh=n:23642764011&fs=true&page=7
Airplanes	23642764011	8	https://www.amazon.com/s?rh=n:23642764011&fs=true&page=8
Airplanes	23642764011	9	https://www.amazon.com/s?rh=n:23642764011&fs=true&page=9
Airplanes	23642764011	10	https://www.amazon.com/s?rh=n:23642764011&fs=true&page=10
Ambulances	23642742011	1	https://www.amazon.com/s?rh=n:23642742011&fs=true&page=1
Ambulances	23642742011	2	https://www.amazon.com/s?rh=n:23642742011&fs=true&page=2
Ambulances	23642742011	3	https://www.amazon.com/s?rh=n:23642742011&fs=true&page=3
Ambulances	23642742011	4	https://www.amazon.com/s?rh=n:23642742011&fs=true&page=4
Ambulances	23642742011	5	https://www.amazon.com/s?rh=n:23642742011&fs=true&page=5
Ambulances	23642742011	6	https://www.amazon.com/s?rh=n:23642742011&fs=true&page=6
Ambulances	23642742011	7	https://www.amazon.com/s?rh=n:23642742011&fs=true&page=7
Ambulances	23642742011	8	https://www.amazon.com/s?rh=n:23642742011&fs=true&page=8
Ambulances	23642742011	9	https://www.amazon.com/s?rh=n:23642742011&fs=true&page=9
Ambulances	23642742011	10	https://www.amazon.com/s?rh=n:23642742011&fs=true&page=10
Armored Fighting Vehicles	23642741011	1	https://www.amazon.com/s?rh=n:23642741011&fs=true&page=1
Armored Fighting Vehicles	23642741011	2	https://www.amazon.com/s?rh=n:23642741011&fs=true&page=2
Armored Fighting Vehicles	23642741011	3	https://www.amazon.com/s?rh=n:23642741011&fs=true&page=3
Armored Fighting Vehicles	23642741011	4	https://www.amazon.com/s?rh=n:23642741011&fs=true&page=4
Armored Fighting Vehicles	23642741011	5	https://www.amazon.com/s?rh=n:23642741011&fs=true&page=5
Armored Fighting Vehicles	23642741011	6	https://www.amazon.com/s?rh=n:23642741011&fs=true&page=6
Armored Fighting Vehicles	23642741011	7	https://www.amazon.com/s?rh=n:23642741011&fs=true&page=7
Armored Fighting Vehicles	23642741011	8	https://www.amazon.com/s?rh=n:23642741011&fs=true&page=8
Armored Fighting Vehicles	23642741011	9	https://www.amazon.com/s?rh=n:23642741011&fs=true&page=9
Armored Fighting Vehicles	23642741011	10	https://www.amazon.com/s?rh=n:23642741011&fs=true&page=10
Boats	23642721011	1	https://www.amazon.com/s?rh=n:23642721011&fs=true&page=1
Boats	23642721011	2	https://www.amazon.com/s?rh=n:23642721011&fs=true&page=2
Boats	23642721011	3	https://www.amazon.com/s?rh=n:23642721011&fs=true&page=3
Boats	23642721011	4	https://www.amazon.com/s?rh=n:23642721011&fs=true&page=4
Boats	23642721011	5	https://www.amazon.com/s?rh=n:23642721011&fs=true&page=5
Boats	23642721011	6	https://www.amazon.com/s?rh=n:23642721011&fs=true&page=6
Boats	23642721011	7	https://www.amazon.com/s?rh=n:23642721011&fs=true&page=7
Boats	23642721011	8	https://www.amazon.com/s?rh=n:23642721011&fs=true&page=8
Boats	23642721011	9	https://www.amazon.com/s?rh=n:23642721011&fs=true&page=9
Boats	23642721011	10	https://www.amazon.com/s?rh=n:23642721011&fs=true&page=10
Buses	23642744011	1	https://www.amazon.com/s?rh=n:23642744011&fs=true&page=1
Buses	23642744011	2	https://www.amazon.com/s?rh=n:23642744011&fs=true&page=2
Buses	23642744011	3	https://www.amazon.com/s?rh=n:23642744011&fs=true&page=3
Buses	23642744011	4	https://www.amazon.com/s?rh=n:23642744011&fs=true&page=4
Buses	23642744011	5	https://www.amazon.com/s?rh=n:23642744011&fs=true&page=5
Buses	23642744011	6	https://www.amazon.com/s?rh=n:23642744011&fs=true&page=6
Buses	23642744011	7	https://www.amazon.com/s?rh=n:23642744011&fs=true&page=7
Buses	23642744011	8	https://www.amazon.com/s?rh=n:23642744011&fs=true&page=8
Buses	23642744011	9	https://www.amazon.com/s?rh=n:23642744011&fs=true&page=9
Buses	23642744011	10	https://www.amazon.com/s?rh=n:23642744011&fs=true&page=10
Construction Vehicles	23627233011	1	https://www.amazon.com/s?rh=n:23627233011&fs=true&page=1
Construction Vehicles	23627233011	2	https://www.amazon.com/s?rh=n:23627233011&fs=true&page=2
Construction Vehicles	23627233011	3	https://www.amazon.com/s?rh=n:23627233011&fs=true&page=3
Construction Vehicles	23627233011	4	https://www.amazon.com/s?rh=n:23627233011&fs=true&page=4
Construction Vehicles	23627233011	5	https://www.amazon.com/s?rh=n:23627233011&fs=true&page=5
Construction Vehicles	23627233011	6	https://www.amazon.com/s?rh=n:23627233011&fs=true&page=6
Construction Vehicles	23627233011	7	https://www.amazon.com/s?rh=n:23627233011&fs=true&page=7
Construction Vehicles	23627233011	8	https://www.amazon.com/s?rh=n:23627233011&fs=true&page=8
Construction Vehicles	23627233011	9	https://www.amazon.com/s?rh=n:23627233011&fs=true&page=9
Construction Vehicles	23627233011	10	https://www.amazon.com/s?rh=n:23627233011&fs=true&page=10
Crawlers	23642743011	1	https://www.amazon.com/s?rh=n:23642743011&fs=true&page=1
Crawlers	23642743011	2	https://www.amazon.com/s?rh=n:23642743011&fs=true&page=2
Crawlers	23642743011	3	https://www.amazon.com/s?rh=n:23642743011&fs=true&page=3
Crawlers	23642743011	4	https://www.amazon.com/s?rh=n:23642743011&fs=true&page=4
Crawlers	23642743011	5	https://www.amazon.com/s?rh=n:23642743011&fs=true&page=5
Crawlers	23642743011	6	https://www.amazon.com/s?rh=n:23642743011&fs=true&page=6
Crawlers	23642743011	7	https://www.amazon.com/s?rh=n:23642743011&fs=true&page=7
Crawlers	23642743011	8	https://www.amazon.com/s?rh=n:23642743011&fs=true&page=8
Crawlers	23642743011	9	https://www.amazon.com/s?rh=n:23642743011&fs=true&page=9
Crawlers	23642743011	10	https://www.amazon.com/s?rh=n:23642743011&fs=true&page=10
Cars & Race Cars	23627234011	1	https://www.amazon.com/s?rh=n:23627234011&fs=true&page=1
Cars & Race Cars	23627234011	2	https://www.amazon.com/s?rh=n:23627234011&fs=true&page=2
Cars & Race Cars	23627234011	3	https://www.amazon.com/s?rh=n:23627234011&fs=true&page=3
Cars & Race Cars	23627234011	4	https://www.amazon.com/s?rh=n:23627234011&fs=true&page=4
Cars & Race Cars	23627234011	5	https://www.amazon.com/s?rh=n:23627234011&fs=true&page=5
Cars & Race Cars	23627234011	6	https://www.amazon.com/s?rh=n:23627234011&fs=true&page=6
Cars & Race Cars	23627234011	7	https://www.amazon.com/s?rh=n:23627234011&fs=true&page=7
Cars & Race Cars	23627234011	8	https://www.amazon.com/s?rh=n:23627234011&fs=true&page=8
Cars & Race Cars	23627234011	9	https://www.amazon.com/s?rh=n:23627234011&fs=true&page=9
Cars & Race Cars	23627234011	10	https://www.amazon.com/s?rh=n:23627234011&fs=true&page=10
Finger Boards & Finger Bikes	166029011	1	https://www.amazon.com/s?rh=n:166029011&fs=true&page=1
Finger Boards & Finger Bikes	166029011	2	https://www.amazon.com/s?rh=n:166029011&fs=true&page=2
Finger Boards & Finger Bikes	166029011	3	https://www.amazon.com/s?rh=n:166029011&fs=true&page=3
Finger Boards & Finger Bikes	166029011	4	https://www.amazon.com/s?rh=n:166029011&fs=true&page=4
Finger Boards & Finger Bikes	166029011	5	https://www.amazon.com/s?rh=n:166029011&fs=true&page=5
Finger Boards & Finger Bikes	166029011	6	https://www.amazon.com/s?rh=n:166029011&fs=true&page=6
Finger Boards & Finger Bikes	166029011	7	https://www.amazon.com/s?rh=n:166029011&fs=true&page=7
Finger Boards & Finger Bikes	166029011	8	https://www.amazon.com/s?rh=n:166029011&fs=true&page=8
Finger Boards & Finger Bikes	166029011	9	https://www.amazon.com/s?rh=n:166029011&fs=true&page=9
Finger Boards & Finger Bikes	166029011	10	https://www.amazon.com/s?rh=n:166029011&fs=true&page=10
Helicopters	23642763011	1	https://www.amazon.com/s?rh=n:23642763011&fs=true&page=1
Helicopters	23642763011	2	https://www.amazon.com/s?rh=n:23642763011&fs=true&page=2
Helicopters	23642763011	3	https://www.amazon.com/s?rh=n:23642763011&fs=true&page=3
Helicopters	23642763011	4	https://www.amazon.com/s?rh=n:23642763011&fs=true&page=4
Helicopters	23642763011	5	https://www.amazon.com/s?rh=n:23642763011&fs=true&page=5
Helicopters	23642763011	6	https://www.amazon.com/s?rh=n:23642763011&fs=true&page=6
Helicopters	23642763011	7	https://www.amazon.com/s?rh=n:23642763011&fs=true&page=7
Helicopters	23642763011	8	https://www.amazon.com/s?rh=n:23642763011&fs=true&page=8
Helicopters	23642763011	9	https://www.amazon.com/s?rh=n:23642763011&fs=true&page=9
Helicopters	23642763011	10	https://www.amazon.com/s?rh=n:23642763011&fs=true&page=10
Hovercrafts	23642723011	1	https://www.amazon.com/s?rh=n:23642723011&fs=true&page=1
Hovercrafts	23642723011	2	https://www.amazon.com/s?rh=n:23642723011&fs=true&page=2
Hovercrafts	23642723011	3	https://www.amazon.com/s?rh=n:23642723011&fs=true&page=3
Hovercrafts	23642723011	4	https://www.amazon.com/s?rh=n:23642723011&fs=true&page=4
Hovercrafts	23642723011	5	https://www.amazon.com/s?rh=n:23642723011&fs=true&page=5
Hovercrafts	23642723011	6	https://www.amazon.com/s?rh=n:23642723011&fs=true&page=6
Hovercrafts	23642723011	7	https://www.amazon.com/s?rh=n:23642723011&fs=true&page=7
Hovercrafts	23642723011	8	https://www.amazon.com/s?rh=n:23642723011&fs=true&page=8
Hovercrafts	23642723011	9	https://www.amazon.com/s?rh=n:23642723011&fs=true&page=9
Hovercrafts	23642723011	10	https://www.amazon.com/s?rh=n:23642723011&fs=true&page=10
Motorcycles	23627236011	1	https://www.amazon.com/s?rh=n:23627236011&fs=true&page=1
Motorcycles	23627236011	2	https://www.amazon.com/s?rh=n:23627236011&fs=true&page=2
Motorcycles	23627236011	3	https://www.amazon.com/s?rh=n:23627236011&fs=true&page=3
Motorcycles	23627236011	4	https://www.amazon.com/s?rh=n:23627236011&fs=true&page=4
Motorcycles	23627236011	5	https://www.amazon.com/s?rh=n:23627236011&fs=true&page=5
Motorcycles	23627236011	6	https://www.amazon.com/s?rh=n:23627236011&fs=true&page=6
Motorcycles	23627236011	7	https://www.amazon.com/s?rh=n:23627236011&fs=true&page=7
Motorcycles	23627236011	8	https://www.amazon.com/s?rh=n:23627236011&fs=true&page=8
Motorcycles	23627236011	9	https://www.amazon.com/s?rh=n:23627236011&fs=true&page=9
Motorcycles	23627236011	10	https://www.amazon.com/s?rh=n:23627236011&fs=true&page=10
Rockets	23642725011	1	https://www.amazon.com/s?rh=n:23642725011&fs=true&page=1
Rockets	23642725011	2	https://www.amazon.com/s?rh=n:23642725011&fs=true&page=2
Rockets	23642725011	3	https://www.amazon.com/s?rh=n:23642725011&fs=true&page=3
Rockets	23642725011	4	https://www.amazon.com/s?rh=n:23642725011&fs=true&page=4
Rockets	23642725011	5	https://www.amazon.com/s?rh=n:23642725011&fs=true&page=5
Rockets	23642725011	6	https://www.amazon.com/s?rh=n:23642725011&fs=true&page=6
Rockets	23642725011	7	https://www.amazon.com/s?rh=n:23642725011&fs=true&page=7
Rockets	23642725011	8	https://www.amazon.com/s?rh=n:23642725011&fs=true&page=8
Rockets	23642725011	9	https://www.amazon.com/s?rh=n:23642725011&fs=true&page=9
Rockets	23642725011	10	https://www.amazon.com/s?rh=n:23642725011&fs=true&page=10
Scooters	23642745011	1	https://www.amazon.com/s?rh=n:23642745011&fs=true&page=1
Scooters	23642745011	2	https://www.amazon.com/s?rh=n:23642745011&fs=true&page=2
Scooters	23642745011	3	https://www.amazon.com/s?rh=n:23642745011&fs=true&page=3
Scooters	23642745011	4	https://www.amazon.com/s?rh=n:23642745011&fs=true&page=4
Scooters	23642745011	5	https://www.amazon.com/s?rh=n:23642745011&fs=true&page=5
Scooters	23642745011	6	https://www.amazon.com/s?rh=n:23642745011&fs=true&page=6
Scooters	23642745011	7	https://www.amazon.com/s?rh=n:23642745011&fs=true&page=7
Scooters	23642745011	8	https://www.amazon.com/s?rh=n:23642745011&fs=true&page=8
Scooters	23642745011	9	https://www.amazon.com/s?rh=n:23642745011&fs=true&page=9
Scooters	23642745011	10	https://www.amazon.com/s?rh=n:23642745011&fs=true&page=10
Slot Cars, Race Tracks & Accessories	2519971011	1	https://www.amazon.com/s?rh=n:2519971011&fs=true&page=1
Slot Cars, Race Tracks & Accessories	2519971011	2	https://www.amazon.com/s?rh=n:2519971011&fs=true&page=2
Slot Cars, Race Tracks & Accessories	2519971011	3	https://www.amazon.com/s?rh=n:2519971011&fs=true&page=3
Slot Cars, Race Tracks & Accessories	2519971011	4	https://www.amazon.com/s?rh=n:2519971011&fs=true&page=4
Slot Cars, Race Tracks & Accessories	2519971011	5	https://www.amazon.com/s?rh=n:2519971011&fs=true&page=5
Slot Cars, Race Tracks & Accessories	2519971011	6	https://www.amazon.com/s?rh=n:2519971011&fs=true&page=6
Slot Cars, Race Tracks & Accessories	2519971011	7	https://www.amazon.com/s?rh=n:2519971011&fs=true&page=7
Slot Cars, Race Tracks & Accessories	2519971011	8	https://www.amazon.com/s?rh=n:2519971011&fs=true&page=8
Slot Cars, Race Tracks & Accessories	2519971011	9	https://www.amazon.com/s?rh=n:2519971011&fs=true&page=9
Slot Cars, Race Tracks & Accessories	2519971011	10	https://www.amazon.com/s?rh=n:2519971011&fs=true&page=10
Spaceships	23642724011	1	https://www.amazon.com/s?rh=n:23642724011&fs=true&page=1
Spaceships	23642724011	2	https://www.amazon.com/s?rh=n:23642724011&fs=true&page=2
Spaceships	23642724011	3	https://www.amazon.com/s?rh=n:23642724011&fs=true&page=3
Spaceships	23642724011	4	https://www.amazon.com/s?rh=n:23642724011&fs=true&page=4
Spaceships	23642724011	5	https://www.amazon.com/s?rh=n:23642724011&fs=true&page=5
Spaceships	23642724011	6	https://www.amazon.com/s?rh=n:23642724011&fs=true&page=6
Spaceships	23642724011	7	https://www.amazon.com/s?rh=n:23642724011&fs=true&page=7
Spaceships	23642724011	8	https://www.amazon.com/s?rh=n:23642724011&fs=true&page=8
Spaceships	23642724011	9	https://www.amazon.com/s?rh=n:23642724011&fs=true&page=9
Spaceships	23642724011	10	https://www.amazon.com/s?rh=n:23642724011&fs=true&page=10
Submarines	23642722011	1	https://www.amazon.com/s?rh=n:23642722011&fs=true&page=1
Submarines	23642722011	2	https://www.amazon.com/s?rh=n:23642722011&fs=true&page=2
Submarines	23642722011	3	https://www.amazon.com/s?rh=n:23642722011&fs=true&page=3
Submarines	23642722011	4	https://www.amazon.com/s?rh=n:23642722011&fs=true&page=4
Submarines	23642722011	5	https://www.amazon.com/s?rh=n:23642722011&fs=true&page=5
Submarines	23642722011	6	https://www.amazon.com/s?rh=n:23642722011&fs=true&page=6
Submarines	23642722011	7	https://www.amazon.com/s?rh=n:23642722011&fs=true&page=7
Submarines	23642722011	8	https://www.amazon.com/s?rh=n:23642722011&fs=true&page=8
Submarines	23642722011	9	https://www.amazon.com/s?rh=n:23642722011&fs=true&page=9
Submarines	23642722011	10	https://www.amazon.com/s?rh=n:23642722011&fs=true&page=10
Tractors	23642747011	1	https://www.amazon.com/s?rh=n:23642747011&fs=true&page=1
Tractors	23642747011	2	https://www.amazon.com/s?rh=n:23642747011&fs=true&page=2
Tractors	23642747011	3	https://www.amazon.com/s?rh=n:23642747011&fs=true&page=3
Tractors	23642747011	4	https://www.amazon.com/s?rh=n:23642747011&fs=true&page=4
Tractors	23642747011	5	https://www.amazon.com/s?rh=n:23642747011&fs=true&page=5
Tractors	23642747011	6	https://www.amazon.com/s?rh=n:23642747011&fs=true&page=6
Tractors	23642747011	7	https://www.amazon.com/s?rh=n:23642747011&fs=true&page=7
Tractors	23642747011	8	https://www.amazon.com/s?rh=n:23642747011&fs=true&page=8
Tractors	23642747011	9	https://www.amazon.com/s?rh=n:23642747011&fs=true&page=9
Tractors	23642747011	10	https://www.amazon.com/s?rh=n:23642747011&fs=true&page=10
Trains & Trams	23627229011	1	https://www.amazon.com/s?rh=n:23627229011&fs=true&page=1
Trains & Trams	23627229011	2	https://www.amazon.com/s?rh=n:23627229011&fs=true&page=2
Trains & Trams	23627229011	3	https://www.amazon.com/s?rh=n:23627229011&fs=true&page=3
Trains & Trams	23627229011	4	https://www.amazon.com/s?rh=n:23627229011&fs=true&page=4
Trains & Trams	23627229011	5	https://www.amazon.com/s?rh=n:23627229011&fs=true&page=5
Trains & Trams	23627229011	6	https://www.amazon.com/s?rh=n:23627229011&fs=true&page=6
Trains & Trams	23627229011	7	https://www.amazon.com/s?rh=n:23627229011&fs=true&page=7
Trains & Trams	23627229011	8	https://www.amazon.com/s?rh=n:23627229011&fs=true&page=8
Trains & Trams	23627229011	9	https://www.amazon.com/s?rh=n:23627229011&fs=true&page=9
Trains & Trams	23627229011	10	https://www.amazon.com/s?rh=n:23627229011&fs=true&page=10
Trucks	23627232011	1	https://www.amazon.com/s?rh=n:23627232011&fs=true&page=1
Trucks	23627232011	2	https://www.amazon.com/s?rh=n:23627232011&fs=true&page=2
Trucks	23627232011	3	https://www.amazon.com/s?rh=n:23627232011&fs=true&page=3
Trucks	23627232011	4	https://www.amazon.com/s?rh=n:23627232011&fs=true&page=4
Trucks	23627232011	5	https://www.amazon.com/s?rh=n:23627232011&fs=true&page=5
Trucks	23627232011	6	https://www.amazon.com/s?rh=n:23627232011&fs=true&page=6
Trucks	23627232011	7	https://www.amazon.com/s?rh=n:23627232011&fs=true&page=7
Trucks	23627232011	8	https://www.amazon.com/s?rh=n:23627232011&fs=true&page=8
Trucks	23627232011	9	https://www.amazon.com/s?rh=n:23627232011&fs=true&page=9
Trucks	23627232011	10	https://www.amazon.com/s?rh=n:23627232011&fs=true&page=10
Vehicle Playsets	166626011	1	https://www.amazon.com/s?rh=n:166626011&fs=true&page=1
Vehicle Playsets	166626011	2	https://www.amazon.com/s?rh=n:166626011&fs=true&page=2
Vehicle Playsets	166626011	3	https://www.amazon.com/s?rh=n:166626011&fs=true&page=3
Vehicle Playsets	166626011	4	https://www.amazon.com/s?rh=n:166626011&fs=true&page=4
Vehicle Playsets	166626011	5	https://www.amazon.com/s?rh=n:166626011&fs=true&page=5
Vehicle Playsets	166626011	6	https://www.amazon.com/s?rh=n:166626011&fs=true&page=6
Vehicle Playsets	166626011	7	https://www.amazon.com/s?rh=n:166626011&fs=true&page=7
Vehicle Playsets	166626011	8	https://www.amazon.com/s?rh=n:166626011&fs=true&page=8
Vehicle Playsets	166626011	9	https://www.amazon.com/s?rh=n:166626011&fs=true&page=9
Vehicle Playsets	166626011	10	https://www.amazon.com/s?rh=n:166626011&fs=true&page=10
Decorations	274320011	1	https://www.amazon.com/s?rh=n:274320011&fs=true&page=1
Decorations	274320011	2	https://www.amazon.com/s?rh=n:274320011&fs=true&page=2
Decorations	274320011	3	https://www.amazon.com/s?rh=n:274320011&fs=true&page=3
Decorations	274320011	4	https://www.amazon.com/s?rh=n:274320011&fs=true&page=4
Decorations	274320011	5	https://www.amazon.com/s?rh=n:274320011&fs=true&page=5
Decorations	274320011	6	https://www.amazon.com/s?rh=n:274320011&fs=true&page=6
Decorations	274320011	7	https://www.amazon.com/s?rh=n:274320011&fs=true&page=7
Decorations	274320011	8	https://www.amazon.com/s?rh=n:274320011&fs=true&page=8
Decorations	274320011	9	https://www.amazon.com/s?rh=n:274320011&fs=true&page=9
Decorations	274320011	10	https://www.amazon.com/s?rh=n:274320011&fs=true&page=10
Headwear	274325011	1	https://www.amazon.com/s?rh=n:274325011&fs=true&page=1
Headwear	274325011	2	https://www.amazon.com/s?rh=n:274325011&fs=true&page=2
Headwear	274325011	3	https://www.amazon.com/s?rh=n:274325011&fs=true&page=3
Headwear	274325011	4	https://www.amazon.com/s?rh=n:274325011&fs=true&page=4
Headwear	274325011	5	https://www.amazon.com/s?rh=n:274325011&fs=true&page=5
Headwear	274325011	6	https://www.amazon.com/s?rh=n:274325011&fs=true&page=6
Headwear	274325011	7	https://www.amazon.com/s?rh=n:274325011&fs=true&page=7
Headwear	274325011	8	https://www.amazon.com/s?rh=n:274325011&fs=true&page=8
Headwear	274325011	9	https://www.amazon.com/s?rh=n:274325011&fs=true&page=9
Headwear	274325011	10	https://www.amazon.com/s?rh=n:274325011&fs=true&page=10
Noisemakers	166042011	1	https://www.amazon.com/s?rh=n:166042011&fs=true&page=1
Noisemakers	166042011	2	https://www.amazon.com/s?rh=n:166042011&fs=true&page=2
Noisemakers	166042011	3	https://www.amazon.com/s?rh=n:166042011&fs=true&page=3
Noisemakers	166042011	4	https://www.amazon.com/s?rh=n:166042011&fs=true&page=4
Noisemakers	166042011	5	https://www.amazon.com/s?rh=n:166042011&fs=true&page=5
Noisemakers	166042011	6	https://www.amazon.com/s?rh=n:166042011&fs=true&page=6
Noisemakers	166042011	7	https://www.amazon.com/s?rh=n:166042011&fs=true&page=7
Noisemakers	166042011	8	https://www.amazon.com/s?rh=n:166042011&fs=true&page=8
Noisemakers	166042011	9	https://www.amazon.com/s?rh=n:166042011&fs=true&page=9
Noisemakers	166042011	10	https://www.amazon.com/s?rh=n:166042011&fs=true&page=10
Party Favors	166044011	1	https://www.amazon.com/s?rh=n:166044011&fs=true&page=1
Party Favors	166044011	2	https://www.amazon.com/s?rh=n:166044011&fs=true&page=2
Party Favors	166044011	3	https://www.amazon.com/s?rh=n:166044011&fs=true&page=3
Party Favors	166044011	4	https://www.amazon.com/s?rh=n:166044011&fs=true&page=4
Party Favors	166044011	5	https://www.amazon.com/s?rh=n:166044011&fs=true&page=5
Party Favors	166044011	6	https://www.amazon.com/s?rh=n:166044011&fs=true&page=6
Party Favors	166044011	7	https://www.amazon.com/s?rh=n:166044011&fs=true&page=7
Party Favors	166044011	8	https://www.amazon.com/s?rh=n:166044011&fs=true&page=8
Party Favors	166044011	9	https://www.amazon.com/s?rh=n:166044011&fs=true&page=9
Party Favors	166044011	10	https://www.amazon.com/s?rh=n:166044011&fs=true&page=10
Party Tableware	274330011	1	https://www.amazon.com/s?rh=n:274330011&fs=true&page=1
Party Tableware	274330011	2	https://www.amazon.com/s?rh=n:274330011&fs=true&page=2
Party Tableware	274330011	3	https://www.amazon.com/s?rh=n:274330011&fs=true&page=3
Party Tableware	274330011	4	https://www.amazon.com/s?rh=n:274330011&fs=true&page=4
Party Tableware	274330011	5	https://www.amazon.com/s?rh=n:274330011&fs=true&page=5
Party Tableware	274330011	6	https://www.amazon.com/s?rh=n:274330011&fs=true&page=6
Party Tableware	274330011	7	https://www.amazon.com/s?rh=n:274330011&fs=true&page=7
Party Tableware	274330011	8	https://www.amazon.com/s?rh=n:274330011&fs=true&page=8
Party Tableware	274330011	9	https://www.amazon.com/s?rh=n:274330011&fs=true&page=9
Party Tableware	274330011	10	https://www.amazon.com/s?rh=n:274330011&fs=true&page=10
Piñatas	274329011	1	https://www.amazon.com/s?rh=n:274329011&fs=true&page=1
Piñatas	274329011	2	https://www.amazon.com/s?rh=n:274329011&fs=true&page=2
Piñatas	274329011	3	https://www.amazon.com/s?rh=n:274329011&fs=true&page=3
Piñatas	274329011	4	https://www.amazon.com/s?rh=n:274329011&fs=true&page=4
Piñatas	274329011	5	https://www.amazon.com/s?rh=n:274329011&fs=true&page=5
Piñatas	274329011	6	https://www.amazon.com/s?rh=n:274329011&fs=true&page=6
Piñatas	274329011	7	https://www.amazon.com/s?rh=n:274329011&fs=true&page=7
Piñatas	274329011	8	https://www.amazon.com/s?rh=n:274329011&fs=true&page=8
Piñatas	274329011	9	https://www.amazon.com/s?rh=n:274329011&fs=true&page=9
Piñatas	274329011	10	https://www.amazon.com/s?rh=n:274329011&fs=true&page=10
Pools & Water Toys	166437011	1	https://www.amazon.com/s?rh=n:166437011&fs=true&page=1
Pools & Water Toys	166437011	2	https://www.amazon.com/s?rh=n:166437011&fs=true&page=2
Pools & Water Toys	166437011	3	https://www.amazon.com/s?rh=n:166437011&fs=true&page=3
Pools & Water Toys	166437011	4	https://www.amazon.com/s?rh=n:166437011&fs=true&page=4
Pools & Water Toys	166437011	5	https://www.amazon.com/s?rh=n:166437011&fs=true&page=5
Pools & Water Toys	166437011	6	https://www.amazon.com/s?rh=n:166437011&fs=true&page=6
Pools & Water Toys	166437011	7	https://www.amazon.com/s?rh=n:166437011&fs=true&page=7
Pools & Water Toys	166437011	8	https://www.amazon.com/s?rh=n:166437011&fs=true&page=8
Pools & Water Toys	166437011	9	https://www.amazon.com/s?rh=n:166437011&fs=true&page=9
Pools & Water Toys	166437011	10	https://www.amazon.com/s?rh=n:166437011&fs=true&page=10
Tablecovers	2528083011	1	https://www.amazon.com/s?rh=n:2528083011&fs=true&page=1
Tablecovers	2528083011	2	https://www.amazon.com/s?rh=n:2528083011&fs=true&page=2
Tablecovers	2528083011	3	https://www.amazon.com/s?rh=n:2528083011&fs=true&page=3
Tablecovers	2528083011	4	https://www.amazon.com/s?rh=n:2528083011&fs=true&page=4
Tablecovers	2528083011	5	https://www.amazon.com/s?rh=n:2528083011&fs=true&page=5
Tablecovers	2528083011	6	https://www.amazon.com/s?rh=n:2528083011&fs=true&page=6
Tablecovers	2528083011	7	https://www.amazon.com/s?rh=n:2528083011&fs=true&page=7
Tablecovers	2528083011	8	https://www.amazon.com/s?rh=n:2528083011&fs=true&page=8
Tablecovers	2528083011	9	https://www.amazon.com/s?rh=n:2528083011&fs=true&page=9
Tablecovers	2528083011	10	https://www.amazon.com/s?rh=n:2528083011&fs=true&page=10
Centerpieces	2528084011	1	https://www.amazon.com/s?rh=n:2528084011&fs=true&page=1
Centerpieces	2528084011	2	https://www.amazon.com/s?rh=n:2528084011&fs=true&page=2
Centerpieces	2528084011	3	https://www.amazon.com/s?rh=n:2528084011&fs=true&page=3
Centerpieces	2528084011	4	https://www.amazon.com/s?rh=n:2528084011&fs=true&page=4
Centerpieces	2528084011	5	https://www.amazon.com/s?rh=n:2528084011&fs=true&page=5
Centerpieces	2528084011	6	https://www.amazon.com/s?rh=n:2528084011&fs=true&page=6
Centerpieces	2528084011	7	https://www.amazon.com/s?rh=n:2528084011&fs=true&page=7
Centerpieces	2528084011	8	https://www.amazon.com/s?rh=n:2528084011&fs=true&page=8
Centerpieces	2528084011	9	https://www.amazon.com/s?rh=n:2528084011&fs=true&page=9
Centerpieces	2528084011	10	https://www.amazon.com/s?rh=n:2528084011&fs=true&page=10
Accessories & Parts	15706581	1	https://www.amazon.com/s?rh=n:15706581&fs=true&page=1
Accessories & Parts	15706581	2	https://www.amazon.com/s?rh=n:15706581&fs=true&page=2
Accessories & Parts	15706581	3	https://www.amazon.com/s?rh=n:15706581&fs=true&page=3
Accessories & Parts	15706581	4	https://www.amazon.com/s?rh=n:15706581&fs=true&page=4
Accessories & Parts	15706581	5	https://www.amazon.com/s?rh=n:15706581&fs=true&page=5
Accessories & Parts	15706581	6	https://www.amazon.com/s?rh=n:15706581&fs=true&page=6
Accessories & Parts	15706581	7	https://www.amazon.com/s?rh=n:15706581&fs=true&page=7
Accessories & Parts	15706581	8	https://www.amazon.com/s?rh=n:15706581&fs=true&page=8
Accessories & Parts	15706581	9	https://www.amazon.com/s?rh=n:15706581&fs=true&page=9
Accessories & Parts	15706581	10	https://www.amazon.com/s?rh=n:15706581&fs=true&page=10
Transmission & Drive Train	15723911	1	https://www.amazon.com/s?rh=n:15723911&fs=true&page=1
Transmission & Drive Train	15723911	2	https://www.amazon.com/s?rh=n:15723911&fs=true&page=2
Transmission & Drive Train	15723911	3	https://www.amazon.com/s?rh=n:15723911&fs=true&page=3
Transmission & Drive Train	15723911	4	https://www.amazon.com/s?rh=n:15723911&fs=true&page=4
Transmission & Drive Train	15723911	5	https://www.amazon.com/s?rh=n:15723911&fs=true&page=5
Transmission & Drive Train	15723911	6	https://www.amazon.com/s?rh=n:15723911&fs=true&page=6
Transmission & Drive Train	15723911	7	https://www.amazon.com/s?rh=n:15723911&fs=true&page=7
Transmission & Drive Train	15723911	8	https://www.amazon.com/s?rh=n:15723911&fs=true&page=8
Transmission & Drive Train	15723911	9	https://www.amazon.com/s?rh=n:15723911&fs=true&page=9
Transmission & Drive Train	15723911	10	https://www.amazon.com/s?rh=n:15723911&fs=true&page=10
Air Compressors & Inflators	155346011	1	https://www.amazon.com/s?rh=n:155346011&fs=true&page=1
Air Compressors & Inflators	155346011	2	https://www.amazon.com/s?rh=n:155346011&fs=true&page=2
Air Compressors & Inflators	155346011	3	https://www.amazon.com/s?rh=n:155346011&fs=true&page=3
Air Compressors & Inflators	155346011	4	https://www.amazon.com/s?rh=n:155346011&fs=true&page=4
Air Compressors & Inflators	155346011	5	https://www.amazon.com/s?rh=n:155346011&fs=true&page=5
Air Compressors & Inflators	155346011	6	https://www.amazon.com/s?rh=n:155346011&fs=true&page=6
Air Compressors & Inflators	155346011	7	https://www.amazon.com/s?rh=n:155346011&fs=true&page=7
Air Compressors & Inflators	155346011	8	https://www.amazon.com/s?rh=n:155346011&fs=true&page=8
Air Compressors & Inflators	155346011	9	https://www.amazon.com/s?rh=n:155346011&fs=true&page=9
Air Compressors & Inflators	155346011	10	https://www.amazon.com/s?rh=n:155346011&fs=true&page=10
Air Conditioning Tools & Equipment	15706951	1	https://www.amazon.com/s?rh=n:15706951&fs=true&page=1
Air Conditioning Tools & Equipment	15706951	2	https://www.amazon.com/s?rh=n:15706951&fs=true&page=2
Air Conditioning Tools & Equipment	15706951	3	https://www.amazon.com/s?rh=n:15706951&fs=true&page=3
Air Conditioning Tools & Equipment	15706951	4	https://www.amazon.com/s?rh=n:15706951&fs=true&page=4
Air Conditioning Tools & Equipment	15706951	5	https://www.amazon.com/s?rh=n:15706951&fs=true&page=5
Air Conditioning Tools & Equipment	15706951	6	https://www.amazon.com/s?rh=n:15706951&fs=true&page=6
Air Conditioning Tools & Equipment	15706951	7	https://www.amazon.com/s?rh=n:15706951&fs=true&page=7
Air Conditioning Tools & Equipment	15706951	8	https://www.amazon.com/s?rh=n:15706951&fs=true&page=8
Air Conditioning Tools & Equipment	15706951	9	https://www.amazon.com/s?rh=n:15706951&fs=true&page=9
Air Conditioning Tools & Equipment	15706951	10	https://www.amazon.com/s?rh=n:15706951&fs=true&page=10
Alignment Tools	15724031	1	https://www.amazon.com/s?rh=n:15724031&fs=true&page=1
Alignment Tools	15724031	2	https://www.amazon.com/s?rh=n:15724031&fs=true&page=2
Alignment Tools	15724031	3	https://www.amazon.com/s?rh=n:15724031&fs=true&page=3
Alignment Tools	15724031	4	https://www.amazon.com/s?rh=n:15724031&fs=true&page=4
Alignment Tools	15724031	5	https://www.amazon.com/s?rh=n:15724031&fs=true&page=5
Alignment Tools	15724031	6	https://www.amazon.com/s?rh=n:15724031&fs=true&page=6
Alignment Tools	15724031	7	https://www.amazon.com/s?rh=n:15724031&fs=true&page=7
Alignment Tools	15724031	8	https://www.amazon.com/s?rh=n:15724031&fs=true&page=8
Alignment Tools	15724031	9	https://www.amazon.com/s?rh=n:15724031&fs=true&page=9
Alignment Tools	15724031	10	https://www.amazon.com/s?rh=n:15724031&fs=true&page=10
Brake Tools	15707291	1	https://www.amazon.com/s?rh=n:15707291&fs=true&page=1
Brake Tools	15707291	2	https://www.amazon.com/s?rh=n:15707291&fs=true&page=2
Brake Tools	15707291	3	https://www.amazon.com/s?rh=n:15707291&fs=true&page=3
Brake Tools	15707291	4	https://www.amazon.com/s?rh=n:15707291&fs=true&page=4
Brake Tools	15707291	5	https://www.amazon.com/s?rh=n:15707291&fs=true&page=5
Brake Tools	15707291	6	https://www.amazon.com/s?rh=n:15707291&fs=true&page=6
Brake Tools	15707291	7	https://www.amazon.com/s?rh=n:15707291&fs=true&page=7
Brake Tools	15707291	8	https://www.amazon.com/s?rh=n:15707291&fs=true&page=8
Brake Tools	15707291	9	https://www.amazon.com/s?rh=n:15707291&fs=true&page=9
Brake Tools	15707291	10	https://www.amazon.com/s?rh=n:15707291&fs=true&page=10
Bushing Tools	3097824011	1	https://www.amazon.com/s?rh=n:3097824011&fs=true&page=1
Bushing Tools	3097824011	2	https://www.amazon.com/s?rh=n:3097824011&fs=true&page=2
Bushing Tools	3097824011	3	https://www.amazon.com/s?rh=n:3097824011&fs=true&page=3
Bushing Tools	3097824011	4	https://www.amazon.com/s?rh=n:3097824011&fs=true&page=4
Bushing Tools	3097824011	5	https://www.amazon.com/s?rh=n:3097824011&fs=true&page=5
Bushing Tools	3097824011	6	https://www.amazon.com/s?rh=n:3097824011&fs=true&page=6
Bushing Tools	3097824011	7	https://www.amazon.com/s?rh=n:3097824011&fs=true&page=7
Bushing Tools	3097824011	8	https://www.amazon.com/s?rh=n:3097824011&fs=true&page=8
Bushing Tools	3097824011	9	https://www.amazon.com/s?rh=n:3097824011&fs=true&page=9
Bushing Tools	3097824011	10	https://www.amazon.com/s?rh=n:3097824011&fs=true&page=10
Cooling & Water Pump Tools	15707341	1	https://www.amazon.com/s?rh=n:15707341&fs=true&page=1
Cooling & Water Pump Tools	15707341	2	https://www.amazon.com/s?rh=n:15707341&fs=true&page=2
Cooling & Water Pump Tools	15707341	3	https://www.amazon.com/s?rh=n:15707341&fs=true&page=3
Cooling & Water Pump Tools	15707341	4	https://www.amazon.com/s?rh=n:15707341&fs=true&page=4
Cooling & Water Pump Tools	15707341	5	https://www.amazon.com/s?rh=n:15707341&fs=true&page=5
Cooling & Water Pump Tools	15707341	6	https://www.amazon.com/s?rh=n:15707341&fs=true&page=6
Cooling & Water Pump Tools	15707341	7	https://www.amazon.com/s?rh=n:15707341&fs=true&page=7
Cooling & Water Pump Tools	15707341	8	https://www.amazon.com/s?rh=n:15707341&fs=true&page=8
Cooling & Water Pump Tools	15707341	9	https://www.amazon.com/s?rh=n:15707341&fs=true&page=9
Cooling & Water Pump Tools	15707341	10	https://www.amazon.com/s?rh=n:15707341&fs=true&page=10
Diagnostic, Test & Measurement Tools	19366729011	1	https://www.amazon.com/s?rh=n:19366729011&fs=true&page=1
Diagnostic, Test & Measurement Tools	19366729011	2	https://www.amazon.com/s?rh=n:19366729011&fs=true&page=2
Diagnostic, Test & Measurement Tools	19366729011	3	https://www.amazon.com/s?rh=n:19366729011&fs=true&page=3
Diagnostic, Test & Measurement Tools	19366729011	4	https://www.amazon.com/s?rh=n:19366729011&fs=true&page=4
Diagnostic, Test & Measurement Tools	19366729011	5	https://www.amazon.com/s?rh=n:19366729011&fs=true&page=5
Diagnostic, Test & Measurement Tools	19366729011	6	https://www.amazon.com/s?rh=n:19366729011&fs=true&page=6
Diagnostic, Test & Measurement Tools	19366729011	7	https://www.amazon.com/s?rh=n:19366729011&fs=true&page=7
Diagnostic, Test & Measurement Tools	19366729011	8	https://www.amazon.com/s?rh=n:19366729011&fs=true&page=8
Diagnostic, Test & Measurement Tools	19366729011	9	https://www.amazon.com/s?rh=n:19366729011&fs=true&page=9
Diagnostic, Test & Measurement Tools	19366729011	10	https://www.amazon.com/s?rh=n:19366729011&fs=true&page=10
Drive Train Tools	15707521	1	https://www.amazon.com/s?rh=n:15707521&fs=true&page=1
Drive Train Tools	15707521	2	https://www.amazon.com/s?rh=n:15707521&fs=true&page=2
Drive Train Tools	15707521	3	https://www.amazon.com/s?rh=n:15707521&fs=true&page=3
Drive Train Tools	15707521	4	https://www.amazon.com/s?rh=n:15707521&fs=true&page=4
Drive Train Tools	15707521	5	https://www.amazon.com/s?rh=n:15707521&fs=true&page=5
Drive Train Tools	15707521	6	https://www.amazon.com/s?rh=n:15707521&fs=true&page=6
Drive Train Tools	15707521	7	https://www.amazon.com/s?rh=n:15707521&fs=true&page=7
Drive Train Tools	15707521	8	https://www.amazon.com/s?rh=n:15707521&fs=true&page=8
Drive Train Tools	15707521	9	https://www.amazon.com/s?rh=n:15707521&fs=true&page=9
Drive Train Tools	15707521	10	https://www.amazon.com/s?rh=n:15707521&fs=true&page=10
Electrical System Tools	15707531	1	https://www.amazon.com/s?rh=n:15707531&fs=true&page=1
Electrical System Tools	15707531	2	https://www.amazon.com/s?rh=n:15707531&fs=true&page=2
Electrical System Tools	15707531	3	https://www.amazon.com/s?rh=n:15707531&fs=true&page=3
Electrical System Tools	15707531	4	https://www.amazon.com/s?rh=n:15707531&fs=true&page=4
Electrical System Tools	15707531	5	https://www.amazon.com/s?rh=n:15707531&fs=true&page=5
Electrical System Tools	15707531	6	https://www.amazon.com/s?rh=n:15707531&fs=true&page=6
Electrical System Tools	15707531	7	https://www.amazon.com/s?rh=n:15707531&fs=true&page=7
Electrical System Tools	15707531	8	https://www.amazon.com/s?rh=n:15707531&fs=true&page=8
Electrical System Tools	15707531	9	https://www.amazon.com/s?rh=n:15707531&fs=true&page=9
Electrical System Tools	15707531	10	https://www.amazon.com/s?rh=n:15707531&fs=true&page=10
Engine Tools	15707541	1	https://www.amazon.com/s?rh=n:15707541&fs=true&page=1
Engine Tools	15707541	2	https://www.amazon.com/s?rh=n:15707541&fs=true&page=2
Engine Tools	15707541	3	https://www.amazon.com/s?rh=n:15707541&fs=true&page=3
Engine Tools	15707541	4	https://www.amazon.com/s?rh=n:15707541&fs=true&page=4
Engine Tools	15707541	5	https://www.amazon.com/s?rh=n:15707541&fs=true&page=5
Engine Tools	15707541	6	https://www.amazon.com/s?rh=n:15707541&fs=true&page=6
Engine Tools	15707541	7	https://www.amazon.com/s?rh=n:15707541&fs=true&page=7
Engine Tools	15707541	8	https://www.amazon.com/s?rh=n:15707541&fs=true&page=8
Engine Tools	15707541	9	https://www.amazon.com/s?rh=n:15707541&fs=true&page=9
Engine Tools	15707541	10	https://www.amazon.com/s?rh=n:15707541&fs=true&page=10
Flywheel Locks	15707631	1	https://www.amazon.com/s?rh=n:15707631&fs=true&page=1
Flywheel Locks	15707631	2	https://www.amazon.com/s?rh=n:15707631&fs=true&page=2
Flywheel Locks	15707631	3	https://www.amazon.com/s?rh=n:15707631&fs=true&page=3
Flywheel Locks	15707631	4	https://www.amazon.com/s?rh=n:15707631&fs=true&page=4
Flywheel Locks	15707631	5	https://www.amazon.com/s?rh=n:15707631&fs=true&page=5
Flywheel Locks	15707631	6	https://www.amazon.com/s?rh=n:15707631&fs=true&page=6
Flywheel Locks	15707631	7	https://www.amazon.com/s?rh=n:15707631&fs=true&page=7
Flywheel Locks	15707631	8	https://www.amazon.com/s?rh=n:15707631&fs=true&page=8
Flywheel Locks	15707631	9	https://www.amazon.com/s?rh=n:15707631&fs=true&page=9
Flywheel Locks	15707631	10	https://www.amazon.com/s?rh=n:15707631&fs=true&page=10
Fuel System Tools	15707641	1	https://www.amazon.com/s?rh=n:15707641&fs=true&page=1
Fuel System Tools	15707641	2	https://www.amazon.com/s?rh=n:15707641&fs=true&page=2
Fuel System Tools	15707641	3	https://www.amazon.com/s?rh=n:15707641&fs=true&page=3
Fuel System Tools	15707641	4	https://www.amazon.com/s?rh=n:15707641&fs=true&page=4
Fuel System Tools	15707641	5	https://www.amazon.com/s?rh=n:15707641&fs=true&page=5
Fuel System Tools	15707641	6	https://www.amazon.com/s?rh=n:15707641&fs=true&page=6
Fuel System Tools	15707641	7	https://www.amazon.com/s?rh=n:15707641&fs=true&page=7
Fuel System Tools	15707641	8	https://www.amazon.com/s?rh=n:15707641&fs=true&page=8
Fuel System Tools	15707641	9	https://www.amazon.com/s?rh=n:15707641&fs=true&page=9
Fuel System Tools	15707641	10	https://www.amazon.com/s?rh=n:15707641&fs=true&page=10
Garage & Shop	15707701	1	https://www.amazon.com/s?rh=n:15707701&fs=true&page=1
Garage & Shop	15707701	2	https://www.amazon.com/s?rh=n:15707701&fs=true&page=2
Garage & Shop	15707701	3	https://www.amazon.com/s?rh=n:15707701&fs=true&page=3
Garage & Shop	15707701	4	https://www.amazon.com/s?rh=n:15707701&fs=true&page=4
Garage & Shop	15707701	5	https://www.amazon.com/s?rh=n:15707701&fs=true&page=5
Garage & Shop	15707701	6	https://www.amazon.com/s?rh=n:15707701&fs=true&page=6
Garage & Shop	15707701	7	https://www.amazon.com/s?rh=n:15707701&fs=true&page=7
Garage & Shop	15707701	8	https://www.amazon.com/s?rh=n:15707701&fs=true&page=8
Garage & Shop	15707701	9	https://www.amazon.com/s?rh=n:15707701&fs=true&page=9
Garage & Shop	15707701	10	https://www.amazon.com/s?rh=n:15707701&fs=true&page=10
Hand Tools	15708141	1	https://www.amazon.com/s?rh=n:15708141&fs=true&page=1
Hand Tools	15708141	2	https://www.amazon.com/s?rh=n:15708141&fs=true&page=2
Hand Tools	15708141	3	https://www.amazon.com/s?rh=n:15708141&fs=true&page=3
Hand Tools	15708141	4	https://www.amazon.com/s?rh=n:15708141&fs=true&page=4
Hand Tools	15708141	5	https://www.amazon.com/s?rh=n:15708141&fs=true&page=5
Hand Tools	15708141	6	https://www.amazon.com/s?rh=n:15708141&fs=true&page=6
Hand Tools	15708141	7	https://www.amazon.com/s?rh=n:15708141&fs=true&page=7
Hand Tools	15708141	8	https://www.amazon.com/s?rh=n:15708141&fs=true&page=8
Hand Tools	15708141	9	https://www.amazon.com/s?rh=n:15708141&fs=true&page=9
Hand Tools	15708141	10	https://www.amazon.com/s?rh=n:15708141&fs=true&page=10
Hose Repair Kits	15708661	1	https://www.amazon.com/s?rh=n:15708661&fs=true&page=1
Hose Repair Kits	15708661	2	https://www.amazon.com/s?rh=n:15708661&fs=true&page=2
Hose Repair Kits	15708661	3	https://www.amazon.com/s?rh=n:15708661&fs=true&page=3
Hose Repair Kits	15708661	4	https://www.amazon.com/s?rh=n:15708661&fs=true&page=4
Hose Repair Kits	15708661	5	https://www.amazon.com/s?rh=n:15708661&fs=true&page=5
Hose Repair Kits	15708661	6	https://www.amazon.com/s?rh=n:15708661&fs=true&page=6
Hose Repair Kits	15708661	7	https://www.amazon.com/s?rh=n:15708661&fs=true&page=7
Hose Repair Kits	15708661	8	https://www.amazon.com/s?rh=n:15708661&fs=true&page=8
Hose Repair Kits	15708661	9	https://www.amazon.com/s?rh=n:15708661&fs=true&page=9
Hose Repair Kits	15708661	10	https://www.amazon.com/s?rh=n:15708661&fs=true&page=10
Impact Wrenches	552820	1	https://www.amazon.com/s?rh=n:552820&fs=true&page=1
Impact Wrenches	552820	2	https://www.amazon.com/s?rh=n:552820&fs=true&page=2
Impact Wrenches	552820	3	https://www.amazon.com/s?rh=n:552820&fs=true&page=3
Impact Wrenches	552820	4	https://www.amazon.com/s?rh=n:552820&fs=true&page=4
Impact Wrenches	552820	5	https://www.amazon.com/s?rh=n:552820&fs=true&page=5
Impact Wrenches	552820	6	https://www.amazon.com/s?rh=n:552820&fs=true&page=6
Impact Wrenches	552820	7	https://www.amazon.com/s?rh=n:552820&fs=true&page=7
Impact Wrenches	552820	8	https://www.amazon.com/s?rh=n:552820&fs=true&page=8
Impact Wrenches	552820	9	https://www.amazon.com/s?rh=n:552820&fs=true&page=9
Impact Wrenches	552820	10	https://www.amazon.com/s?rh=n:552820&fs=true&page=10
Jump Starters, Battery Chargers & Portable Power	387679011	1	https://www.amazon.com/s?rh=n:387679011&fs=true&page=1
Jump Starters, Battery Chargers & Portable Power	387679011	2	https://www.amazon.com/s?rh=n:387679011&fs=true&page=2
Jump Starters, Battery Chargers & Portable Power	387679011	3	https://www.amazon.com/s?rh=n:387679011&fs=true&page=3
Jump Starters, Battery Chargers & Portable Power	387679011	4	https://www.amazon.com/s?rh=n:387679011&fs=true&page=4
Jump Starters, Battery Chargers & Portable Power	387679011	5	https://www.amazon.com/s?rh=n:387679011&fs=true&page=5
Jump Starters, Battery Chargers & Portable Power	387679011	6	https://www.amazon.com/s?rh=n:387679011&fs=true&page=6
Jump Starters, Battery Chargers & Portable Power	387679011	7	https://www.amazon.com/s?rh=n:387679011&fs=true&page=7
Jump Starters, Battery Chargers & Portable Power	387679011	8	https://www.amazon.com/s?rh=n:387679011&fs=true&page=8
Jump Starters, Battery Chargers & Portable Power	387679011	9	https://www.amazon.com/s?rh=n:387679011&fs=true&page=9
Jump Starters, Battery Chargers & Portable Power	387679011	10	https://www.amazon.com/s?rh=n:387679011&fs=true&page=10
Lockout Kits	15708701	1	https://www.amazon.com/s?rh=n:15708701&fs=true&page=1
Lockout Kits	15708701	2	https://www.amazon.com/s?rh=n:15708701&fs=true&page=2
Lockout Kits	15708701	3	https://www.amazon.com/s?rh=n:15708701&fs=true&page=3
Lockout Kits	15708701	4	https://www.amazon.com/s?rh=n:15708701&fs=true&page=4
Lockout Kits	15708701	5	https://www.amazon.com/s?rh=n:15708701&fs=true&page=5
Lockout Kits	15708701	6	https://www.amazon.com/s?rh=n:15708701&fs=true&page=6
Lockout Kits	15708701	7	https://www.amazon.com/s?rh=n:15708701&fs=true&page=7
Lockout Kits	15708701	8	https://www.amazon.com/s?rh=n:15708701&fs=true&page=8
Lockout Kits	15708701	9	https://www.amazon.com/s?rh=n:15708701&fs=true&page=9
Lockout Kits	15708701	10	https://www.amazon.com/s?rh=n:15708701&fs=true&page=10
Muffler Tools	15707621	1	https://www.amazon.com/s?rh=n:15707621&fs=true&page=1
Muffler Tools	15707621	2	https://www.amazon.com/s?rh=n:15707621&fs=true&page=2
Muffler Tools	15707621	3	https://www.amazon.com/s?rh=n:15707621&fs=true&page=3
Muffler Tools	15707621	4	https://www.amazon.com/s?rh=n:15707621&fs=true&page=4
Muffler Tools	15707621	5	https://www.amazon.com/s?rh=n:15707621&fs=true&page=5
Muffler Tools	15707621	6	https://www.amazon.com/s?rh=n:15707621&fs=true&page=6
Muffler Tools	15707621	7	https://www.amazon.com/s?rh=n:15707621&fs=true&page=7
Muffler Tools	15707621	8	https://www.amazon.com/s?rh=n:15707621&fs=true&page=8
Muffler Tools	15707621	9	https://www.amazon.com/s?rh=n:15707621&fs=true&page=9
Muffler Tools	15707621	10	https://www.amazon.com/s?rh=n:15707621&fs=true&page=10
Oil System Tools	15708801	1	https://www.amazon.com/s?rh=n:15708801&fs=true&page=1
Oil System Tools	15708801	2	https://www.amazon.com/s?rh=n:15708801&fs=true&page=2
Oil System Tools	15708801	3	https://www.amazon.com/s?rh=n:15708801&fs=true&page=3
Oil System Tools	15708801	4	https://www.amazon.com/s?rh=n:15708801&fs=true&page=4
Oil System Tools	15708801	5	https://www.amazon.com/s?rh=n:15708801&fs=true&page=5
Oil System Tools	15708801	6	https://www.amazon.com/s?rh=n:15708801&fs=true&page=6
Oil System Tools	15708801	7	https://www.amazon.com/s?rh=n:15708801&fs=true&page=7
Oil System Tools	15708801	8	https://www.amazon.com/s?rh=n:15708801&fs=true&page=8
Oil System Tools	15708801	9	https://www.amazon.com/s?rh=n:15708801&fs=true&page=9
Oil System Tools	15708801	10	https://www.amazon.com/s?rh=n:15708801&fs=true&page=10
Oxygen Sensor Removers	15708831	1	https://www.amazon.com/s?rh=n:15708831&fs=true&page=1
Oxygen Sensor Removers	15708831	2	https://www.amazon.com/s?rh=n:15708831&fs=true&page=2
Oxygen Sensor Removers	15708831	3	https://www.amazon.com/s?rh=n:15708831&fs=true&page=3
Oxygen Sensor Removers	15708831	4	https://www.amazon.com/s?rh=n:15708831&fs=true&page=4
Oxygen Sensor Removers	15708831	5	https://www.amazon.com/s?rh=n:15708831&fs=true&page=5
Oxygen Sensor Removers	15708831	6	https://www.amazon.com/s?rh=n:15708831&fs=true&page=6
Oxygen Sensor Removers	15708831	7	https://www.amazon.com/s?rh=n:15708831&fs=true&page=7
Oxygen Sensor Removers	15708831	8	https://www.amazon.com/s?rh=n:15708831&fs=true&page=8
Oxygen Sensor Removers	15708831	9	https://www.amazon.com/s?rh=n:15708831&fs=true&page=9
Oxygen Sensor Removers	15708831	10	https://www.amazon.com/s?rh=n:15708831&fs=true&page=10
Parts Washers	15708841	1	https://www.amazon.com/s?rh=n:15708841&fs=true&page=1
Parts Washers	15708841	2	https://www.amazon.com/s?rh=n:15708841&fs=true&page=2
Parts Washers	15708841	3	https://www.amazon.com/s?rh=n:15708841&fs=true&page=3
Parts Washers	15708841	4	https://www.amazon.com/s?rh=n:15708841&fs=true&page=4
Parts Washers	15708841	5	https://www.amazon.com/s?rh=n:15708841&fs=true&page=5
Parts Washers	15708841	6	https://www.amazon.com/s?rh=n:15708841&fs=true&page=6
Parts Washers	15708841	7	https://www.amazon.com/s?rh=n:15708841&fs=true&page=7
Parts Washers	15708841	8	https://www.amazon.com/s?rh=n:15708841&fs=true&page=8
Parts Washers	15708841	9	https://www.amazon.com/s?rh=n:15708841&fs=true&page=9
Parts Washers	15708841	10	https://www.amazon.com/s?rh=n:15708841&fs=true&page=10
Pullers	15708851	1	https://www.amazon.com/s?rh=n:15708851&fs=true&page=1
Pullers	15708851	2	https://www.amazon.com/s?rh=n:15708851&fs=true&page=2
Pullers	15708851	3	https://www.amazon.com/s?rh=n:15708851&fs=true&page=3
Pullers	15708851	4	https://www.amazon.com/s?rh=n:15708851&fs=true&page=4
Pullers	15708851	5	https://www.amazon.com/s?rh=n:15708851&fs=true&page=5
Pullers	15708851	6	https://www.amazon.com/s?rh=n:15708851&fs=true&page=6
Pullers	15708851	7	https://www.amazon.com/s?rh=n:15708851&fs=true&page=7
Pullers	15708851	8	https://www.amazon.com/s?rh=n:15708851&fs=true&page=8
Pullers	15708851	9	https://www.amazon.com/s?rh=n:15708851&fs=true&page=9
Pullers	15708851	10	https://www.amazon.com/s?rh=n:15708851&fs=true&page=10
Steering & Suspension Tools	15708931	1	https://www.amazon.com/s?rh=n:15708931&fs=true&page=1
Steering & Suspension Tools	15708931	2	https://www.amazon.com/s?rh=n:15708931&fs=true&page=2
Steering & Suspension Tools	15708931	3	https://www.amazon.com/s?rh=n:15708931&fs=true&page=3
Steering & Suspension Tools	15708931	4	https://www.amazon.com/s?rh=n:15708931&fs=true&page=4
Steering & Suspension Tools	15708931	5	https://www.amazon.com/s?rh=n:15708931&fs=true&page=5
Steering & Suspension Tools	15708931	6	https://www.amazon.com/s?rh=n:15708931&fs=true&page=6
Steering & Suspension Tools	15708931	7	https://www.amazon.com/s?rh=n:15708931&fs=true&page=7
Steering & Suspension Tools	15708931	8	https://www.amazon.com/s?rh=n:15708931&fs=true&page=8
Steering & Suspension Tools	15708931	9	https://www.amazon.com/s?rh=n:15708931&fs=true&page=9
Steering & Suspension Tools	15708931	10	https://www.amazon.com/s?rh=n:15708931&fs=true&page=10
Spark Plug & Ignition Tools	15708921	1	https://www.amazon.com/s?rh=n:15708921&fs=true&page=1
Spark Plug & Ignition Tools	15708921	2	https://www.amazon.com/s?rh=n:15708921&fs=true&page=2
Spark Plug & Ignition Tools	15708921	3	https://www.amazon.com/s?rh=n:15708921&fs=true&page=3
Spark Plug & Ignition Tools	15708921	4	https://www.amazon.com/s?rh=n:15708921&fs=true&page=4
Spark Plug & Ignition Tools	15708921	5	https://www.amazon.com/s?rh=n:15708921&fs=true&page=5
Spark Plug & Ignition Tools	15708921	6	https://www.amazon.com/s?rh=n:15708921&fs=true&page=6
Spark Plug & Ignition Tools	15708921	7	https://www.amazon.com/s?rh=n:15708921&fs=true&page=7
Spark Plug & Ignition Tools	15708921	8	https://www.amazon.com/s?rh=n:15708921&fs=true&page=8
Spark Plug & Ignition Tools	15708921	9	https://www.amazon.com/s?rh=n:15708921&fs=true&page=9
Spark Plug & Ignition Tools	15708921	10	https://www.amazon.com/s?rh=n:15708921&fs=true&page=10
Riveters	15708911	1	https://www.amazon.com/s?rh=n:15708911&fs=true&page=1
Riveters	15708911	2	https://www.amazon.com/s?rh=n:15708911&fs=true&page=2
Riveters	15708911	3	https://www.amazon.com/s?rh=n:15708911&fs=true&page=3
Riveters	15708911	4	https://www.amazon.com/s?rh=n:15708911&fs=true&page=4
Riveters	15708911	5	https://www.amazon.com/s?rh=n:15708911&fs=true&page=5
Riveters	15708911	6	https://www.amazon.com/s?rh=n:15708911&fs=true&page=6
Riveters	15708911	7	https://www.amazon.com/s?rh=n:15708911&fs=true&page=7
Riveters	15708911	8	https://www.amazon.com/s?rh=n:15708911&fs=true&page=8
Riveters	15708911	9	https://www.amazon.com/s?rh=n:15708911&fs=true&page=9
Riveters	15708911	10	https://www.amazon.com/s?rh=n:15708911&fs=true&page=10
Strut Compressors	15709061	1	https://www.amazon.com/s?rh=n:15709061&fs=true&page=1
Strut Compressors	15709061	2	https://www.amazon.com/s?rh=n:15709061&fs=true&page=2
Strut Compressors	15709061	3	https://www.amazon.com/s?rh=n:15709061&fs=true&page=3
Strut Compressors	15709061	4	https://www.amazon.com/s?rh=n:15709061&fs=true&page=4
Strut Compressors	15709061	5	https://www.amazon.com/s?rh=n:15709061&fs=true&page=5
Strut Compressors	15709061	6	https://www.amazon.com/s?rh=n:15709061&fs=true&page=6
Strut Compressors	15709061	7	https://www.amazon.com/s?rh=n:15709061&fs=true&page=7
Strut Compressors	15709061	8	https://www.amazon.com/s?rh=n:15709061&fs=true&page=8
Strut Compressors	15709061	9	https://www.amazon.com/s?rh=n:15709061&fs=true&page=9
Strut Compressors	15709061	10	https://www.amazon.com/s?rh=n:15709061&fs=true&page=10
Thread Repair Kits	15709071	1	https://www.amazon.com/s?rh=n:15709071&fs=true&page=1
Thread Repair Kits	15709071	2	https://www.amazon.com/s?rh=n:15709071&fs=true&page=2
Thread Repair Kits	15709071	3	https://www.amazon.com/s?rh=n:15709071&fs=true&page=3
Thread Repair Kits	15709071	4	https://www.amazon.com/s?rh=n:15709071&fs=true&page=4
Thread Repair Kits	15709071	5	https://www.amazon.com/s?rh=n:15709071&fs=true&page=5
Thread Repair Kits	15709071	6	https://www.amazon.com/s?rh=n:15709071&fs=true&page=6
Thread Repair Kits	15709071	7	https://www.amazon.com/s?rh=n:15709071&fs=true&page=7
Thread Repair Kits	15709071	8	https://www.amazon.com/s?rh=n:15709071&fs=true&page=8
Thread Repair Kits	15709071	9	https://www.amazon.com/s?rh=n:15709071&fs=true&page=9
Thread Repair Kits	15709071	10	https://www.amazon.com/s?rh=n:15709071&fs=true&page=10
Tool Trays	15709201	1	https://www.amazon.com/s?rh=n:15709201&fs=true&page=1
Tool Trays	15709201	2	https://www.amazon.com/s?rh=n:15709201&fs=true&page=2
Tool Trays	15709201	3	https://www.amazon.com/s?rh=n:15709201&fs=true&page=3
Tool Trays	15709201	4	https://www.amazon.com/s?rh=n:15709201&fs=true&page=4
Tool Trays	15709201	5	https://www.amazon.com/s?rh=n:15709201&fs=true&page=5
Tool Trays	15709201	6	https://www.amazon.com/s?rh=n:15709201&fs=true&page=6
Tool Trays	15709201	7	https://www.amazon.com/s?rh=n:15709201&fs=true&page=7
Tool Trays	15709201	8	https://www.amazon.com/s?rh=n:15709201&fs=true&page=8
Tool Trays	15709201	9	https://www.amazon.com/s?rh=n:15709201&fs=true&page=9
Tool Trays	15709201	10	https://www.amazon.com/s?rh=n:15709201&fs=true&page=10
Welding Tools	13400481	1	https://www.amazon.com/s?rh=n:13400481&fs=true&page=1
Welding Tools	13400481	2	https://www.amazon.com/s?rh=n:13400481&fs=true&page=2
Welding Tools	13400481	3	https://www.amazon.com/s?rh=n:13400481&fs=true&page=3
Welding Tools	13400481	4	https://www.amazon.com/s?rh=n:13400481&fs=true&page=4
Welding Tools	13400481	5	https://www.amazon.com/s?rh=n:13400481&fs=true&page=5
Welding Tools	13400481	6	https://www.amazon.com/s?rh=n:13400481&fs=true&page=6
Welding Tools	13400481	7	https://www.amazon.com/s?rh=n:13400481&fs=true&page=7
Welding Tools	13400481	8	https://www.amazon.com/s?rh=n:13400481&fs=true&page=8
Welding Tools	13400481	9	https://www.amazon.com/s?rh=n:13400481&fs=true&page=9
Welding Tools	13400481	10	https://www.amazon.com/s?rh=n:13400481&fs=true&page=10
Tire & Wheel Tools	15709111	1	https://www.amazon.com/s?rh=n:15709111&fs=true&page=1
Tire & Wheel Tools	15709111	2	https://www.amazon.com/s?rh=n:15709111&fs=true&page=2
Tire & Wheel Tools	15709111	3	https://www.amazon.com/s?rh=n:15709111&fs=true&page=3
Tire & Wheel Tools	15709111	4	https://www.amazon.com/s?rh=n:15709111&fs=true&page=4
Tire & Wheel Tools	15709111	5	https://www.amazon.com/s?rh=n:15709111&fs=true&page=5
Tire & Wheel Tools	15709111	6	https://www.amazon.com/s?rh=n:15709111&fs=true&page=6
Tire & Wheel Tools	15709111	7	https://www.amazon.com/s?rh=n:15709111&fs=true&page=7
Tire & Wheel Tools	15709111	8	https://www.amazon.com/s?rh=n:15709111&fs=true&page=8
Tire & Wheel Tools	15709111	9	https://www.amazon.com/s?rh=n:15709111&fs=true&page=9
Tire & Wheel Tools	15709111	10	https://www.amazon.com/s?rh=n:15709111&fs=true&page=10
Tool Sets	15709191	1	https://www.amazon.com/s?rh=n:15709191&fs=true&page=1
Tool Sets	15709191	2	https://www.amazon.com/s?rh=n:15709191&fs=true&page=2
Tool Sets	15709191	3	https://www.amazon.com/s?rh=n:15709191&fs=true&page=3
Tool Sets	15709191	4	https://www.amazon.com/s?rh=n:15709191&fs=true&page=4
Tool Sets	15709191	5	https://www.amazon.com/s?rh=n:15709191&fs=true&page=5
Tool Sets	15709191	6	https://www.amazon.com/s?rh=n:15709191&fs=true&page=6
Tool Sets	15709191	7	https://www.amazon.com/s?rh=n:15709191&fs=true&page=7
Tool Sets	15709191	8	https://www.amazon.com/s?rh=n:15709191&fs=true&page=8
Tool Sets	15709191	9	https://www.amazon.com/s?rh=n:15709191&fs=true&page=9
Tool Sets	15709191	10	https://www.amazon.com/s?rh=n:15709191&fs=true&page=10
Applicators	15707051	1	https://www.amazon.com/s?rh=n:15707051&fs=true&page=1
Applicators	15707051	2	https://www.amazon.com/s?rh=n:15707051&fs=true&page=2
Applicators	15707051	3	https://www.amazon.com/s?rh=n:15707051&fs=true&page=3
Applicators	15707051	4	https://www.amazon.com/s?rh=n:15707051&fs=true&page=4
Applicators	15707051	5	https://www.amazon.com/s?rh=n:15707051&fs=true&page=5
Applicators	15707051	6	https://www.amazon.com/s?rh=n:15707051&fs=true&page=6
Applicators	15707051	7	https://www.amazon.com/s?rh=n:15707051&fs=true&page=7
Applicators	15707051	8	https://www.amazon.com/s?rh=n:15707051&fs=true&page=8
Applicators	15707051	9	https://www.amazon.com/s?rh=n:15707051&fs=true&page=9
Applicators	15707051	10	https://www.amazon.com/s?rh=n:15707051&fs=true&page=10
Windshield Wiper Tools	15709221	1	https://www.amazon.com/s?rh=n:15709221&fs=true&page=1
Windshield Wiper Tools	15709221	2	https://www.amazon.com/s?rh=n:15709221&fs=true&page=2
Windshield Wiper Tools	15709221	3	https://www.amazon.com/s?rh=n:15709221&fs=true&page=3
Windshield Wiper Tools	15709221	4	https://www.amazon.com/s?rh=n:15709221&fs=true&page=4
Windshield Wiper Tools	15709221	5	https://www.amazon.com/s?rh=n:15709221&fs=true&page=5
Windshield Wiper Tools	15709221	6	https://www.amazon.com/s?rh=n:15709221&fs=true&page=6
Windshield Wiper Tools	15709221	7	https://www.amazon.com/s?rh=n:15709221&fs=true&page=7
Windshield Wiper Tools	15709221	8	https://www.amazon.com/s?rh=n:15709221&fs=true&page=8
Windshield Wiper Tools	15709221	9	https://www.amazon.com/s?rh=n:15709221&fs=true&page=9
Windshield Wiper Tools	15709221	10	https://www.amazon.com/s?rh=n:15709221&fs=true&page=10
Power Tools	551236	1	https://www.amazon.com/s?rh=n:551236&fs=true&page=1
Power Tools	551236	2	https://www.amazon.com/s?rh=n:551236&fs=true&page=2
Power Tools	551236	3	https://www.amazon.com/s?rh=n:551236&fs=true&page=3
Power Tools	551236	4	https://www.amazon.com/s?rh=n:551236&fs=true&page=4
Power Tools	551236	5	https://www.amazon.com/s?rh=n:551236&fs=true&page=5
Power Tools	551236	6	https://www.amazon.com/s?rh=n:551236&fs=true&page=6
Power Tools	551236	7	https://www.amazon.com/s?rh=n:551236&fs=true&page=7
Power Tools	551236	8	https://www.amazon.com/s?rh=n:551236&fs=true&page=8
Power Tools	551236	9	https://www.amazon.com/s?rh=n:551236&fs=true&page=9
Power Tools	551236	10	https://www.amazon.com/s?rh=n:551236&fs=true&page=10
Finger Puppets	166030011	1	https://www.amazon.com/s?rh=n:166030011&fs=true&page=1
Finger Puppets	166030011	2	https://www.amazon.com/s?rh=n:166030011&fs=true&page=2
Finger Puppets	166030011	3	https://www.amazon.com/s?rh=n:166030011&fs=true&page=3
Finger Puppets	166030011	4	https://www.amazon.com/s?rh=n:166030011&fs=true&page=4
Finger Puppets	166030011	5	https://www.amazon.com/s?rh=n:166030011&fs=true&page=5
Finger Puppets	166030011	6	https://www.amazon.com/s?rh=n:166030011&fs=true&page=6
Finger Puppets	166030011	7	https://www.amazon.com/s?rh=n:166030011&fs=true&page=7
Finger Puppets	166030011	8	https://www.amazon.com/s?rh=n:166030011&fs=true&page=8
Finger Puppets	166030011	9	https://www.amazon.com/s?rh=n:166030011&fs=true&page=9
Finger Puppets	166030011	10	https://www.amazon.com/s?rh=n:166030011&fs=true&page=10
Hand Puppets	166335011	1	https://www.amazon.com/s?rh=n:166335011&fs=true&page=1
Hand Puppets	166335011	2	https://www.amazon.com/s?rh=n:166335011&fs=true&page=2
Hand Puppets	166335011	3	https://www.amazon.com/s?rh=n:166335011&fs=true&page=3
Hand Puppets	166335011	4	https://www.amazon.com/s?rh=n:166335011&fs=true&page=4
Hand Puppets	166335011	5	https://www.amazon.com/s?rh=n:166335011&fs=true&page=5
Hand Puppets	166335011	6	https://www.amazon.com/s?rh=n:166335011&fs=true&page=6
Hand Puppets	166335011	7	https://www.amazon.com/s?rh=n:166335011&fs=true&page=7
Hand Puppets	166335011	8	https://www.amazon.com/s?rh=n:166335011&fs=true&page=8
Hand Puppets	166335011	9	https://www.amazon.com/s?rh=n:166335011&fs=true&page=9
Hand Puppets	166335011	10	https://www.amazon.com/s?rh=n:166335011&fs=true&page=10
Plush Puppets	166337011	1	https://www.amazon.com/s?rh=n:166337011&fs=true&page=1
Plush Puppets	166337011	2	https://www.amazon.com/s?rh=n:166337011&fs=true&page=2
Plush Puppets	166337011	3	https://www.amazon.com/s?rh=n:166337011&fs=true&page=3
Plush Puppets	166337011	4	https://www.amazon.com/s?rh=n:166337011&fs=true&page=4
Plush Puppets	166337011	5	https://www.amazon.com/s?rh=n:166337011&fs=true&page=5
Plush Puppets	166337011	6	https://www.amazon.com/s?rh=n:166337011&fs=true&page=6
Plush Puppets	166337011	7	https://www.amazon.com/s?rh=n:166337011&fs=true&page=7
Plush Puppets	166337011	8	https://www.amazon.com/s?rh=n:166337011&fs=true&page=8
Plush Puppets	166337011	9	https://www.amazon.com/s?rh=n:166337011&fs=true&page=9
Plush Puppets	166337011	10	https://www.amazon.com/s?rh=n:166337011&fs=true&page=10
Puppet Theaters	166338011	1	https://www.amazon.com/s?rh=n:166338011&fs=true&page=1
Puppet Theaters	166338011	2	https://www.amazon.com/s?rh=n:166338011&fs=true&page=2
Puppet Theaters	166338011	3	https://www.amazon.com/s?rh=n:166338011&fs=true&page=3
Puppet Theaters	166338011	4	https://www.amazon.com/s?rh=n:166338011&fs=true&page=4
Puppet Theaters	166338011	5	https://www.amazon.com/s?rh=n:166338011&fs=true&page=5
Puppet Theaters	166338011	6	https://www.amazon.com/s?rh=n:166338011&fs=true&page=6
Puppet Theaters	166338011	7	https://www.amazon.com/s?rh=n:166338011&fs=true&page=7
Puppet Theaters	166338011	8	https://www.amazon.com/s?rh=n:166338011&fs=true&page=8
Puppet Theaters	166338011	9	https://www.amazon.com/s?rh=n:166338011&fs=true&page=9
Puppet Theaters	166338011	10	https://www.amazon.com/s?rh=n:166338011&fs=true&page=10
Ventriloquist	166339011	1	https://www.amazon.com/s?rh=n:166339011&fs=true&page=1
Ventriloquist	166339011	2	https://www.amazon.com/s?rh=n:166339011&fs=true&page=2
Ventriloquist	166339011	3	https://www.amazon.com/s?rh=n:166339011&fs=true&page=3
Ventriloquist	166339011	4	https://www.amazon.com/s?rh=n:166339011&fs=true&page=4
Ventriloquist	166339011	5	https://www.amazon.com/s?rh=n:166339011&fs=true&page=5
Ventriloquist	166339011	6	https://www.amazon.com/s?rh=n:166339011&fs=true&page=6
Ventriloquist	166339011	7	https://www.amazon.com/s?rh=n:166339011&fs=true&page=7
Ventriloquist	166339011	8	https://www.amazon.com/s?rh=n:166339011&fs=true&page=8
Ventriloquist	166339011	9	https://www.amazon.com/s?rh=n:166339011&fs=true&page=9
Ventriloquist	166339011	10	https://www.amazon.com/s?rh=n:166339011&fs=true&page=10
Plush Figures	11350121011	1	https://www.amazon.com/s?rh=n:11350121011&fs=true&page=1
Plush Figures	11350121011	2	https://www.amazon.com/s?rh=n:11350121011&fs=true&page=2
Plush Figures	11350121011	3	https://www.amazon.com/s?rh=n:11350121011&fs=true&page=3
Plush Figures	11350121011	4	https://www.amazon.com/s?rh=n:11350121011&fs=true&page=4
Plush Figures	11350121011	5	https://www.amazon.com/s?rh=n:11350121011&fs=true&page=5
Plush Figures	11350121011	6	https://www.amazon.com/s?rh=n:11350121011&fs=true&page=6
Plush Figures	11350121011	7	https://www.amazon.com/s?rh=n:11350121011&fs=true&page=7
Plush Figures	11350121011	8	https://www.amazon.com/s?rh=n:11350121011&fs=true&page=8
Plush Figures	11350121011	9	https://www.amazon.com/s?rh=n:11350121011&fs=true&page=9
Plush Figures	11350121011	10	https://www.amazon.com/s?rh=n:11350121011&fs=true&page=10
Plush Interactive Toy Figures	11350123011	1	https://www.amazon.com/s?rh=n:11350123011&fs=true&page=1
Plush Interactive Toy Figures	11350123011	2	https://www.amazon.com/s?rh=n:11350123011&fs=true&page=2
Plush Interactive Toy Figures	11350123011	3	https://www.amazon.com/s?rh=n:11350123011&fs=true&page=3
Plush Interactive Toy Figures	11350123011	4	https://www.amazon.com/s?rh=n:11350123011&fs=true&page=4
Plush Interactive Toy Figures	11350123011	5	https://www.amazon.com/s?rh=n:11350123011&fs=true&page=5
Plush Interactive Toy Figures	11350123011	6	https://www.amazon.com/s?rh=n:11350123011&fs=true&page=6
Plush Interactive Toy Figures	11350123011	7	https://www.amazon.com/s?rh=n:11350123011&fs=true&page=7
Plush Interactive Toy Figures	11350123011	8	https://www.amazon.com/s?rh=n:11350123011&fs=true&page=8
Plush Interactive Toy Figures	11350123011	9	https://www.amazon.com/s?rh=n:11350123011&fs=true&page=9
Plush Interactive Toy Figures	11350123011	10	https://www.amazon.com/s?rh=n:11350123011&fs=true&page=10
Plush Pillows	2489414011	1	https://www.amazon.com/s?rh=n:2489414011&fs=true&page=1
Plush Pillows	2489414011	2	https://www.amazon.com/s?rh=n:2489414011&fs=true&page=2
Plush Pillows	2489414011	3	https://www.amazon.com/s?rh=n:2489414011&fs=true&page=3
Plush Pillows	2489414011	4	https://www.amazon.com/s?rh=n:2489414011&fs=true&page=4
Plush Pillows	2489414011	5	https://www.amazon.com/s?rh=n:2489414011&fs=true&page=5
Plush Pillows	2489414011	6	https://www.amazon.com/s?rh=n:2489414011&fs=true&page=6
Plush Pillows	2489414011	7	https://www.amazon.com/s?rh=n:2489414011&fs=true&page=7
Plush Pillows	2489414011	8	https://www.amazon.com/s?rh=n:2489414011&fs=true&page=8
Plush Pillows	2489414011	9	https://www.amazon.com/s?rh=n:2489414011&fs=true&page=9
Plush Pillows	2489414011	10	https://www.amazon.com/s?rh=n:2489414011&fs=true&page=10
Plush Purses	19431295011	1	https://www.amazon.com/s?rh=n:19431295011&fs=true&page=1
Plush Purses	19431295011	2	https://www.amazon.com/s?rh=n:19431295011&fs=true&page=2
Plush Purses	19431295011	3	https://www.amazon.com/s?rh=n:19431295011&fs=true&page=3
Plush Purses	19431295011	4	https://www.amazon.com/s?rh=n:19431295011&fs=true&page=4
Plush Purses	19431295011	5	https://www.amazon.com/s?rh=n:19431295011&fs=true&page=5
Plush Purses	19431295011	6	https://www.amazon.com/s?rh=n:19431295011&fs=true&page=6
Plush Purses	19431295011	7	https://www.amazon.com/s?rh=n:19431295011&fs=true&page=7
Plush Purses	19431295011	8	https://www.amazon.com/s?rh=n:19431295011&fs=true&page=8
Plush Purses	19431295011	9	https://www.amazon.com/s?rh=n:19431295011&fs=true&page=9
Plush Purses	19431295011	10	https://www.amazon.com/s?rh=n:19431295011&fs=true&page=10
Plush Toy & Blanket Sets	17874237011	1	https://www.amazon.com/s?rh=n:17874237011&fs=true&page=1
Plush Toy & Blanket Sets	17874237011	2	https://www.amazon.com/s?rh=n:17874237011&fs=true&page=2
Plush Toy & Blanket Sets	17874237011	3	https://www.amazon.com/s?rh=n:17874237011&fs=true&page=3
Plush Toy & Blanket Sets	17874237011	4	https://www.amazon.com/s?rh=n:17874237011&fs=true&page=4
Plush Toy & Blanket Sets	17874237011	5	https://www.amazon.com/s?rh=n:17874237011&fs=true&page=5
Plush Toy & Blanket Sets	17874237011	6	https://www.amazon.com/s?rh=n:17874237011&fs=true&page=6
Plush Toy & Blanket Sets	17874237011	7	https://www.amazon.com/s?rh=n:17874237011&fs=true&page=7
Plush Toy & Blanket Sets	17874237011	8	https://www.amazon.com/s?rh=n:17874237011&fs=true&page=8
Plush Toy & Blanket Sets	17874237011	9	https://www.amazon.com/s?rh=n:17874237011&fs=true&page=9
Plush Toy & Blanket Sets	17874237011	10	https://www.amazon.com/s?rh=n:17874237011&fs=true&page=10
Stuffed Animal Clothing & Accessories	10130802011	1	https://www.amazon.com/s?rh=n:10130802011&fs=true&page=1
Stuffed Animal Clothing & Accessories	10130802011	2	https://www.amazon.com/s?rh=n:10130802011&fs=true&page=2
Stuffed Animal Clothing & Accessories	10130802011	3	https://www.amazon.com/s?rh=n:10130802011&fs=true&page=3
Stuffed Animal Clothing & Accessories	10130802011	4	https://www.amazon.com/s?rh=n:10130802011&fs=true&page=4
Stuffed Animal Clothing & Accessories	10130802011	5	https://www.amazon.com/s?rh=n:10130802011&fs=true&page=5
Stuffed Animal Clothing & Accessories	10130802011	6	https://www.amazon.com/s?rh=n:10130802011&fs=true&page=6
Stuffed Animal Clothing & Accessories	10130802011	7	https://www.amazon.com/s?rh=n:10130802011&fs=true&page=7
Stuffed Animal Clothing & Accessories	10130802011	8	https://www.amazon.com/s?rh=n:10130802011&fs=true&page=8
Stuffed Animal Clothing & Accessories	10130802011	9	https://www.amazon.com/s?rh=n:10130802011&fs=true&page=9
Stuffed Animal Clothing & Accessories	10130802011	10	https://www.amazon.com/s?rh=n:10130802011&fs=true&page=10
Stuffed Animals & Teddy Bears	11350120011	1	https://www.amazon.com/s?rh=n:11350120011&fs=true&page=1
Stuffed Animals & Teddy Bears	11350120011	2	https://www.amazon.com/s?rh=n:11350120011&fs=true&page=2
Stuffed Animals & Teddy Bears	11350120011	3	https://www.amazon.com/s?rh=n:11350120011&fs=true&page=3
Stuffed Animals & Teddy Bears	11350120011	4	https://www.amazon.com/s?rh=n:11350120011&fs=true&page=4
Stuffed Animals & Teddy Bears	11350120011	5	https://www.amazon.com/s?rh=n:11350120011&fs=true&page=5
Stuffed Animals & Teddy Bears	11350120011	6	https://www.amazon.com/s?rh=n:11350120011&fs=true&page=6
Stuffed Animals & Teddy Bears	11350120011	7	https://www.amazon.com/s?rh=n:11350120011&fs=true&page=7
Stuffed Animals & Teddy Bears	11350120011	8	https://www.amazon.com/s?rh=n:11350120011&fs=true&page=8
Stuffed Animals & Teddy Bears	11350120011	9	https://www.amazon.com/s?rh=n:11350120011&fs=true&page=9
Stuffed Animals & Teddy Bears	11350120011	10	https://www.amazon.com/s?rh=n:11350120011&fs=true&page=10
Marionettes	166336011	1	https://www.amazon.com/s?rh=n:166336011&fs=true&page=1
Marionettes	166336011	2	https://www.amazon.com/s?rh=n:166336011&fs=true&page=2
Marionettes	166336011	3	https://www.amazon.com/s?rh=n:166336011&fs=true&page=3
Marionettes	166336011	4	https://www.amazon.com/s?rh=n:166336011&fs=true&page=4
Marionettes	166336011	5	https://www.amazon.com/s?rh=n:166336011&fs=true&page=5
Marionettes	166336011	6	https://www.amazon.com/s?rh=n:166336011&fs=true&page=6
Marionettes	166336011	7	https://www.amazon.com/s?rh=n:166336011&fs=true&page=7
Marionettes	166336011	8	https://www.amazon.com/s?rh=n:166336011&fs=true&page=8
Marionettes	166336011	9	https://www.amazon.com/s?rh=n:166336011&fs=true&page=9
Marionettes	166336011	10	https://www.amazon.com/s?rh=n:166336011&fs=true&page=10
3-D Puzzles	2491829011	1	https://www.amazon.com/s?rh=n:2491829011&fs=true&page=1
3-D Puzzles	2491829011	2	https://www.amazon.com/s?rh=n:2491829011&fs=true&page=2
3-D Puzzles	2491829011	3	https://www.amazon.com/s?rh=n:2491829011&fs=true&page=3
3-D Puzzles	2491829011	4	https://www.amazon.com/s?rh=n:2491829011&fs=true&page=4
3-D Puzzles	2491829011	5	https://www.amazon.com/s?rh=n:2491829011&fs=true&page=5
3-D Puzzles	2491829011	6	https://www.amazon.com/s?rh=n:2491829011&fs=true&page=6
3-D Puzzles	2491829011	7	https://www.amazon.com/s?rh=n:2491829011&fs=true&page=7
3-D Puzzles	2491829011	8	https://www.amazon.com/s?rh=n:2491829011&fs=true&page=8
3-D Puzzles	2491829011	9	https://www.amazon.com/s?rh=n:2491829011&fs=true&page=9
3-D Puzzles	2491829011	10	https://www.amazon.com/s?rh=n:2491829011&fs=true&page=10
Brain Teasers	166360011	1	https://www.amazon.com/s?rh=n:166360011&fs=true&page=1
Brain Teasers	166360011	2	https://www.amazon.com/s?rh=n:166360011&fs=true&page=2
Brain Teasers	166360011	3	https://www.amazon.com/s?rh=n:166360011&fs=true&page=3
Brain Teasers	166360011	4	https://www.amazon.com/s?rh=n:166360011&fs=true&page=4
Brain Teasers	166360011	5	https://www.amazon.com/s?rh=n:166360011&fs=true&page=5
Brain Teasers	166360011	6	https://www.amazon.com/s?rh=n:166360011&fs=true&page=6
Brain Teasers	166360011	7	https://www.amazon.com/s?rh=n:166360011&fs=true&page=7
Brain Teasers	166360011	8	https://www.amazon.com/s?rh=n:166360011&fs=true&page=8
Brain Teasers	166360011	9	https://www.amazon.com/s?rh=n:166360011&fs=true&page=9
Brain Teasers	166360011	10	https://www.amazon.com/s?rh=n:166360011&fs=true&page=10
Floor Puzzles	166361011	1	https://www.amazon.com/s?rh=n:166361011&fs=true&page=1
Floor Puzzles	166361011	2	https://www.amazon.com/s?rh=n:166361011&fs=true&page=2
Floor Puzzles	166361011	3	https://www.amazon.com/s?rh=n:166361011&fs=true&page=3
Floor Puzzles	166361011	4	https://www.amazon.com/s?rh=n:166361011&fs=true&page=4
Floor Puzzles	166361011	5	https://www.amazon.com/s?rh=n:166361011&fs=true&page=5
Floor Puzzles	166361011	6	https://www.amazon.com/s?rh=n:166361011&fs=true&page=6
Floor Puzzles	166361011	7	https://www.amazon.com/s?rh=n:166361011&fs=true&page=7
Floor Puzzles	166361011	8	https://www.amazon.com/s?rh=n:166361011&fs=true&page=8
Floor Puzzles	166361011	9	https://www.amazon.com/s?rh=n:166361011&fs=true&page=9
Floor Puzzles	166361011	10	https://www.amazon.com/s?rh=n:166361011&fs=true&page=10
Jigsaw Puzzles	166363011	1	https://www.amazon.com/s?rh=n:166363011&fs=true&page=1
Jigsaw Puzzles	166363011	2	https://www.amazon.com/s?rh=n:166363011&fs=true&page=2
Jigsaw Puzzles	166363011	3	https://www.amazon.com/s?rh=n:166363011&fs=true&page=3
Jigsaw Puzzles	166363011	4	https://www.amazon.com/s?rh=n:166363011&fs=true&page=4
Jigsaw Puzzles	166363011	5	https://www.amazon.com/s?rh=n:166363011&fs=true&page=5
Jigsaw Puzzles	166363011	6	https://www.amazon.com/s?rh=n:166363011&fs=true&page=6
Jigsaw Puzzles	166363011	7	https://www.amazon.com/s?rh=n:166363011&fs=true&page=7
Jigsaw Puzzles	166363011	8	https://www.amazon.com/s?rh=n:166363011&fs=true&page=8
Jigsaw Puzzles	166363011	9	https://www.amazon.com/s?rh=n:166363011&fs=true&page=9
Jigsaw Puzzles	166363011	10	https://www.amazon.com/s?rh=n:166363011&fs=true&page=10
Puzzle Accessories	166404011	1	https://www.amazon.com/s?rh=n:166404011&fs=true&page=1
Puzzle Accessories	166404011	2	https://www.amazon.com/s?rh=n:166404011&fs=true&page=2
Puzzle Accessories	166404011	3	https://www.amazon.com/s?rh=n:166404011&fs=true&page=3
Puzzle Accessories	166404011	4	https://www.amazon.com/s?rh=n:166404011&fs=true&page=4
Puzzle Accessories	166404011	5	https://www.amazon.com/s?rh=n:166404011&fs=true&page=5
Puzzle Accessories	166404011	6	https://www.amazon.com/s?rh=n:166404011&fs=true&page=6
Puzzle Accessories	166404011	7	https://www.amazon.com/s?rh=n:166404011&fs=true&page=7
Puzzle Accessories	166404011	8	https://www.amazon.com/s?rh=n:166404011&fs=true&page=8
Puzzle Accessories	166404011	9	https://www.amazon.com/s?rh=n:166404011&fs=true&page=9
Puzzle Accessories	166404011	10	https://www.amazon.com/s?rh=n:166404011&fs=true&page=10
Puzzle Play Mats	2522073011	1	https://www.amazon.com/s?rh=n:2522073011&fs=true&page=1
Puzzle Play Mats	2522073011	2	https://www.amazon.com/s?rh=n:2522073011&fs=true&page=2
Puzzle Play Mats	2522073011	3	https://www.amazon.com/s?rh=n:2522073011&fs=true&page=3
Puzzle Play Mats	2522073011	4	https://www.amazon.com/s?rh=n:2522073011&fs=true&page=4
Puzzle Play Mats	2522073011	5	https://www.amazon.com/s?rh=n:2522073011&fs=true&page=5
Puzzle Play Mats	2522073011	6	https://www.amazon.com/s?rh=n:2522073011&fs=true&page=6
Puzzle Play Mats	2522073011	7	https://www.amazon.com/s?rh=n:2522073011&fs=true&page=7
Puzzle Play Mats	2522073011	8	https://www.amazon.com/s?rh=n:2522073011&fs=true&page=8
Puzzle Play Mats	2522073011	9	https://www.amazon.com/s?rh=n:2522073011&fs=true&page=9
Puzzle Play Mats	2522073011	10	https://www.amazon.com/s?rh=n:2522073011&fs=true&page=10
Pegged Puzzles	166403011	1	https://www.amazon.com/s?rh=n:166403011&fs=true&page=1
Pegged Puzzles	166403011	2	https://www.amazon.com/s?rh=n:166403011&fs=true&page=2
Pegged Puzzles	166403011	3	https://www.amazon.com/s?rh=n:166403011&fs=true&page=3
Pegged Puzzles	166403011	4	https://www.amazon.com/s?rh=n:166403011&fs=true&page=4
Pegged Puzzles	166403011	5	https://www.amazon.com/s?rh=n:166403011&fs=true&page=5
Pegged Puzzles	166403011	6	https://www.amazon.com/s?rh=n:166403011&fs=true&page=6
Pegged Puzzles	166403011	7	https://www.amazon.com/s?rh=n:166403011&fs=true&page=7
Pegged Puzzles	166403011	8	https://www.amazon.com/s?rh=n:166403011&fs=true&page=8
Pegged Puzzles	166403011	9	https://www.amazon.com/s?rh=n:166403011&fs=true&page=9
Pegged Puzzles	166403011	10	https://www.amazon.com/s?rh=n:166403011&fs=true&page=10
Sudoku Puzzles	274336011	1	https://www.amazon.com/s?rh=n:274336011&fs=true&page=1
Sudoku Puzzles	274336011	2	https://www.amazon.com/s?rh=n:274336011&fs=true&page=2
Sudoku Puzzles	274336011	3	https://www.amazon.com/s?rh=n:274336011&fs=true&page=3
Sudoku Puzzles	274336011	4	https://www.amazon.com/s?rh=n:274336011&fs=true&page=4
Sudoku Puzzles	274336011	5	https://www.amazon.com/s?rh=n:274336011&fs=true&page=5
Sudoku Puzzles	274336011	6	https://www.amazon.com/s?rh=n:274336011&fs=true&page=6
Sudoku Puzzles	274336011	7	https://www.amazon.com/s?rh=n:274336011&fs=true&page=7
Sudoku Puzzles	274336011	8	https://www.amazon.com/s?rh=n:274336011&fs=true&page=8
Sudoku Puzzles	274336011	9	https://www.amazon.com/s?rh=n:274336011&fs=true&page=9
Sudoku Puzzles	274336011	10	https://www.amazon.com/s?rh=n:274336011&fs=true&page=10
Oil & Lubricants	6925984011	1	https://www.amazon.com/s?rh=n:6925984011&fs=true&page=1
Oil & Lubricants	6925984011	2	https://www.amazon.com/s?rh=n:6925984011&fs=true&page=2
Oil & Lubricants	6925984011	3	https://www.amazon.com/s?rh=n:6925984011&fs=true&page=3
Oil & Lubricants	6925984011	4	https://www.amazon.com/s?rh=n:6925984011&fs=true&page=4
Oil & Lubricants	6925984011	5	https://www.amazon.com/s?rh=n:6925984011&fs=true&page=5
Oil & Lubricants	6925984011	6	https://www.amazon.com/s?rh=n:6925984011&fs=true&page=6
Oil & Lubricants	6925984011	7	https://www.amazon.com/s?rh=n:6925984011&fs=true&page=7
Oil & Lubricants	6925984011	8	https://www.amazon.com/s?rh=n:6925984011&fs=true&page=8
Oil & Lubricants	6925984011	9	https://www.amazon.com/s?rh=n:6925984011&fs=true&page=9
Oil & Lubricants	6925984011	10	https://www.amazon.com/s?rh=n:6925984011&fs=true&page=10
Quadcopters & Multirotors	11608080011	1	https://www.amazon.com/s?rh=n:11608080011&fs=true&page=1
Quadcopters & Multirotors	11608080011	2	https://www.amazon.com/s?rh=n:11608080011&fs=true&page=2
Quadcopters & Multirotors	11608080011	3	https://www.amazon.com/s?rh=n:11608080011&fs=true&page=3
Quadcopters & Multirotors	11608080011	4	https://www.amazon.com/s?rh=n:11608080011&fs=true&page=4
Quadcopters & Multirotors	11608080011	5	https://www.amazon.com/s?rh=n:11608080011&fs=true&page=5
Quadcopters & Multirotors	11608080011	6	https://www.amazon.com/s?rh=n:11608080011&fs=true&page=6
Quadcopters & Multirotors	11608080011	7	https://www.amazon.com/s?rh=n:11608080011&fs=true&page=7
Quadcopters & Multirotors	11608080011	8	https://www.amazon.com/s?rh=n:11608080011&fs=true&page=8
Quadcopters & Multirotors	11608080011	9	https://www.amazon.com/s?rh=n:11608080011&fs=true&page=9
Quadcopters & Multirotors	11608080011	10	https://www.amazon.com/s?rh=n:11608080011&fs=true&page=10
Remote & App Controlled Vehicle Parts	2234126011	1	https://www.amazon.com/s?rh=n:2234126011&fs=true&page=1
Remote & App Controlled Vehicle Parts	2234126011	2	https://www.amazon.com/s?rh=n:2234126011&fs=true&page=2
Remote & App Controlled Vehicle Parts	2234126011	3	https://www.amazon.com/s?rh=n:2234126011&fs=true&page=3
Remote & App Controlled Vehicle Parts	2234126011	4	https://www.amazon.com/s?rh=n:2234126011&fs=true&page=4
Remote & App Controlled Vehicle Parts	2234126011	5	https://www.amazon.com/s?rh=n:2234126011&fs=true&page=5
Remote & App Controlled Vehicle Parts	2234126011	6	https://www.amazon.com/s?rh=n:2234126011&fs=true&page=6
Remote & App Controlled Vehicle Parts	2234126011	7	https://www.amazon.com/s?rh=n:2234126011&fs=true&page=7
Remote & App Controlled Vehicle Parts	2234126011	8	https://www.amazon.com/s?rh=n:2234126011&fs=true&page=8
Remote & App Controlled Vehicle Parts	2234126011	9	https://www.amazon.com/s?rh=n:2234126011&fs=true&page=9
Remote & App Controlled Vehicle Parts	2234126011	10	https://www.amazon.com/s?rh=n:2234126011&fs=true&page=10
Remote & App Controlled Vehicles	166583011	1	https://www.amazon.com/s?rh=n:166583011&fs=true&page=1
Remote & App Controlled Vehicles	166583011	2	https://www.amazon.com/s?rh=n:166583011&fs=true&page=2
Remote & App Controlled Vehicles	166583011	3	https://www.amazon.com/s?rh=n:166583011&fs=true&page=3
Remote & App Controlled Vehicles	166583011	4	https://www.amazon.com/s?rh=n:166583011&fs=true&page=4
Remote & App Controlled Vehicles	166583011	5	https://www.amazon.com/s?rh=n:166583011&fs=true&page=5
Remote & App Controlled Vehicles	166583011	6	https://www.amazon.com/s?rh=n:166583011&fs=true&page=6
Remote & App Controlled Vehicles	166583011	7	https://www.amazon.com/s?rh=n:166583011&fs=true&page=7
Remote & App Controlled Vehicles	166583011	8	https://www.amazon.com/s?rh=n:166583011&fs=true&page=8
Remote & App Controlled Vehicles	166583011	9	https://www.amazon.com/s?rh=n:166583011&fs=true&page=9
Remote & App Controlled Vehicles	166583011	10	https://www.amazon.com/s?rh=n:166583011&fs=true&page=10
Robots	343404011	1	https://www.amazon.com/s?rh=n:343404011&fs=true&page=1
Robots	343404011	2	https://www.amazon.com/s?rh=n:343404011&fs=true&page=2
Robots	343404011	3	https://www.amazon.com/s?rh=n:343404011&fs=true&page=3
Robots	343404011	4	https://www.amazon.com/s?rh=n:343404011&fs=true&page=4
Robots	343404011	5	https://www.amazon.com/s?rh=n:343404011&fs=true&page=5
Robots	343404011	6	https://www.amazon.com/s?rh=n:343404011&fs=true&page=6
Robots	343404011	7	https://www.amazon.com/s?rh=n:343404011&fs=true&page=7
Robots	343404011	8	https://www.amazon.com/s?rh=n:343404011&fs=true&page=8
Robots	343404011	9	https://www.amazon.com/s?rh=n:343404011&fs=true&page=9
Robots	343404011	10	https://www.amazon.com/s?rh=n:343404011&fs=true&page=10
Train Tracks	166619011	1	https://www.amazon.com/s?rh=n:166619011&fs=true&page=1
Train Tracks	166619011	2	https://www.amazon.com/s?rh=n:166619011&fs=true&page=2
Train Tracks	166619011	3	https://www.amazon.com/s?rh=n:166619011&fs=true&page=3
Train Tracks	166619011	4	https://www.amazon.com/s?rh=n:166619011&fs=true&page=4
Train Tracks	166619011	5	https://www.amazon.com/s?rh=n:166619011&fs=true&page=5
Train Tracks	166619011	6	https://www.amazon.com/s?rh=n:166619011&fs=true&page=6
Train Tracks	166619011	7	https://www.amazon.com/s?rh=n:166619011&fs=true&page=7
Train Tracks	166619011	8	https://www.amazon.com/s?rh=n:166619011&fs=true&page=8
Train Tracks	166619011	9	https://www.amazon.com/s?rh=n:166619011&fs=true&page=9
Train Tracks	166619011	10	https://www.amazon.com/s?rh=n:166619011&fs=true&page=10
Fuel	2234137011	1	https://www.amazon.com/s?rh=n:2234137011&fs=true&page=1
Fuel	2234137011	2	https://www.amazon.com/s?rh=n:2234137011&fs=true&page=2
Fuel	2234137011	3	https://www.amazon.com/s?rh=n:2234137011&fs=true&page=3
Fuel	2234137011	4	https://www.amazon.com/s?rh=n:2234137011&fs=true&page=4
Fuel	2234137011	5	https://www.amazon.com/s?rh=n:2234137011&fs=true&page=5
Fuel	2234137011	6	https://www.amazon.com/s?rh=n:2234137011&fs=true&page=6
Fuel	2234137011	7	https://www.amazon.com/s?rh=n:2234137011&fs=true&page=7
Fuel	2234137011	8	https://www.amazon.com/s?rh=n:2234137011&fs=true&page=8
Fuel	2234137011	9	https://www.amazon.com/s?rh=n:2234137011&fs=true&page=9
Fuel	2234137011	10	https://www.amazon.com/s?rh=n:2234137011&fs=true&page=10
Balance Boards	1243730011	1	https://www.amazon.com/s?rh=n:1243730011&fs=true&page=1
Balance Boards	1243730011	2	https://www.amazon.com/s?rh=n:1243730011&fs=true&page=2
Balance Boards	1243730011	3	https://www.amazon.com/s?rh=n:1243730011&fs=true&page=3
Balance Boards	1243730011	4	https://www.amazon.com/s?rh=n:1243730011&fs=true&page=4
Balance Boards	1243730011	5	https://www.amazon.com/s?rh=n:1243730011&fs=true&page=5
Balance Boards	1243730011	6	https://www.amazon.com/s?rh=n:1243730011&fs=true&page=6
Balance Boards	1243730011	7	https://www.amazon.com/s?rh=n:1243730011&fs=true&page=7
Balance Boards	1243730011	8	https://www.amazon.com/s?rh=n:1243730011&fs=true&page=8
Balance Boards	1243730011	9	https://www.amazon.com/s?rh=n:1243730011&fs=true&page=9
Balance Boards	1243730011	10	https://www.amazon.com/s?rh=n:1243730011&fs=true&page=10
Ball Pits & Accessories	166421011	1	https://www.amazon.com/s?rh=n:166421011&fs=true&page=1
Ball Pits & Accessories	166421011	2	https://www.amazon.com/s?rh=n:166421011&fs=true&page=2
Ball Pits & Accessories	166421011	3	https://www.amazon.com/s?rh=n:166421011&fs=true&page=3
Ball Pits & Accessories	166421011	4	https://www.amazon.com/s?rh=n:166421011&fs=true&page=4
Ball Pits & Accessories	166421011	5	https://www.amazon.com/s?rh=n:166421011&fs=true&page=5
Ball Pits & Accessories	166421011	6	https://www.amazon.com/s?rh=n:166421011&fs=true&page=6
Ball Pits & Accessories	166421011	7	https://www.amazon.com/s?rh=n:166421011&fs=true&page=7
Ball Pits & Accessories	166421011	8	https://www.amazon.com/s?rh=n:166421011&fs=true&page=8
Ball Pits & Accessories	166421011	9	https://www.amazon.com/s?rh=n:166421011&fs=true&page=9
Ball Pits & Accessories	166421011	10	https://www.amazon.com/s?rh=n:166421011&fs=true&page=10
Bean Bags & Footbags	166422011	1	https://www.amazon.com/s?rh=n:166422011&fs=true&page=1
Bean Bags & Footbags	166422011	2	https://www.amazon.com/s?rh=n:166422011&fs=true&page=2
Bean Bags & Footbags	166422011	3	https://www.amazon.com/s?rh=n:166422011&fs=true&page=3
Bean Bags & Footbags	166422011	4	https://www.amazon.com/s?rh=n:166422011&fs=true&page=4
Bean Bags & Footbags	166422011	5	https://www.amazon.com/s?rh=n:166422011&fs=true&page=5
Bean Bags & Footbags	166422011	6	https://www.amazon.com/s?rh=n:166422011&fs=true&page=6
Bean Bags & Footbags	166422011	7	https://www.amazon.com/s?rh=n:166422011&fs=true&page=7
Bean Bags & Footbags	166422011	8	https://www.amazon.com/s?rh=n:166422011&fs=true&page=8
Bean Bags & Footbags	166422011	9	https://www.amazon.com/s?rh=n:166422011&fs=true&page=9
Bean Bags & Footbags	166422011	10	https://www.amazon.com/s?rh=n:166422011&fs=true&page=10
Blasters & Foam Play	2327110011	1	https://www.amazon.com/s?rh=n:2327110011&fs=true&page=1
Blasters & Foam Play	2327110011	2	https://www.amazon.com/s?rh=n:2327110011&fs=true&page=2
Blasters & Foam Play	2327110011	3	https://www.amazon.com/s?rh=n:2327110011&fs=true&page=3
Blasters & Foam Play	2327110011	4	https://www.amazon.com/s?rh=n:2327110011&fs=true&page=4
Blasters & Foam Play	2327110011	5	https://www.amazon.com/s?rh=n:2327110011&fs=true&page=5
Blasters & Foam Play	2327110011	6	https://www.amazon.com/s?rh=n:2327110011&fs=true&page=6
Blasters & Foam Play	2327110011	7	https://www.amazon.com/s?rh=n:2327110011&fs=true&page=7
Blasters & Foam Play	2327110011	8	https://www.amazon.com/s?rh=n:2327110011&fs=true&page=8
Blasters & Foam Play	2327110011	9	https://www.amazon.com/s?rh=n:2327110011&fs=true&page=9
Blasters & Foam Play	2327110011	10	https://www.amazon.com/s?rh=n:2327110011&fs=true&page=10
Bubbles	21571225011	1	https://www.amazon.com/s?rh=n:21571225011&fs=true&page=1
Bubbles	21571225011	2	https://www.amazon.com/s?rh=n:21571225011&fs=true&page=2
Bubbles	21571225011	3	https://www.amazon.com/s?rh=n:21571225011&fs=true&page=3
Bubbles	21571225011	4	https://www.amazon.com/s?rh=n:21571225011&fs=true&page=4
Bubbles	21571225011	5	https://www.amazon.com/s?rh=n:21571225011&fs=true&page=5
Bubbles	21571225011	6	https://www.amazon.com/s?rh=n:21571225011&fs=true&page=6
Bubbles	21571225011	7	https://www.amazon.com/s?rh=n:21571225011&fs=true&page=7
Bubbles	21571225011	8	https://www.amazon.com/s?rh=n:21571225011&fs=true&page=8
Bubbles	21571225011	9	https://www.amazon.com/s?rh=n:21571225011&fs=true&page=9
Bubbles	21571225011	10	https://www.amazon.com/s?rh=n:21571225011&fs=true&page=10
Fitness Equipment	166423011	1	https://www.amazon.com/s?rh=n:166423011&fs=true&page=1
Fitness Equipment	166423011	2	https://www.amazon.com/s?rh=n:166423011&fs=true&page=2
Fitness Equipment	166423011	3	https://www.amazon.com/s?rh=n:166423011&fs=true&page=3
Fitness Equipment	166423011	4	https://www.amazon.com/s?rh=n:166423011&fs=true&page=4
Fitness Equipment	166423011	5	https://www.amazon.com/s?rh=n:166423011&fs=true&page=5
Fitness Equipment	166423011	6	https://www.amazon.com/s?rh=n:166423011&fs=true&page=6
Fitness Equipment	166423011	7	https://www.amazon.com/s?rh=n:166423011&fs=true&page=7
Fitness Equipment	166423011	8	https://www.amazon.com/s?rh=n:166423011&fs=true&page=8
Fitness Equipment	166423011	9	https://www.amazon.com/s?rh=n:166423011&fs=true&page=9
Fitness Equipment	166423011	10	https://www.amazon.com/s?rh=n:166423011&fs=true&page=10
Inflatable Bouncers	1258890011	1	https://www.amazon.com/s?rh=n:1258890011&fs=true&page=1
Inflatable Bouncers	1258890011	2	https://www.amazon.com/s?rh=n:1258890011&fs=true&page=2
Inflatable Bouncers	1258890011	3	https://www.amazon.com/s?rh=n:1258890011&fs=true&page=3
Inflatable Bouncers	1258890011	4	https://www.amazon.com/s?rh=n:1258890011&fs=true&page=4
Inflatable Bouncers	1258890011	5	https://www.amazon.com/s?rh=n:1258890011&fs=true&page=5
Inflatable Bouncers	1258890011	6	https://www.amazon.com/s?rh=n:1258890011&fs=true&page=6
Inflatable Bouncers	1258890011	7	https://www.amazon.com/s?rh=n:1258890011&fs=true&page=7
Inflatable Bouncers	1258890011	8	https://www.amazon.com/s?rh=n:1258890011&fs=true&page=8
Inflatable Bouncers	1258890011	9	https://www.amazon.com/s?rh=n:1258890011&fs=true&page=9
Inflatable Bouncers	1258890011	10	https://www.amazon.com/s?rh=n:1258890011&fs=true&page=10
Kites & Wind Spinners	166431011	1	https://www.amazon.com/s?rh=n:166431011&fs=true&page=1
Kites & Wind Spinners	166431011	2	https://www.amazon.com/s?rh=n:166431011&fs=true&page=2
Kites & Wind Spinners	166431011	3	https://www.amazon.com/s?rh=n:166431011&fs=true&page=3
Kites & Wind Spinners	166431011	4	https://www.amazon.com/s?rh=n:166431011&fs=true&page=4
Kites & Wind Spinners	166431011	5	https://www.amazon.com/s?rh=n:166431011&fs=true&page=5
Kites & Wind Spinners	166431011	6	https://www.amazon.com/s?rh=n:166431011&fs=true&page=6
Kites & Wind Spinners	166431011	7	https://www.amazon.com/s?rh=n:166431011&fs=true&page=7
Kites & Wind Spinners	166431011	8	https://www.amazon.com/s?rh=n:166431011&fs=true&page=8
Kites & Wind Spinners	166431011	9	https://www.amazon.com/s?rh=n:166431011&fs=true&page=9
Kites & Wind Spinners	166431011	10	https://www.amazon.com/s?rh=n:166431011&fs=true&page=10
Marble Games	166247011	1	https://www.amazon.com/s?rh=n:166247011&fs=true&page=1
Marble Games	166247011	2	https://www.amazon.com/s?rh=n:166247011&fs=true&page=2
Marble Games	166247011	3	https://www.amazon.com/s?rh=n:166247011&fs=true&page=3
Marble Games	166247011	4	https://www.amazon.com/s?rh=n:166247011&fs=true&page=4
Marble Games	166247011	5	https://www.amazon.com/s?rh=n:166247011&fs=true&page=5
Marble Games	166247011	6	https://www.amazon.com/s?rh=n:166247011&fs=true&page=6
Marble Games	166247011	7	https://www.amazon.com/s?rh=n:166247011&fs=true&page=7
Marble Games	166247011	8	https://www.amazon.com/s?rh=n:166247011&fs=true&page=8
Marble Games	166247011	9	https://www.amazon.com/s?rh=n:166247011&fs=true&page=9
Marble Games	166247011	10	https://www.amazon.com/s?rh=n:166247011&fs=true&page=10
Nature Exploration Toys	2522014011	1	https://www.amazon.com/s?rh=n:2522014011&fs=true&page=1
Nature Exploration Toys	2522014011	2	https://www.amazon.com/s?rh=n:2522014011&fs=true&page=2
Nature Exploration Toys	2522014011	3	https://www.amazon.com/s?rh=n:2522014011&fs=true&page=3
Nature Exploration Toys	2522014011	4	https://www.amazon.com/s?rh=n:2522014011&fs=true&page=4
Nature Exploration Toys	2522014011	5	https://www.amazon.com/s?rh=n:2522014011&fs=true&page=5
Nature Exploration Toys	2522014011	6	https://www.amazon.com/s?rh=n:2522014011&fs=true&page=6
Nature Exploration Toys	2522014011	7	https://www.amazon.com/s?rh=n:2522014011&fs=true&page=7
Nature Exploration Toys	2522014011	8	https://www.amazon.com/s?rh=n:2522014011&fs=true&page=8
Nature Exploration Toys	2522014011	9	https://www.amazon.com/s?rh=n:2522014011&fs=true&page=9
Nature Exploration Toys	2522014011	10	https://www.amazon.com/s?rh=n:2522014011&fs=true&page=10
Outdoor Furniture	166216011	1	https://www.amazon.com/s?rh=n:166216011&fs=true&page=1
Outdoor Furniture	166216011	2	https://www.amazon.com/s?rh=n:166216011&fs=true&page=2
Outdoor Furniture	166216011	3	https://www.amazon.com/s?rh=n:166216011&fs=true&page=3
Outdoor Furniture	166216011	4	https://www.amazon.com/s?rh=n:166216011&fs=true&page=4
Outdoor Furniture	166216011	5	https://www.amazon.com/s?rh=n:166216011&fs=true&page=5
Outdoor Furniture	166216011	6	https://www.amazon.com/s?rh=n:166216011&fs=true&page=6
Outdoor Furniture	166216011	7	https://www.amazon.com/s?rh=n:166216011&fs=true&page=7
Outdoor Furniture	166216011	8	https://www.amazon.com/s?rh=n:166216011&fs=true&page=8
Outdoor Furniture	166216011	9	https://www.amazon.com/s?rh=n:166216011&fs=true&page=9
Outdoor Furniture	166216011	10	https://www.amazon.com/s?rh=n:166216011&fs=true&page=10
Play Sets & Playground Equipment	166424011	1	https://www.amazon.com/s?rh=n:166424011&fs=true&page=1
Play Sets & Playground Equipment	166424011	2	https://www.amazon.com/s?rh=n:166424011&fs=true&page=2
Play Sets & Playground Equipment	166424011	3	https://www.amazon.com/s?rh=n:166424011&fs=true&page=3
Play Sets & Playground Equipment	166424011	4	https://www.amazon.com/s?rh=n:166424011&fs=true&page=4
Play Sets & Playground Equipment	166424011	5	https://www.amazon.com/s?rh=n:166424011&fs=true&page=5
Play Sets & Playground Equipment	166424011	6	https://www.amazon.com/s?rh=n:166424011&fs=true&page=6
Play Sets & Playground Equipment	166424011	7	https://www.amazon.com/s?rh=n:166424011&fs=true&page=7
Play Sets & Playground Equipment	166424011	8	https://www.amazon.com/s?rh=n:166424011&fs=true&page=8
Play Sets & Playground Equipment	166424011	9	https://www.amazon.com/s?rh=n:166424011&fs=true&page=9
Play Sets & Playground Equipment	166424011	10	https://www.amazon.com/s?rh=n:166424011&fs=true&page=10
Play Tents & Tunnels	166434011	1	https://www.amazon.com/s?rh=n:166434011&fs=true&page=1
Play Tents & Tunnels	166434011	2	https://www.amazon.com/s?rh=n:166434011&fs=true&page=2
Play Tents & Tunnels	166434011	3	https://www.amazon.com/s?rh=n:166434011&fs=true&page=3
Play Tents & Tunnels	166434011	4	https://www.amazon.com/s?rh=n:166434011&fs=true&page=4
Play Tents & Tunnels	166434011	5	https://www.amazon.com/s?rh=n:166434011&fs=true&page=5
Play Tents & Tunnels	166434011	6	https://www.amazon.com/s?rh=n:166434011&fs=true&page=6
Play Tents & Tunnels	166434011	7	https://www.amazon.com/s?rh=n:166434011&fs=true&page=7
Play Tents & Tunnels	166434011	8	https://www.amazon.com/s?rh=n:166434011&fs=true&page=8
Play Tents & Tunnels	166434011	9	https://www.amazon.com/s?rh=n:166434011&fs=true&page=9
Play Tents & Tunnels	166434011	10	https://www.amazon.com/s?rh=n:166434011&fs=true&page=10
Playhouses	166435011	1	https://www.amazon.com/s?rh=n:166435011&fs=true&page=1
Playhouses	166435011	2	https://www.amazon.com/s?rh=n:166435011&fs=true&page=2
Playhouses	166435011	3	https://www.amazon.com/s?rh=n:166435011&fs=true&page=3
Playhouses	166435011	4	https://www.amazon.com/s?rh=n:166435011&fs=true&page=4
Playhouses	166435011	5	https://www.amazon.com/s?rh=n:166435011&fs=true&page=5
Playhouses	166435011	6	https://www.amazon.com/s?rh=n:166435011&fs=true&page=6
Playhouses	166435011	7	https://www.amazon.com/s?rh=n:166435011&fs=true&page=7
Playhouses	166435011	8	https://www.amazon.com/s?rh=n:166435011&fs=true&page=8
Playhouses	166435011	9	https://www.amazon.com/s?rh=n:166435011&fs=true&page=9
Playhouses	166435011	10	https://www.amazon.com/s?rh=n:166435011&fs=true&page=10
Pogo Sticks & Hoppers	166436011	1	https://www.amazon.com/s?rh=n:166436011&fs=true&page=1
Pogo Sticks & Hoppers	166436011	2	https://www.amazon.com/s?rh=n:166436011&fs=true&page=2
Pogo Sticks & Hoppers	166436011	3	https://www.amazon.com/s?rh=n:166436011&fs=true&page=3
Pogo Sticks & Hoppers	166436011	4	https://www.amazon.com/s?rh=n:166436011&fs=true&page=4
Pogo Sticks & Hoppers	166436011	5	https://www.amazon.com/s?rh=n:166436011&fs=true&page=5
Pogo Sticks & Hoppers	166436011	6	https://www.amazon.com/s?rh=n:166436011&fs=true&page=6
Pogo Sticks & Hoppers	166436011	7	https://www.amazon.com/s?rh=n:166436011&fs=true&page=7
Pogo Sticks & Hoppers	166436011	8	https://www.amazon.com/s?rh=n:166436011&fs=true&page=8
Pogo Sticks & Hoppers	166436011	9	https://www.amazon.com/s?rh=n:166436011&fs=true&page=9
Pogo Sticks & Hoppers	166436011	10	https://www.amazon.com/s?rh=n:166436011&fs=true&page=10
Sandboxes & Beach Toys	24219907011	1	https://www.amazon.com/s?rh=n:24219907011&fs=true&page=1
Sandboxes & Beach Toys	24219907011	2	https://www.amazon.com/s?rh=n:24219907011&fs=true&page=2
Sandboxes & Beach Toys	24219907011	3	https://www.amazon.com/s?rh=n:24219907011&fs=true&page=3
Sandboxes & Beach Toys	24219907011	4	https://www.amazon.com/s?rh=n:24219907011&fs=true&page=4
Sandboxes & Beach Toys	24219907011	5	https://www.amazon.com/s?rh=n:24219907011&fs=true&page=5
Sandboxes & Beach Toys	24219907011	6	https://www.amazon.com/s?rh=n:24219907011&fs=true&page=6
Sandboxes & Beach Toys	24219907011	7	https://www.amazon.com/s?rh=n:24219907011&fs=true&page=7
Sandboxes & Beach Toys	24219907011	8	https://www.amazon.com/s?rh=n:24219907011&fs=true&page=8
Sandboxes & Beach Toys	24219907011	9	https://www.amazon.com/s?rh=n:24219907011&fs=true&page=9
Sandboxes & Beach Toys	24219907011	10	https://www.amazon.com/s?rh=n:24219907011&fs=true&page=10
Slumber Bags	166452011	1	https://www.amazon.com/s?rh=n:166452011&fs=true&page=1
Slumber Bags	166452011	2	https://www.amazon.com/s?rh=n:166452011&fs=true&page=2
Slumber Bags	166452011	3	https://www.amazon.com/s?rh=n:166452011&fs=true&page=3
Slumber Bags	166452011	4	https://www.amazon.com/s?rh=n:166452011&fs=true&page=4
Slumber Bags	166452011	5	https://www.amazon.com/s?rh=n:166452011&fs=true&page=5
Slumber Bags	166452011	6	https://www.amazon.com/s?rh=n:166452011&fs=true&page=6
Slumber Bags	166452011	7	https://www.amazon.com/s?rh=n:166452011&fs=true&page=7
Slumber Bags	166452011	8	https://www.amazon.com/s?rh=n:166452011&fs=true&page=8
Slumber Bags	166452011	9	https://www.amazon.com/s?rh=n:166452011&fs=true&page=9
Slumber Bags	166452011	10	https://www.amazon.com/s?rh=n:166452011&fs=true&page=10
Toy Sports	166453011	1	https://www.amazon.com/s?rh=n:166453011&fs=true&page=1
Toy Sports	166453011	2	https://www.amazon.com/s?rh=n:166453011&fs=true&page=2
Toy Sports	166453011	3	https://www.amazon.com/s?rh=n:166453011&fs=true&page=3
Toy Sports	166453011	4	https://www.amazon.com/s?rh=n:166453011&fs=true&page=4
Toy Sports	166453011	5	https://www.amazon.com/s?rh=n:166453011&fs=true&page=5
Toy Sports	166453011	6	https://www.amazon.com/s?rh=n:166453011&fs=true&page=6
Toy Sports	166453011	7	https://www.amazon.com/s?rh=n:166453011&fs=true&page=7
Toy Sports	166453011	8	https://www.amazon.com/s?rh=n:166453011&fs=true&page=8
Toy Sports	166453011	9	https://www.amazon.com/s?rh=n:166453011&fs=true&page=9
Toy Sports	166453011	10	https://www.amazon.com/s?rh=n:166453011&fs=true&page=10
Trampolines & Accessories	7427861011	1	https://www.amazon.com/s?rh=n:7427861011&fs=true&page=1
Trampolines & Accessories	7427861011	2	https://www.amazon.com/s?rh=n:7427861011&fs=true&page=2
Trampolines & Accessories	7427861011	3	https://www.amazon.com/s?rh=n:7427861011&fs=true&page=3
Trampolines & Accessories	7427861011	4	https://www.amazon.com/s?rh=n:7427861011&fs=true&page=4
Trampolines & Accessories	7427861011	5	https://www.amazon.com/s?rh=n:7427861011&fs=true&page=5
Trampolines & Accessories	7427861011	6	https://www.amazon.com/s?rh=n:7427861011&fs=true&page=6
Trampolines & Accessories	7427861011	7	https://www.amazon.com/s?rh=n:7427861011&fs=true&page=7
Trampolines & Accessories	7427861011	8	https://www.amazon.com/s?rh=n:7427861011&fs=true&page=8
Trampolines & Accessories	7427861011	9	https://www.amazon.com/s?rh=n:7427861011&fs=true&page=9
Trampolines & Accessories	7427861011	10	https://www.amazon.com/s?rh=n:7427861011&fs=true&page=10
Gardening Tools	166352011	1	https://www.amazon.com/s?rh=n:166352011&fs=true&page=1
Gardening Tools	166352011	2	https://www.amazon.com/s?rh=n:166352011&fs=true&page=2
Gardening Tools	166352011	3	https://www.amazon.com/s?rh=n:166352011&fs=true&page=3
Gardening Tools	166352011	4	https://www.amazon.com/s?rh=n:166352011&fs=true&page=4
Gardening Tools	166352011	5	https://www.amazon.com/s?rh=n:166352011&fs=true&page=5
Gardening Tools	166352011	6	https://www.amazon.com/s?rh=n:166352011&fs=true&page=6
Gardening Tools	166352011	7	https://www.amazon.com/s?rh=n:166352011&fs=true&page=7
Gardening Tools	166352011	8	https://www.amazon.com/s?rh=n:166352011&fs=true&page=8
Gardening Tools	166352011	9	https://www.amazon.com/s?rh=n:166352011&fs=true&page=9
Gardening Tools	166352011	10	https://www.amazon.com/s?rh=n:166352011&fs=true&page=10
Yo-yos	166056011	1	https://www.amazon.com/s?rh=n:166056011&fs=true&page=1
Yo-yos	166056011	2	https://www.amazon.com/s?rh=n:166056011&fs=true&page=2
Yo-yos	166056011	3	https://www.amazon.com/s?rh=n:166056011&fs=true&page=3
Yo-yos	166056011	4	https://www.amazon.com/s?rh=n:166056011&fs=true&page=4
Yo-yos	166056011	5	https://www.amazon.com/s?rh=n:166056011&fs=true&page=5
Yo-yos	166056011	6	https://www.amazon.com/s?rh=n:166056011&fs=true&page=6
Yo-yos	166056011	7	https://www.amazon.com/s?rh=n:166056011&fs=true&page=7
Yo-yos	166056011	8	https://www.amazon.com/s?rh=n:166056011&fs=true&page=8
Yo-yos	166056011	9	https://www.amazon.com/s?rh=n:166056011&fs=true&page=9
Yo-yos	166056011	10	https://www.amazon.com/s?rh=n:166056011&fs=true&page=10
Activity Centers	21315185011	1	https://www.amazon.com/s?rh=n:21315185011&fs=true&page=1
Activity Centers	21315185011	2	https://www.amazon.com/s?rh=n:21315185011&fs=true&page=2
Activity Centers	21315185011	3	https://www.amazon.com/s?rh=n:21315185011&fs=true&page=3
Activity Centers	21315185011	4	https://www.amazon.com/s?rh=n:21315185011&fs=true&page=4
Activity Centers	21315185011	5	https://www.amazon.com/s?rh=n:21315185011&fs=true&page=5
Activity Centers	21315185011	6	https://www.amazon.com/s?rh=n:21315185011&fs=true&page=6
Activity Centers	21315185011	7	https://www.amazon.com/s?rh=n:21315185011&fs=true&page=7
Activity Centers	21315185011	8	https://www.amazon.com/s?rh=n:21315185011&fs=true&page=8
Activity Centers	21315185011	9	https://www.amazon.com/s?rh=n:21315185011&fs=true&page=9
Activity Centers	21315185011	10	https://www.amazon.com/s?rh=n:21315185011&fs=true&page=10
Bouncers, Jumpers & Swings	166850011	1	https://www.amazon.com/s?rh=n:166850011&fs=true&page=1
Bouncers, Jumpers & Swings	166850011	2	https://www.amazon.com/s?rh=n:166850011&fs=true&page=2
Bouncers, Jumpers & Swings	166850011	3	https://www.amazon.com/s?rh=n:166850011&fs=true&page=3
Bouncers, Jumpers & Swings	166850011	4	https://www.amazon.com/s?rh=n:166850011&fs=true&page=4
Bouncers, Jumpers & Swings	166850011	5	https://www.amazon.com/s?rh=n:166850011&fs=true&page=5
Bouncers, Jumpers & Swings	166850011	6	https://www.amazon.com/s?rh=n:166850011&fs=true&page=6
Bouncers, Jumpers & Swings	166850011	7	https://www.amazon.com/s?rh=n:166850011&fs=true&page=7
Bouncers, Jumpers & Swings	166850011	8	https://www.amazon.com/s?rh=n:166850011&fs=true&page=8
Bouncers, Jumpers & Swings	166850011	9	https://www.amazon.com/s?rh=n:166850011&fs=true&page=9
Bouncers, Jumpers & Swings	166850011	10	https://www.amazon.com/s?rh=n:166850011&fs=true&page=10
Floor Seats & Loungers	723032011	1	https://www.amazon.com/s?rh=n:723032011&fs=true&page=1
Floor Seats & Loungers	723032011	2	https://www.amazon.com/s?rh=n:723032011&fs=true&page=2
Floor Seats & Loungers	723032011	3	https://www.amazon.com/s?rh=n:723032011&fs=true&page=3
Floor Seats & Loungers	723032011	4	https://www.amazon.com/s?rh=n:723032011&fs=true&page=4
Floor Seats & Loungers	723032011	5	https://www.amazon.com/s?rh=n:723032011&fs=true&page=5
Floor Seats & Loungers	723032011	6	https://www.amazon.com/s?rh=n:723032011&fs=true&page=6
Floor Seats & Loungers	723032011	7	https://www.amazon.com/s?rh=n:723032011&fs=true&page=7
Floor Seats & Loungers	723032011	8	https://www.amazon.com/s?rh=n:723032011&fs=true&page=8
Floor Seats & Loungers	723032011	9	https://www.amazon.com/s?rh=n:723032011&fs=true&page=9
Floor Seats & Loungers	723032011	10	https://www.amazon.com/s?rh=n:723032011&fs=true&page=10
Playard Bedding	166761011	1	https://www.amazon.com/s?rh=n:166761011&fs=true&page=1
Playard Bedding	166761011	2	https://www.amazon.com/s?rh=n:166761011&fs=true&page=2
Playard Bedding	166761011	3	https://www.amazon.com/s?rh=n:166761011&fs=true&page=3
Playard Bedding	166761011	4	https://www.amazon.com/s?rh=n:166761011&fs=true&page=4
Playard Bedding	166761011	5	https://www.amazon.com/s?rh=n:166761011&fs=true&page=5
Playard Bedding	166761011	6	https://www.amazon.com/s?rh=n:166761011&fs=true&page=6
Playard Bedding	166761011	7	https://www.amazon.com/s?rh=n:166761011&fs=true&page=7
Playard Bedding	166761011	8	https://www.amazon.com/s?rh=n:166761011&fs=true&page=8
Playard Bedding	166761011	9	https://www.amazon.com/s?rh=n:166761011&fs=true&page=9
Playard Bedding	166761011	10	https://www.amazon.com/s?rh=n:166761011&fs=true&page=10
Walkers	322268011	1	https://www.amazon.com/s?rh=n:322268011&fs=true&page=1
Walkers	322268011	2	https://www.amazon.com/s?rh=n:322268011&fs=true&page=2
Walkers	322268011	3	https://www.amazon.com/s?rh=n:322268011&fs=true&page=3
Walkers	322268011	4	https://www.amazon.com/s?rh=n:322268011&fs=true&page=4
Walkers	322268011	5	https://www.amazon.com/s?rh=n:322268011&fs=true&page=5
Walkers	322268011	6	https://www.amazon.com/s?rh=n:322268011&fs=true&page=6
Walkers	322268011	7	https://www.amazon.com/s?rh=n:322268011&fs=true&page=7
Walkers	322268011	8	https://www.amazon.com/s?rh=n:322268011&fs=true&page=8
Walkers	322268011	9	https://www.amazon.com/s?rh=n:322268011&fs=true&page=9
Walkers	322268011	10	https://www.amazon.com/s?rh=n:322268011&fs=true&page=10
Baby Gyms & Playmats	196609011	1	https://www.amazon.com/s?rh=n:196609011&fs=true&page=1
Baby Gyms & Playmats	196609011	2	https://www.amazon.com/s?rh=n:196609011&fs=true&page=2
Baby Gyms & Playmats	196609011	3	https://www.amazon.com/s?rh=n:196609011&fs=true&page=3
Baby Gyms & Playmats	196609011	4	https://www.amazon.com/s?rh=n:196609011&fs=true&page=4
Baby Gyms & Playmats	196609011	5	https://www.amazon.com/s?rh=n:196609011&fs=true&page=5
Baby Gyms & Playmats	196609011	6	https://www.amazon.com/s?rh=n:196609011&fs=true&page=6
Baby Gyms & Playmats	196609011	7	https://www.amazon.com/s?rh=n:196609011&fs=true&page=7
Baby Gyms & Playmats	196609011	8	https://www.amazon.com/s?rh=n:196609011&fs=true&page=8
Baby Gyms & Playmats	196609011	9	https://www.amazon.com/s?rh=n:196609011&fs=true&page=9
Baby Gyms & Playmats	196609011	10	https://www.amazon.com/s?rh=n:196609011&fs=true&page=10
Bedding	166742011	1	https://www.amazon.com/s?rh=n:166742011&fs=true&page=1
Bedding	166742011	2	https://www.amazon.com/s?rh=n:166742011&fs=true&page=2
Bedding	166742011	3	https://www.amazon.com/s?rh=n:166742011&fs=true&page=3
Bedding	166742011	4	https://www.amazon.com/s?rh=n:166742011&fs=true&page=4
Bedding	166742011	5	https://www.amazon.com/s?rh=n:166742011&fs=true&page=5
Bedding	166742011	6	https://www.amazon.com/s?rh=n:166742011&fs=true&page=6
Bedding	166742011	7	https://www.amazon.com/s?rh=n:166742011&fs=true&page=7
Bedding	166742011	8	https://www.amazon.com/s?rh=n:166742011&fs=true&page=8
Bedding	166742011	9	https://www.amazon.com/s?rh=n:166742011&fs=true&page=9
Bedding	166742011	10	https://www.amazon.com/s?rh=n:166742011&fs=true&page=10
Furniture	166809011	1	https://www.amazon.com/s?rh=n:166809011&fs=true&page=1
Furniture	166809011	2	https://www.amazon.com/s?rh=n:166809011&fs=true&page=2
Furniture	166809011	3	https://www.amazon.com/s?rh=n:166809011&fs=true&page=3
Furniture	166809011	4	https://www.amazon.com/s?rh=n:166809011&fs=true&page=4
Furniture	166809011	5	https://www.amazon.com/s?rh=n:166809011&fs=true&page=5
Furniture	166809011	6	https://www.amazon.com/s?rh=n:166809011&fs=true&page=6
Furniture	166809011	7	https://www.amazon.com/s?rh=n:166809011&fs=true&page=7
Furniture	166809011	8	https://www.amazon.com/s?rh=n:166809011&fs=true&page=8
Furniture	166809011	9	https://www.amazon.com/s?rh=n:166809011&fs=true&page=9
Furniture	166809011	10	https://www.amazon.com/s?rh=n:166809011&fs=true&page=10
Changing Table Pads & Covers	166765011	1	https://www.amazon.com/s?rh=n:166765011&fs=true&page=1
Changing Table Pads & Covers	166765011	2	https://www.amazon.com/s?rh=n:166765011&fs=true&page=2
Changing Table Pads & Covers	166765011	3	https://www.amazon.com/s?rh=n:166765011&fs=true&page=3
Changing Table Pads & Covers	166765011	4	https://www.amazon.com/s?rh=n:166765011&fs=true&page=4
Changing Table Pads & Covers	166765011	5	https://www.amazon.com/s?rh=n:166765011&fs=true&page=5
Changing Table Pads & Covers	166765011	6	https://www.amazon.com/s?rh=n:166765011&fs=true&page=6
Changing Table Pads & Covers	166765011	7	https://www.amazon.com/s?rh=n:166765011&fs=true&page=7
Changing Table Pads & Covers	166765011	8	https://www.amazon.com/s?rh=n:166765011&fs=true&page=8
Changing Table Pads & Covers	166765011	9	https://www.amazon.com/s?rh=n:166765011&fs=true&page=9
Changing Table Pads & Covers	166765011	10	https://www.amazon.com/s?rh=n:166765011&fs=true&page=10
Changing Tables	166811011	1	https://www.amazon.com/s?rh=n:166811011&fs=true&page=1
Changing Tables	166811011	2	https://www.amazon.com/s?rh=n:166811011&fs=true&page=2
Changing Tables	166811011	3	https://www.amazon.com/s?rh=n:166811011&fs=true&page=3
Changing Tables	166811011	4	https://www.amazon.com/s?rh=n:166811011&fs=true&page=4
Changing Tables	166811011	5	https://www.amazon.com/s?rh=n:166811011&fs=true&page=5
Changing Tables	166811011	6	https://www.amazon.com/s?rh=n:166811011&fs=true&page=6
Changing Tables	166811011	7	https://www.amazon.com/s?rh=n:166811011&fs=true&page=7
Changing Tables	166811011	8	https://www.amazon.com/s?rh=n:166811011&fs=true&page=8
Changing Tables	166811011	9	https://www.amazon.com/s?rh=n:166811011&fs=true&page=9
Changing Tables	166811011	10	https://www.amazon.com/s?rh=n:166811011&fs=true&page=10
Cloth Diapers & Accessories	116263682011	1	https://www.amazon.com/s?rh=n:116263682011&fs=true&page=1
Cloth Diapers & Accessories	116263682011	2	https://www.amazon.com/s?rh=n:116263682011&fs=true&page=2
Cloth Diapers & Accessories	116263682011	3	https://www.amazon.com/s?rh=n:116263682011&fs=true&page=3
Cloth Diapers & Accessories	116263682011	4	https://www.amazon.com/s?rh=n:116263682011&fs=true&page=4
Cloth Diapers & Accessories	116263682011	5	https://www.amazon.com/s?rh=n:116263682011&fs=true&page=5
Cloth Diapers & Accessories	116263682011	6	https://www.amazon.com/s?rh=n:116263682011&fs=true&page=6
Cloth Diapers & Accessories	116263682011	7	https://www.amazon.com/s?rh=n:116263682011&fs=true&page=7
Cloth Diapers & Accessories	116263682011	8	https://www.amazon.com/s?rh=n:116263682011&fs=true&page=8
Cloth Diapers & Accessories	116263682011	9	https://www.amazon.com/s?rh=n:116263682011&fs=true&page=9
Cloth Diapers & Accessories	116263682011	10	https://www.amazon.com/s?rh=n:116263682011&fs=true&page=10
Diaper Bags	166767011	1	https://www.amazon.com/s?rh=n:166767011&fs=true&page=1
Diaper Bags	166767011	2	https://www.amazon.com/s?rh=n:166767011&fs=true&page=2
Diaper Bags	166767011	3	https://www.amazon.com/s?rh=n:166767011&fs=true&page=3
Diaper Bags	166767011	4	https://www.amazon.com/s?rh=n:166767011&fs=true&page=4
Diaper Bags	166767011	5	https://www.amazon.com/s?rh=n:166767011&fs=true&page=5
Diaper Bags	166767011	6	https://www.amazon.com/s?rh=n:166767011&fs=true&page=6
Diaper Bags	166767011	7	https://www.amazon.com/s?rh=n:166767011&fs=true&page=7
Diaper Bags	166767011	8	https://www.amazon.com/s?rh=n:166767011&fs=true&page=8
Diaper Bags	166767011	9	https://www.amazon.com/s?rh=n:166767011&fs=true&page=9
Diaper Bags	166767011	10	https://www.amazon.com/s?rh=n:166767011&fs=true&page=10
Diaper Creams	322263011	1	https://www.amazon.com/s?rh=n:322263011&fs=true&page=1
Diaper Creams	322263011	2	https://www.amazon.com/s?rh=n:322263011&fs=true&page=2
Diaper Creams	322263011	3	https://www.amazon.com/s?rh=n:322263011&fs=true&page=3
Diaper Creams	322263011	4	https://www.amazon.com/s?rh=n:322263011&fs=true&page=4
Diaper Creams	322263011	5	https://www.amazon.com/s?rh=n:322263011&fs=true&page=5
Diaper Creams	322263011	6	https://www.amazon.com/s?rh=n:322263011&fs=true&page=6
Diaper Creams	322263011	7	https://www.amazon.com/s?rh=n:322263011&fs=true&page=7
Diaper Creams	322263011	8	https://www.amazon.com/s?rh=n:322263011&fs=true&page=8
Diaper Creams	322263011	9	https://www.amazon.com/s?rh=n:322263011&fs=true&page=9
Diaper Creams	322263011	10	https://www.amazon.com/s?rh=n:322263011&fs=true&page=10
Diaper Pails & Refills	166768011	1	https://www.amazon.com/s?rh=n:166768011&fs=true&page=1
Diaper Pails & Refills	166768011	2	https://www.amazon.com/s?rh=n:166768011&fs=true&page=2
Diaper Pails & Refills	166768011	3	https://www.amazon.com/s?rh=n:166768011&fs=true&page=3
Diaper Pails & Refills	166768011	4	https://www.amazon.com/s?rh=n:166768011&fs=true&page=4
Diaper Pails & Refills	166768011	5	https://www.amazon.com/s?rh=n:166768011&fs=true&page=5
Diaper Pails & Refills	166768011	6	https://www.amazon.com/s?rh=n:166768011&fs=true&page=6
Diaper Pails & Refills	166768011	7	https://www.amazon.com/s?rh=n:166768011&fs=true&page=7
Diaper Pails & Refills	166768011	8	https://www.amazon.com/s?rh=n:166768011&fs=true&page=8
Diaper Pails & Refills	166768011	9	https://www.amazon.com/s?rh=n:166768011&fs=true&page=9
Diaper Pails & Refills	166768011	10	https://www.amazon.com/s?rh=n:166768011&fs=true&page=10
Diaper Stackers & Caddies	166769011	1	https://www.amazon.com/s?rh=n:166769011&fs=true&page=1
Diaper Stackers & Caddies	166769011	2	https://www.amazon.com/s?rh=n:166769011&fs=true&page=2
Diaper Stackers & Caddies	166769011	3	https://www.amazon.com/s?rh=n:166769011&fs=true&page=3
Diaper Stackers & Caddies	166769011	4	https://www.amazon.com/s?rh=n:166769011&fs=true&page=4
Diaper Stackers & Caddies	166769011	5	https://www.amazon.com/s?rh=n:166769011&fs=true&page=5
Diaper Stackers & Caddies	166769011	6	https://www.amazon.com/s?rh=n:166769011&fs=true&page=6
Diaper Stackers & Caddies	166769011	7	https://www.amazon.com/s?rh=n:166769011&fs=true&page=7
Diaper Stackers & Caddies	166769011	8	https://www.amazon.com/s?rh=n:166769011&fs=true&page=8
Diaper Stackers & Caddies	166769011	9	https://www.amazon.com/s?rh=n:166769011&fs=true&page=9
Diaper Stackers & Caddies	166769011	10	https://www.amazon.com/s?rh=n:166769011&fs=true&page=10
Disposable Diapers	166772011	1	https://www.amazon.com/s?rh=n:166772011&fs=true&page=1
Disposable Diapers	166772011	2	https://www.amazon.com/s?rh=n:166772011&fs=true&page=2
Disposable Diapers	166772011	3	https://www.amazon.com/s?rh=n:166772011&fs=true&page=3
Disposable Diapers	166772011	4	https://www.amazon.com/s?rh=n:166772011&fs=true&page=4
Disposable Diapers	166772011	5	https://www.amazon.com/s?rh=n:166772011&fs=true&page=5
Disposable Diapers	166772011	6	https://www.amazon.com/s?rh=n:166772011&fs=true&page=6
Disposable Diapers	166772011	7	https://www.amazon.com/s?rh=n:166772011&fs=true&page=7
Disposable Diapers	166772011	8	https://www.amazon.com/s?rh=n:166772011&fs=true&page=8
Disposable Diapers	166772011	9	https://www.amazon.com/s?rh=n:166772011&fs=true&page=9
Disposable Diapers	166772011	10	https://www.amazon.com/s?rh=n:166772011&fs=true&page=10
Powders	322266011	1	https://www.amazon.com/s?rh=n:322266011&fs=true&page=1
Powders	322266011	2	https://www.amazon.com/s?rh=n:322266011&fs=true&page=2
Powders	322266011	3	https://www.amazon.com/s?rh=n:322266011&fs=true&page=3
Powders	322266011	4	https://www.amazon.com/s?rh=n:322266011&fs=true&page=4
Powders	322266011	5	https://www.amazon.com/s?rh=n:322266011&fs=true&page=5
Powders	322266011	6	https://www.amazon.com/s?rh=n:322266011&fs=true&page=6
Powders	322266011	7	https://www.amazon.com/s?rh=n:322266011&fs=true&page=7
Powders	322266011	8	https://www.amazon.com/s?rh=n:322266011&fs=true&page=8
Powders	322266011	9	https://www.amazon.com/s?rh=n:322266011&fs=true&page=9
Powders	322266011	10	https://www.amazon.com/s?rh=n:322266011&fs=true&page=10
Wipes & Holders	166776011	1	https://www.amazon.com/s?rh=n:166776011&fs=true&page=1
Wipes & Holders	166776011	2	https://www.amazon.com/s?rh=n:166776011&fs=true&page=2
Wipes & Holders	166776011	3	https://www.amazon.com/s?rh=n:166776011&fs=true&page=3
Wipes & Holders	166776011	4	https://www.amazon.com/s?rh=n:166776011&fs=true&page=4
Wipes & Holders	166776011	5	https://www.amazon.com/s?rh=n:166776011&fs=true&page=5
Wipes & Holders	166776011	6	https://www.amazon.com/s?rh=n:166776011&fs=true&page=6
Wipes & Holders	166776011	7	https://www.amazon.com/s?rh=n:166776011&fs=true&page=7
Wipes & Holders	166776011	8	https://www.amazon.com/s?rh=n:166776011&fs=true&page=8
Wipes & Holders	166776011	9	https://www.amazon.com/s?rh=n:166776011&fs=true&page=9
Wipes & Holders	166776011	10	https://www.amazon.com/s?rh=n:166776011&fs=true&page=10
Grooming	17720257011	1	https://www.amazon.com/s?rh=n:17720257011&fs=true&page=1
Grooming	17720257011	2	https://www.amazon.com/s?rh=n:17720257011&fs=true&page=2
Grooming	17720257011	3	https://www.amazon.com/s?rh=n:17720257011&fs=true&page=3
Grooming	17720257011	4	https://www.amazon.com/s?rh=n:17720257011&fs=true&page=4
Grooming	17720257011	5	https://www.amazon.com/s?rh=n:17720257011&fs=true&page=5
Grooming	17720257011	6	https://www.amazon.com/s?rh=n:17720257011&fs=true&page=6
Grooming	17720257011	7	https://www.amazon.com/s?rh=n:17720257011&fs=true&page=7
Grooming	17720257011	8	https://www.amazon.com/s?rh=n:17720257011&fs=true&page=8
Grooming	17720257011	9	https://www.amazon.com/s?rh=n:17720257011&fs=true&page=9
Grooming	17720257011	10	https://www.amazon.com/s?rh=n:17720257011&fs=true&page=10
Portable Changing Pads	2237474011	1	https://www.amazon.com/s?rh=n:2237474011&fs=true&page=1
Portable Changing Pads	2237474011	2	https://www.amazon.com/s?rh=n:2237474011&fs=true&page=2
Portable Changing Pads	2237474011	3	https://www.amazon.com/s?rh=n:2237474011&fs=true&page=3
Portable Changing Pads	2237474011	4	https://www.amazon.com/s?rh=n:2237474011&fs=true&page=4
Portable Changing Pads	2237474011	5	https://www.amazon.com/s?rh=n:2237474011&fs=true&page=5
Portable Changing Pads	2237474011	6	https://www.amazon.com/s?rh=n:2237474011&fs=true&page=6
Portable Changing Pads	2237474011	7	https://www.amazon.com/s?rh=n:2237474011&fs=true&page=7
Portable Changing Pads	2237474011	8	https://www.amazon.com/s?rh=n:2237474011&fs=true&page=8
Portable Changing Pads	2237474011	9	https://www.amazon.com/s?rh=n:2237474011&fs=true&page=9
Portable Changing Pads	2237474011	10	https://www.amazon.com/s?rh=n:2237474011&fs=true&page=10
Home Tests	3777241	1	https://www.amazon.com/s?rh=n:3777241&fs=true&page=1
Home Tests	3777241	2	https://www.amazon.com/s?rh=n:3777241&fs=true&page=2
Home Tests	3777241	3	https://www.amazon.com/s?rh=n:3777241&fs=true&page=3
Home Tests	3777241	4	https://www.amazon.com/s?rh=n:3777241&fs=true&page=4
Home Tests	3777241	5	https://www.amazon.com/s?rh=n:3777241&fs=true&page=5
Home Tests	3777241	6	https://www.amazon.com/s?rh=n:3777241&fs=true&page=6
Home Tests	3777241	7	https://www.amazon.com/s?rh=n:3777241&fs=true&page=7
Home Tests	3777241	8	https://www.amazon.com/s?rh=n:3777241&fs=true&page=8
Home Tests	3777241	9	https://www.amazon.com/s?rh=n:3777241&fs=true&page=9
Home Tests	3777241	10	https://www.amazon.com/s?rh=n:3777241&fs=true&page=10
Baby Foods	16323111	1	https://www.amazon.com/s?rh=n:16323111&fs=true&page=1
Baby Foods	16323111	2	https://www.amazon.com/s?rh=n:16323111&fs=true&page=2
Baby Foods	16323111	3	https://www.amazon.com/s?rh=n:16323111&fs=true&page=3
Baby Foods	16323111	4	https://www.amazon.com/s?rh=n:16323111&fs=true&page=4
Baby Foods	16323111	5	https://www.amazon.com/s?rh=n:16323111&fs=true&page=5
Baby Foods	16323111	6	https://www.amazon.com/s?rh=n:16323111&fs=true&page=6
Baby Foods	16323111	7	https://www.amazon.com/s?rh=n:16323111&fs=true&page=7
Baby Foods	16323111	8	https://www.amazon.com/s?rh=n:16323111&fs=true&page=8
Baby Foods	16323111	9	https://www.amazon.com/s?rh=n:16323111&fs=true&page=9
Baby Foods	16323111	10	https://www.amazon.com/s?rh=n:16323111&fs=true&page=10
Bibs & Burp Cloths	7874755011	1	https://www.amazon.com/s?rh=n:7874755011&fs=true&page=1
Bibs & Burp Cloths	7874755011	2	https://www.amazon.com/s?rh=n:7874755011&fs=true&page=2
Bibs & Burp Cloths	7874755011	3	https://www.amazon.com/s?rh=n:7874755011&fs=true&page=3
Bibs & Burp Cloths	7874755011	4	https://www.amazon.com/s?rh=n:7874755011&fs=true&page=4
Bibs & Burp Cloths	7874755011	5	https://www.amazon.com/s?rh=n:7874755011&fs=true&page=5
Bibs & Burp Cloths	7874755011	6	https://www.amazon.com/s?rh=n:7874755011&fs=true&page=6
Bibs & Burp Cloths	7874755011	7	https://www.amazon.com/s?rh=n:7874755011&fs=true&page=7
Bibs & Burp Cloths	7874755011	8	https://www.amazon.com/s?rh=n:7874755011&fs=true&page=8
Bibs & Burp Cloths	7874755011	9	https://www.amazon.com/s?rh=n:7874755011&fs=true&page=9
Bibs & Burp Cloths	7874755011	10	https://www.amazon.com/s?rh=n:7874755011&fs=true&page=10
Bottle-Feeding	166779011	1	https://www.amazon.com/s?rh=n:166779011&fs=true&page=1
Bottle-Feeding	166779011	2	https://www.amazon.com/s?rh=n:166779011&fs=true&page=2
Bottle-Feeding	166779011	3	https://www.amazon.com/s?rh=n:166779011&fs=true&page=3
Bottle-Feeding	166779011	4	https://www.amazon.com/s?rh=n:166779011&fs=true&page=4
Bottle-Feeding	166779011	5	https://www.amazon.com/s?rh=n:166779011&fs=true&page=5
Bottle-Feeding	166779011	6	https://www.amazon.com/s?rh=n:166779011&fs=true&page=6
Bottle-Feeding	166779011	7	https://www.amazon.com/s?rh=n:166779011&fs=true&page=7
Bottle-Feeding	166779011	8	https://www.amazon.com/s?rh=n:166779011&fs=true&page=8
Bottle-Feeding	166779011	9	https://www.amazon.com/s?rh=n:166779011&fs=true&page=9
Bottle-Feeding	166779011	10	https://www.amazon.com/s?rh=n:166779011&fs=true&page=10
Breastfeeding	166784011	1	https://www.amazon.com/s?rh=n:166784011&fs=true&page=1
Breastfeeding	166784011	2	https://www.amazon.com/s?rh=n:166784011&fs=true&page=2
Breastfeeding	166784011	3	https://www.amazon.com/s?rh=n:166784011&fs=true&page=3
Breastfeeding	166784011	4	https://www.amazon.com/s?rh=n:166784011&fs=true&page=4
Breastfeeding	166784011	5	https://www.amazon.com/s?rh=n:166784011&fs=true&page=5
Breastfeeding	166784011	6	https://www.amazon.com/s?rh=n:166784011&fs=true&page=6
Breastfeeding	166784011	7	https://www.amazon.com/s?rh=n:166784011&fs=true&page=7
Breastfeeding	166784011	8	https://www.amazon.com/s?rh=n:166784011&fs=true&page=8
Breastfeeding	166784011	9	https://www.amazon.com/s?rh=n:166784011&fs=true&page=9
Breastfeeding	166784011	10	https://www.amazon.com/s?rh=n:166784011&fs=true&page=10
Food Storage	379027011	1	https://www.amazon.com/s?rh=n:379027011&fs=true&page=1
Food Storage	379027011	2	https://www.amazon.com/s?rh=n:379027011&fs=true&page=2
Food Storage	379027011	3	https://www.amazon.com/s?rh=n:379027011&fs=true&page=3
Food Storage	379027011	4	https://www.amazon.com/s?rh=n:379027011&fs=true&page=4
Food Storage	379027011	5	https://www.amazon.com/s?rh=n:379027011&fs=true&page=5
Food Storage	379027011	6	https://www.amazon.com/s?rh=n:379027011&fs=true&page=6
Food Storage	379027011	7	https://www.amazon.com/s?rh=n:379027011&fs=true&page=7
Food Storage	379027011	8	https://www.amazon.com/s?rh=n:379027011&fs=true&page=8
Food Storage	379027011	9	https://www.amazon.com/s?rh=n:379027011&fs=true&page=9
Food Storage	379027011	10	https://www.amazon.com/s?rh=n:379027011&fs=true&page=10
Highchairs & Booster Seats	166793011	1	https://www.amazon.com/s?rh=n:166793011&fs=true&page=1
Highchairs & Booster Seats	166793011	2	https://www.amazon.com/s?rh=n:166793011&fs=true&page=2
Highchairs & Booster Seats	166793011	3	https://www.amazon.com/s?rh=n:166793011&fs=true&page=3
Highchairs & Booster Seats	166793011	4	https://www.amazon.com/s?rh=n:166793011&fs=true&page=4
Highchairs & Booster Seats	166793011	5	https://www.amazon.com/s?rh=n:166793011&fs=true&page=5
Highchairs & Booster Seats	166793011	6	https://www.amazon.com/s?rh=n:166793011&fs=true&page=6
Highchairs & Booster Seats	166793011	7	https://www.amazon.com/s?rh=n:166793011&fs=true&page=7
Highchairs & Booster Seats	166793011	8	https://www.amazon.com/s?rh=n:166793011&fs=true&page=8
Highchairs & Booster Seats	166793011	9	https://www.amazon.com/s?rh=n:166793011&fs=true&page=9
Highchairs & Booster Seats	166793011	10	https://www.amazon.com/s?rh=n:166793011&fs=true&page=10
Pillows & Pillow Covers	166798011	1	https://www.amazon.com/s?rh=n:166798011&fs=true&page=1
Pillows & Pillow Covers	166798011	2	https://www.amazon.com/s?rh=n:166798011&fs=true&page=2
Pillows & Pillow Covers	166798011	3	https://www.amazon.com/s?rh=n:166798011&fs=true&page=3
Pillows & Pillow Covers	166798011	4	https://www.amazon.com/s?rh=n:166798011&fs=true&page=4
Pillows & Pillow Covers	166798011	5	https://www.amazon.com/s?rh=n:166798011&fs=true&page=5
Pillows & Pillow Covers	166798011	6	https://www.amazon.com/s?rh=n:166798011&fs=true&page=6
Pillows & Pillow Covers	166798011	7	https://www.amazon.com/s?rh=n:166798011&fs=true&page=7
Pillows & Pillow Covers	166798011	8	https://www.amazon.com/s?rh=n:166798011&fs=true&page=8
Pillows & Pillow Covers	166798011	9	https://www.amazon.com/s?rh=n:166798011&fs=true&page=9
Pillows & Pillow Covers	166798011	10	https://www.amazon.com/s?rh=n:166798011&fs=true&page=10
Albums, Frames & Journals	239231011	1	https://www.amazon.com/s?rh=n:239231011&fs=true&page=1
Albums, Frames & Journals	239231011	2	https://www.amazon.com/s?rh=n:239231011&fs=true&page=2
Albums, Frames & Journals	239231011	3	https://www.amazon.com/s?rh=n:239231011&fs=true&page=3
Albums, Frames & Journals	239231011	4	https://www.amazon.com/s?rh=n:239231011&fs=true&page=4
Albums, Frames & Journals	239231011	5	https://www.amazon.com/s?rh=n:239231011&fs=true&page=5
Albums, Frames & Journals	239231011	6	https://www.amazon.com/s?rh=n:239231011&fs=true&page=6
Albums, Frames & Journals	239231011	7	https://www.amazon.com/s?rh=n:239231011&fs=true&page=7
Albums, Frames & Journals	239231011	8	https://www.amazon.com/s?rh=n:239231011&fs=true&page=8
Albums, Frames & Journals	239231011	9	https://www.amazon.com/s?rh=n:239231011&fs=true&page=9
Albums, Frames & Journals	239231011	10	https://www.amazon.com/s?rh=n:239231011&fs=true&page=10
Keepsakes	239228011	1	https://www.amazon.com/s?rh=n:239228011&fs=true&page=1
Keepsakes	239228011	2	https://www.amazon.com/s?rh=n:239228011&fs=true&page=2
Keepsakes	239228011	3	https://www.amazon.com/s?rh=n:239228011&fs=true&page=3
Keepsakes	239228011	4	https://www.amazon.com/s?rh=n:239228011&fs=true&page=4
Keepsakes	239228011	5	https://www.amazon.com/s?rh=n:239228011&fs=true&page=5
Keepsakes	239228011	6	https://www.amazon.com/s?rh=n:239228011&fs=true&page=6
Keepsakes	239228011	7	https://www.amazon.com/s?rh=n:239228011&fs=true&page=7
Keepsakes	239228011	8	https://www.amazon.com/s?rh=n:239228011&fs=true&page=8
Keepsakes	239228011	9	https://www.amazon.com/s?rh=n:239228011&fs=true&page=9
Keepsakes	239228011	10	https://www.amazon.com/s?rh=n:239228011&fs=true&page=10
Newborn Gift Sets	239229011	1	https://www.amazon.com/s?rh=n:239229011&fs=true&page=1
Newborn Gift Sets	239229011	2	https://www.amazon.com/s?rh=n:239229011&fs=true&page=2
Newborn Gift Sets	239229011	3	https://www.amazon.com/s?rh=n:239229011&fs=true&page=3
Newborn Gift Sets	239229011	4	https://www.amazon.com/s?rh=n:239229011&fs=true&page=4
Newborn Gift Sets	239229011	5	https://www.amazon.com/s?rh=n:239229011&fs=true&page=5
Newborn Gift Sets	239229011	6	https://www.amazon.com/s?rh=n:239229011&fs=true&page=6
Newborn Gift Sets	239229011	7	https://www.amazon.com/s?rh=n:239229011&fs=true&page=7
Newborn Gift Sets	239229011	8	https://www.amazon.com/s?rh=n:239229011&fs=true&page=8
Newborn Gift Sets	239229011	9	https://www.amazon.com/s?rh=n:239229011&fs=true&page=9
Newborn Gift Sets	239229011	10	https://www.amazon.com/s?rh=n:239229011&fs=true&page=10
Body	11060521	1	https://www.amazon.com/s?rh=n:11060521&fs=true&page=1
Body	11060521	2	https://www.amazon.com/s?rh=n:11060521&fs=true&page=2
Body	11060521	3	https://www.amazon.com/s?rh=n:11060521&fs=true&page=3
Body	11060521	4	https://www.amazon.com/s?rh=n:11060521&fs=true&page=4
Body	11060521	5	https://www.amazon.com/s?rh=n:11060521&fs=true&page=5
Body	11060521	6	https://www.amazon.com/s?rh=n:11060521&fs=true&page=6
Body	11060521	7	https://www.amazon.com/s?rh=n:11060521&fs=true&page=7
Body	11060521	8	https://www.amazon.com/s?rh=n:11060521&fs=true&page=8
Body	11060521	9	https://www.amazon.com/s?rh=n:11060521&fs=true&page=9
Body	11060521	10	https://www.amazon.com/s?rh=n:11060521&fs=true&page=10
Eyes	11061941	1	https://www.amazon.com/s?rh=n:11061941&fs=true&page=1
Eyes	11061941	2	https://www.amazon.com/s?rh=n:11061941&fs=true&page=2
Eyes	11061941	3	https://www.amazon.com/s?rh=n:11061941&fs=true&page=3
Eyes	11061941	4	https://www.amazon.com/s?rh=n:11061941&fs=true&page=4
Eyes	11061941	5	https://www.amazon.com/s?rh=n:11061941&fs=true&page=5
Eyes	11061941	6	https://www.amazon.com/s?rh=n:11061941&fs=true&page=6
Eyes	11061941	7	https://www.amazon.com/s?rh=n:11061941&fs=true&page=7
Eyes	11061941	8	https://www.amazon.com/s?rh=n:11061941&fs=true&page=8
Eyes	11061941	9	https://www.amazon.com/s?rh=n:11061941&fs=true&page=9
Eyes	11061941	10	https://www.amazon.com/s?rh=n:11061941&fs=true&page=10
Face	11060711	1	https://www.amazon.com/s?rh=n:11060711&fs=true&page=1
Face	11060711	2	https://www.amazon.com/s?rh=n:11060711&fs=true&page=2
Face	11060711	3	https://www.amazon.com/s?rh=n:11060711&fs=true&page=3
Face	11060711	4	https://www.amazon.com/s?rh=n:11060711&fs=true&page=4
Face	11060711	5	https://www.amazon.com/s?rh=n:11060711&fs=true&page=5
Face	11060711	6	https://www.amazon.com/s?rh=n:11060711&fs=true&page=6
Face	11060711	7	https://www.amazon.com/s?rh=n:11060711&fs=true&page=7
Face	11060711	8	https://www.amazon.com/s?rh=n:11060711&fs=true&page=8
Face	11060711	9	https://www.amazon.com/s?rh=n:11060711&fs=true&page=9
Face	11060711	10	https://www.amazon.com/s?rh=n:11060711&fs=true&page=10
Lip Care	3761351	1	https://www.amazon.com/s?rh=n:3761351&fs=true&page=1
Lip Care	3761351	2	https://www.amazon.com/s?rh=n:3761351&fs=true&page=2
Lip Care	3761351	3	https://www.amazon.com/s?rh=n:3761351&fs=true&page=3
Lip Care	3761351	4	https://www.amazon.com/s?rh=n:3761351&fs=true&page=4
Lip Care	3761351	5	https://www.amazon.com/s?rh=n:3761351&fs=true&page=5
Lip Care	3761351	6	https://www.amazon.com/s?rh=n:3761351&fs=true&page=6
Lip Care	3761351	7	https://www.amazon.com/s?rh=n:3761351&fs=true&page=7
Lip Care	3761351	8	https://www.amazon.com/s?rh=n:3761351&fs=true&page=8
Lip Care	3761351	9	https://www.amazon.com/s?rh=n:3761351&fs=true&page=9
Lip Care	3761351	10	https://www.amazon.com/s?rh=n:3761351&fs=true&page=10
Sets & Kits	11062581	1	https://www.amazon.com/s?rh=n:11062581&fs=true&page=1
Sets & Kits	11062581	2	https://www.amazon.com/s?rh=n:11062581&fs=true&page=2
Sets & Kits	11062581	3	https://www.amazon.com/s?rh=n:11062581&fs=true&page=3
Sets & Kits	11062581	4	https://www.amazon.com/s?rh=n:11062581&fs=true&page=4
Sets & Kits	11062581	5	https://www.amazon.com/s?rh=n:11062581&fs=true&page=5
Sets & Kits	11062581	6	https://www.amazon.com/s?rh=n:11062581&fs=true&page=6
Sets & Kits	11062581	7	https://www.amazon.com/s?rh=n:11062581&fs=true&page=7
Sets & Kits	11062581	8	https://www.amazon.com/s?rh=n:11062581&fs=true&page=8
Sets & Kits	11062581	9	https://www.amazon.com/s?rh=n:11062581&fs=true&page=9
Sets & Kits	11062581	10	https://www.amazon.com/s?rh=n:11062581&fs=true&page=10
Solid Feeding	166799011	1	https://www.amazon.com/s?rh=n:166799011&fs=true&page=1
Solid Feeding	166799011	2	https://www.amazon.com/s?rh=n:166799011&fs=true&page=2
Solid Feeding	166799011	3	https://www.amazon.com/s?rh=n:166799011&fs=true&page=3
Solid Feeding	166799011	4	https://www.amazon.com/s?rh=n:166799011&fs=true&page=4
Solid Feeding	166799011	5	https://www.amazon.com/s?rh=n:166799011&fs=true&page=5
Solid Feeding	166799011	6	https://www.amazon.com/s?rh=n:166799011&fs=true&page=6
Solid Feeding	166799011	7	https://www.amazon.com/s?rh=n:166799011&fs=true&page=7
Solid Feeding	166799011	8	https://www.amazon.com/s?rh=n:166799011&fs=true&page=8
Solid Feeding	166799011	9	https://www.amazon.com/s?rh=n:166799011&fs=true&page=9
Solid Feeding	166799011	10	https://www.amazon.com/s?rh=n:166799011&fs=true&page=10
Food Mills	379026011	1	https://www.amazon.com/s?rh=n:379026011&fs=true&page=1
Food Mills	379026011	2	https://www.amazon.com/s?rh=n:379026011&fs=true&page=2
Food Mills	379026011	3	https://www.amazon.com/s?rh=n:379026011&fs=true&page=3
Food Mills	379026011	4	https://www.amazon.com/s?rh=n:379026011&fs=true&page=4
Food Mills	379026011	5	https://www.amazon.com/s?rh=n:379026011&fs=true&page=5
Food Mills	379026011	6	https://www.amazon.com/s?rh=n:379026011&fs=true&page=6
Food Mills	379026011	7	https://www.amazon.com/s?rh=n:379026011&fs=true&page=7
Food Mills	379026011	8	https://www.amazon.com/s?rh=n:379026011&fs=true&page=8
Food Mills	379026011	9	https://www.amazon.com/s?rh=n:379026011&fs=true&page=9
Food Mills	379026011	10	https://www.amazon.com/s?rh=n:379026011&fs=true&page=10
Sunscreens & Tanning Products	11062591	1	https://www.amazon.com/s?rh=n:11062591&fs=true&page=1
Sunscreens & Tanning Products	11062591	2	https://www.amazon.com/s?rh=n:11062591&fs=true&page=2
Sunscreens & Tanning Products	11062591	3	https://www.amazon.com/s?rh=n:11062591&fs=true&page=3
Sunscreens & Tanning Products	11062591	4	https://www.amazon.com/s?rh=n:11062591&fs=true&page=4
Sunscreens & Tanning Products	11062591	5	https://www.amazon.com/s?rh=n:11062591&fs=true&page=5
Sunscreens & Tanning Products	11062591	6	https://www.amazon.com/s?rh=n:11062591&fs=true&page=6
Sunscreens & Tanning Products	11062591	7	https://www.amazon.com/s?rh=n:11062591&fs=true&page=7
Sunscreens & Tanning Products	11062591	8	https://www.amazon.com/s?rh=n:11062591&fs=true&page=8
Sunscreens & Tanning Products	11062591	9	https://www.amazon.com/s?rh=n:11062591&fs=true&page=9
Sunscreens & Tanning Products	11062591	10	https://www.amazon.com/s?rh=n:11062591&fs=true&page=10
Rattles & Plush Rings	196612011	1	https://www.amazon.com/s?rh=n:196612011&fs=true&page=1
Rattles & Plush Rings	196612011	2	https://www.amazon.com/s?rh=n:196612011&fs=true&page=2
Rattles & Plush Rings	196612011	3	https://www.amazon.com/s?rh=n:196612011&fs=true&page=3
Rattles & Plush Rings	196612011	4	https://www.amazon.com/s?rh=n:196612011&fs=true&page=4
Rattles & Plush Rings	196612011	5	https://www.amazon.com/s?rh=n:196612011&fs=true&page=5
Rattles & Plush Rings	196612011	6	https://www.amazon.com/s?rh=n:196612011&fs=true&page=6
Rattles & Plush Rings	196612011	7	https://www.amazon.com/s?rh=n:196612011&fs=true&page=7
Rattles & Plush Rings	196612011	8	https://www.amazon.com/s?rh=n:196612011&fs=true&page=8
Rattles & Plush Rings	196612011	9	https://www.amazon.com/s?rh=n:196612011&fs=true&page=9
Rattles & Plush Rings	196612011	10	https://www.amazon.com/s?rh=n:196612011&fs=true&page=10
Family Planning Tests	8622315011	1	https://www.amazon.com/s?rh=n:8622315011&fs=true&page=1
Family Planning Tests	8622315011	2	https://www.amazon.com/s?rh=n:8622315011&fs=true&page=2
Family Planning Tests	8622315011	3	https://www.amazon.com/s?rh=n:8622315011&fs=true&page=3
Family Planning Tests	8622315011	4	https://www.amazon.com/s?rh=n:8622315011&fs=true&page=4
Family Planning Tests	8622315011	5	https://www.amazon.com/s?rh=n:8622315011&fs=true&page=5
Family Planning Tests	8622315011	6	https://www.amazon.com/s?rh=n:8622315011&fs=true&page=6
Family Planning Tests	8622315011	7	https://www.amazon.com/s?rh=n:8622315011&fs=true&page=7
Family Planning Tests	8622315011	8	https://www.amazon.com/s?rh=n:8622315011&fs=true&page=8
Family Planning Tests	8622315011	9	https://www.amazon.com/s?rh=n:8622315011&fs=true&page=9
Family Planning Tests	8622315011	10	https://www.amazon.com/s?rh=n:8622315011&fs=true&page=10
Maternity	11062371	1	https://www.amazon.com/s?rh=n:11062371&fs=true&page=1
Maternity	11062371	2	https://www.amazon.com/s?rh=n:11062371&fs=true&page=2
Maternity	11062371	3	https://www.amazon.com/s?rh=n:11062371&fs=true&page=3
Maternity	11062371	4	https://www.amazon.com/s?rh=n:11062371&fs=true&page=4
Maternity	11062371	5	https://www.amazon.com/s?rh=n:11062371&fs=true&page=5
Maternity	11062371	6	https://www.amazon.com/s?rh=n:11062371&fs=true&page=6
Maternity	11062371	7	https://www.amazon.com/s?rh=n:11062371&fs=true&page=7
Maternity	11062371	8	https://www.amazon.com/s?rh=n:11062371&fs=true&page=8
Maternity	11062371	9	https://www.amazon.com/s?rh=n:11062371&fs=true&page=9
Maternity	11062371	10	https://www.amazon.com/s?rh=n:11062371&fs=true&page=10
Prenatal Monitoring Devices	379028011	1	https://www.amazon.com/s?rh=n:379028011&fs=true&page=1
Prenatal Monitoring Devices	379028011	2	https://www.amazon.com/s?rh=n:379028011&fs=true&page=2
Prenatal Monitoring Devices	379028011	3	https://www.amazon.com/s?rh=n:379028011&fs=true&page=3
Prenatal Monitoring Devices	379028011	4	https://www.amazon.com/s?rh=n:379028011&fs=true&page=4
Prenatal Monitoring Devices	379028011	5	https://www.amazon.com/s?rh=n:379028011&fs=true&page=5
Prenatal Monitoring Devices	379028011	6	https://www.amazon.com/s?rh=n:379028011&fs=true&page=6
Prenatal Monitoring Devices	379028011	7	https://www.amazon.com/s?rh=n:379028011&fs=true&page=7
Prenatal Monitoring Devices	379028011	8	https://www.amazon.com/s?rh=n:379028011&fs=true&page=8
Prenatal Monitoring Devices	379028011	9	https://www.amazon.com/s?rh=n:379028011&fs=true&page=9
Prenatal Monitoring Devices	379028011	10	https://www.amazon.com/s?rh=n:379028011&fs=true&page=10
Gift Baskets	394314011	1	https://www.amazon.com/s?rh=n:394314011&fs=true&page=1
Gift Baskets	394314011	2	https://www.amazon.com/s?rh=n:394314011&fs=true&page=2
Gift Baskets	394314011	3	https://www.amazon.com/s?rh=n:394314011&fs=true&page=3
Gift Baskets	394314011	4	https://www.amazon.com/s?rh=n:394314011&fs=true&page=4
Gift Baskets	394314011	5	https://www.amazon.com/s?rh=n:394314011&fs=true&page=5
Gift Baskets	394314011	6	https://www.amazon.com/s?rh=n:394314011&fs=true&page=6
Gift Baskets	394314011	7	https://www.amazon.com/s?rh=n:394314011&fs=true&page=7
Gift Baskets	394314011	8	https://www.amazon.com/s?rh=n:394314011&fs=true&page=8
Gift Baskets	394314011	9	https://www.amazon.com/s?rh=n:394314011&fs=true&page=9
Gift Baskets	394314011	10	https://www.amazon.com/s?rh=n:394314011&fs=true&page=10
Maternity Pillows	382727011	1	https://www.amazon.com/s?rh=n:382727011&fs=true&page=1
Maternity Pillows	382727011	2	https://www.amazon.com/s?rh=n:382727011&fs=true&page=2
Maternity Pillows	382727011	3	https://www.amazon.com/s?rh=n:382727011&fs=true&page=3
Maternity Pillows	382727011	4	https://www.amazon.com/s?rh=n:382727011&fs=true&page=4
Maternity Pillows	382727011	5	https://www.amazon.com/s?rh=n:382727011&fs=true&page=5
Maternity Pillows	382727011	6	https://www.amazon.com/s?rh=n:382727011&fs=true&page=6
Maternity Pillows	382727011	7	https://www.amazon.com/s?rh=n:382727011&fs=true&page=7
Maternity Pillows	382727011	8	https://www.amazon.com/s?rh=n:382727011&fs=true&page=8
Maternity Pillows	382727011	9	https://www.amazon.com/s?rh=n:382727011&fs=true&page=9
Maternity Pillows	382727011	10	https://www.amazon.com/s?rh=n:382727011&fs=true&page=10
Balls	2522032011	1	https://www.amazon.com/s?rh=n:2522032011&fs=true&page=1
Balls	2522032011	2	https://www.amazon.com/s?rh=n:2522032011&fs=true&page=2
Balls	2522032011	3	https://www.amazon.com/s?rh=n:2522032011&fs=true&page=3
Balls	2522032011	4	https://www.amazon.com/s?rh=n:2522032011&fs=true&page=4
Balls	2522032011	5	https://www.amazon.com/s?rh=n:2522032011&fs=true&page=5
Balls	2522032011	6	https://www.amazon.com/s?rh=n:2522032011&fs=true&page=6
Balls	2522032011	7	https://www.amazon.com/s?rh=n:2522032011&fs=true&page=7
Balls	2522032011	8	https://www.amazon.com/s?rh=n:2522032011&fs=true&page=8
Balls	2522032011	9	https://www.amazon.com/s?rh=n:2522032011&fs=true&page=9
Balls	2522032011	10	https://www.amazon.com/s?rh=n:2522032011&fs=true&page=10
Bath Toys	330390011	1	https://www.amazon.com/s?rh=n:330390011&fs=true&page=1
Bath Toys	330390011	2	https://www.amazon.com/s?rh=n:330390011&fs=true&page=2
Bath Toys	330390011	3	https://www.amazon.com/s?rh=n:330390011&fs=true&page=3
Bath Toys	330390011	4	https://www.amazon.com/s?rh=n:330390011&fs=true&page=4
Bath Toys	330390011	5	https://www.amazon.com/s?rh=n:330390011&fs=true&page=5
Bath Toys	330390011	6	https://www.amazon.com/s?rh=n:330390011&fs=true&page=6
Bath Toys	330390011	7	https://www.amazon.com/s?rh=n:330390011&fs=true&page=7
Bath Toys	330390011	8	https://www.amazon.com/s?rh=n:330390011&fs=true&page=8
Bath Toys	330390011	9	https://www.amazon.com/s?rh=n:330390011&fs=true&page=9
Bath Toys	330390011	10	https://www.amazon.com/s?rh=n:330390011&fs=true&page=10
Car Seat & Stroller Toys	196604011	1	https://www.amazon.com/s?rh=n:196604011&fs=true&page=1
Car Seat & Stroller Toys	196604011	2	https://www.amazon.com/s?rh=n:196604011&fs=true&page=2
Car Seat & Stroller Toys	196604011	3	https://www.amazon.com/s?rh=n:196604011&fs=true&page=3
Car Seat & Stroller Toys	196604011	4	https://www.amazon.com/s?rh=n:196604011&fs=true&page=4
Car Seat & Stroller Toys	196604011	5	https://www.amazon.com/s?rh=n:196604011&fs=true&page=5
Car Seat & Stroller Toys	196604011	6	https://www.amazon.com/s?rh=n:196604011&fs=true&page=6
Car Seat & Stroller Toys	196604011	7	https://www.amazon.com/s?rh=n:196604011&fs=true&page=7
Car Seat & Stroller Toys	196604011	8	https://www.amazon.com/s?rh=n:196604011&fs=true&page=8
Car Seat & Stroller Toys	196604011	9	https://www.amazon.com/s?rh=n:196604011&fs=true&page=9
Car Seat & Stroller Toys	196604011	10	https://www.amazon.com/s?rh=n:196604011&fs=true&page=10
Indoor Climbers & Play Structures	1243731011	1	https://www.amazon.com/s?rh=n:1243731011&fs=true&page=1
Indoor Climbers & Play Structures	1243731011	2	https://www.amazon.com/s?rh=n:1243731011&fs=true&page=2
Indoor Climbers & Play Structures	1243731011	3	https://www.amazon.com/s?rh=n:1243731011&fs=true&page=3
Indoor Climbers & Play Structures	1243731011	4	https://www.amazon.com/s?rh=n:1243731011&fs=true&page=4
Indoor Climbers & Play Structures	1243731011	5	https://www.amazon.com/s?rh=n:1243731011&fs=true&page=5
Indoor Climbers & Play Structures	1243731011	6	https://www.amazon.com/s?rh=n:1243731011&fs=true&page=6
Indoor Climbers & Play Structures	1243731011	7	https://www.amazon.com/s?rh=n:1243731011&fs=true&page=7
Indoor Climbers & Play Structures	1243731011	8	https://www.amazon.com/s?rh=n:1243731011&fs=true&page=8
Indoor Climbers & Play Structures	1243731011	9	https://www.amazon.com/s?rh=n:1243731011&fs=true&page=9
Indoor Climbers & Play Structures	1243731011	10	https://www.amazon.com/s?rh=n:1243731011&fs=true&page=10
Mirrors	196606011	1	https://www.amazon.com/s?rh=n:196606011&fs=true&page=1
Mirrors	196606011	2	https://www.amazon.com/s?rh=n:196606011&fs=true&page=2
Mirrors	196606011	3	https://www.amazon.com/s?rh=n:196606011&fs=true&page=3
Mirrors	196606011	4	https://www.amazon.com/s?rh=n:196606011&fs=true&page=4
Mirrors	196606011	5	https://www.amazon.com/s?rh=n:196606011&fs=true&page=5
Mirrors	196606011	6	https://www.amazon.com/s?rh=n:196606011&fs=true&page=6
Mirrors	196606011	7	https://www.amazon.com/s?rh=n:196606011&fs=true&page=7
Mirrors	196606011	8	https://www.amazon.com/s?rh=n:196606011&fs=true&page=8
Mirrors	196606011	9	https://www.amazon.com/s?rh=n:196606011&fs=true&page=9
Mirrors	196606011	10	https://www.amazon.com/s?rh=n:196606011&fs=true&page=10
Musical Toys	196607011	1	https://www.amazon.com/s?rh=n:196607011&fs=true&page=1
Musical Toys	196607011	2	https://www.amazon.com/s?rh=n:196607011&fs=true&page=2
Musical Toys	196607011	3	https://www.amazon.com/s?rh=n:196607011&fs=true&page=3
Musical Toys	196607011	4	https://www.amazon.com/s?rh=n:196607011&fs=true&page=4
Musical Toys	196607011	5	https://www.amazon.com/s?rh=n:196607011&fs=true&page=5
Musical Toys	196607011	6	https://www.amazon.com/s?rh=n:196607011&fs=true&page=6
Musical Toys	196607011	7	https://www.amazon.com/s?rh=n:196607011&fs=true&page=7
Musical Toys	196607011	8	https://www.amazon.com/s?rh=n:196607011&fs=true&page=8
Musical Toys	196607011	9	https://www.amazon.com/s?rh=n:196607011&fs=true&page=9
Musical Toys	196607011	10	https://www.amazon.com/s?rh=n:196607011&fs=true&page=10
Rocking Horses & Animals	21403449011	1	https://www.amazon.com/s?rh=n:21403449011&fs=true&page=1
Rocking Horses & Animals	21403449011	2	https://www.amazon.com/s?rh=n:21403449011&fs=true&page=2
Rocking Horses & Animals	21403449011	3	https://www.amazon.com/s?rh=n:21403449011&fs=true&page=3
Rocking Horses & Animals	21403449011	4	https://www.amazon.com/s?rh=n:21403449011&fs=true&page=4
Rocking Horses & Animals	21403449011	5	https://www.amazon.com/s?rh=n:21403449011&fs=true&page=5
Rocking Horses & Animals	21403449011	6	https://www.amazon.com/s?rh=n:21403449011&fs=true&page=6
Rocking Horses & Animals	21403449011	7	https://www.amazon.com/s?rh=n:21403449011&fs=true&page=7
Rocking Horses & Animals	21403449011	8	https://www.amazon.com/s?rh=n:21403449011&fs=true&page=8
Rocking Horses & Animals	21403449011	9	https://www.amazon.com/s?rh=n:21403449011&fs=true&page=9
Rocking Horses & Animals	21403449011	10	https://www.amazon.com/s?rh=n:21403449011&fs=true&page=10
Spinning Tops	166048011	1	https://www.amazon.com/s?rh=n:166048011&fs=true&page=1
Spinning Tops	166048011	2	https://www.amazon.com/s?rh=n:166048011&fs=true&page=2
Spinning Tops	166048011	3	https://www.amazon.com/s?rh=n:166048011&fs=true&page=3
Spinning Tops	166048011	4	https://www.amazon.com/s?rh=n:166048011&fs=true&page=4
Spinning Tops	166048011	5	https://www.amazon.com/s?rh=n:166048011&fs=true&page=5
Spinning Tops	166048011	6	https://www.amazon.com/s?rh=n:166048011&fs=true&page=6
Spinning Tops	166048011	7	https://www.amazon.com/s?rh=n:166048011&fs=true&page=7
Spinning Tops	166048011	8	https://www.amazon.com/s?rh=n:166048011&fs=true&page=8
Spinning Tops	166048011	9	https://www.amazon.com/s?rh=n:166048011&fs=true&page=9
Spinning Tops	166048011	10	https://www.amazon.com/s?rh=n:166048011&fs=true&page=10
Stick Horses	389860011	1	https://www.amazon.com/s?rh=n:389860011&fs=true&page=1
Stick Horses	389860011	2	https://www.amazon.com/s?rh=n:389860011&fs=true&page=2
Stick Horses	389860011	3	https://www.amazon.com/s?rh=n:389860011&fs=true&page=3
Stick Horses	389860011	4	https://www.amazon.com/s?rh=n:389860011&fs=true&page=4
Stick Horses	389860011	5	https://www.amazon.com/s?rh=n:389860011&fs=true&page=5
Stick Horses	389860011	6	https://www.amazon.com/s?rh=n:389860011&fs=true&page=6
Stick Horses	389860011	7	https://www.amazon.com/s?rh=n:389860011&fs=true&page=7
Stick Horses	389860011	8	https://www.amazon.com/s?rh=n:389860011&fs=true&page=8
Stick Horses	389860011	9	https://www.amazon.com/s?rh=n:389860011&fs=true&page=9
Stick Horses	389860011	10	https://www.amazon.com/s?rh=n:389860011&fs=true&page=10
Teethers	166861011	1	https://www.amazon.com/s?rh=n:166861011&fs=true&page=1
Teethers	166861011	2	https://www.amazon.com/s?rh=n:166861011&fs=true&page=2
Teethers	166861011	3	https://www.amazon.com/s?rh=n:166861011&fs=true&page=3
Teethers	166861011	4	https://www.amazon.com/s?rh=n:166861011&fs=true&page=4
Teethers	166861011	5	https://www.amazon.com/s?rh=n:166861011&fs=true&page=5
Teethers	166861011	6	https://www.amazon.com/s?rh=n:166861011&fs=true&page=6
Teethers	166861011	7	https://www.amazon.com/s?rh=n:166861011&fs=true&page=7
Teethers	166861011	8	https://www.amazon.com/s?rh=n:166861011&fs=true&page=8
Teethers	166861011	9	https://www.amazon.com/s?rh=n:166861011&fs=true&page=9
Teethers	166861011	10	https://www.amazon.com/s?rh=n:166861011&fs=true&page=10
Bathroom Safety	166864011	1	https://www.amazon.com/s?rh=n:166864011&fs=true&page=1
Bathroom Safety	166864011	2	https://www.amazon.com/s?rh=n:166864011&fs=true&page=2
Bathroom Safety	166864011	3	https://www.amazon.com/s?rh=n:166864011&fs=true&page=3
Bathroom Safety	166864011	4	https://www.amazon.com/s?rh=n:166864011&fs=true&page=4
Bathroom Safety	166864011	5	https://www.amazon.com/s?rh=n:166864011&fs=true&page=5
Bathroom Safety	166864011	6	https://www.amazon.com/s?rh=n:166864011&fs=true&page=6
Bathroom Safety	166864011	7	https://www.amazon.com/s?rh=n:166864011&fs=true&page=7
Bathroom Safety	166864011	8	https://www.amazon.com/s?rh=n:166864011&fs=true&page=8
Bathroom Safety	166864011	9	https://www.amazon.com/s?rh=n:166864011&fs=true&page=9
Bathroom Safety	166864011	10	https://www.amazon.com/s?rh=n:166864011&fs=true&page=10
Bed Rails & Rail Guards	166872011	1	https://www.amazon.com/s?rh=n:166872011&fs=true&page=1
Bed Rails & Rail Guards	166872011	2	https://www.amazon.com/s?rh=n:166872011&fs=true&page=2
Bed Rails & Rail Guards	166872011	3	https://www.amazon.com/s?rh=n:166872011&fs=true&page=3
Bed Rails & Rail Guards	166872011	4	https://www.amazon.com/s?rh=n:166872011&fs=true&page=4
Bed Rails & Rail Guards	166872011	5	https://www.amazon.com/s?rh=n:166872011&fs=true&page=5
Bed Rails & Rail Guards	166872011	6	https://www.amazon.com/s?rh=n:166872011&fs=true&page=6
Bed Rails & Rail Guards	166872011	7	https://www.amazon.com/s?rh=n:166872011&fs=true&page=7
Bed Rails & Rail Guards	166872011	8	https://www.amazon.com/s?rh=n:166872011&fs=true&page=8
Bed Rails & Rail Guards	166872011	9	https://www.amazon.com/s?rh=n:166872011&fs=true&page=9
Bed Rails & Rail Guards	166872011	10	https://www.amazon.com/s?rh=n:166872011&fs=true&page=10
Electrical Safety	166867011	1	https://www.amazon.com/s?rh=n:166867011&fs=true&page=1
Electrical Safety	166867011	2	https://www.amazon.com/s?rh=n:166867011&fs=true&page=2
Electrical Safety	166867011	3	https://www.amazon.com/s?rh=n:166867011&fs=true&page=3
Electrical Safety	166867011	4	https://www.amazon.com/s?rh=n:166867011&fs=true&page=4
Electrical Safety	166867011	5	https://www.amazon.com/s?rh=n:166867011&fs=true&page=5
Electrical Safety	166867011	6	https://www.amazon.com/s?rh=n:166867011&fs=true&page=6
Electrical Safety	166867011	7	https://www.amazon.com/s?rh=n:166867011&fs=true&page=7
Electrical Safety	166867011	8	https://www.amazon.com/s?rh=n:166867011&fs=true&page=8
Electrical Safety	166867011	9	https://www.amazon.com/s?rh=n:166867011&fs=true&page=9
Electrical Safety	166867011	10	https://www.amazon.com/s?rh=n:166867011&fs=true&page=10
Gates & Gate Extensions	166868011	1	https://www.amazon.com/s?rh=n:166868011&fs=true&page=1
Gates & Gate Extensions	166868011	2	https://www.amazon.com/s?rh=n:166868011&fs=true&page=2
Gates & Gate Extensions	166868011	3	https://www.amazon.com/s?rh=n:166868011&fs=true&page=3
Gates & Gate Extensions	166868011	4	https://www.amazon.com/s?rh=n:166868011&fs=true&page=4
Gates & Gate Extensions	166868011	5	https://www.amazon.com/s?rh=n:166868011&fs=true&page=5
Gates & Gate Extensions	166868011	6	https://www.amazon.com/s?rh=n:166868011&fs=true&page=6
Gates & Gate Extensions	166868011	7	https://www.amazon.com/s?rh=n:166868011&fs=true&page=7
Gates & Gate Extensions	166868011	8	https://www.amazon.com/s?rh=n:166868011&fs=true&page=8
Gates & Gate Extensions	166868011	9	https://www.amazon.com/s?rh=n:166868011&fs=true&page=9
Gates & Gate Extensions	166868011	10	https://www.amazon.com/s?rh=n:166868011&fs=true&page=10
Guards & Locks	24254177011	1	https://www.amazon.com/s?rh=n:24254177011&fs=true&page=1
Guards & Locks	24254177011	2	https://www.amazon.com/s?rh=n:24254177011&fs=true&page=2
Guards & Locks	24254177011	3	https://www.amazon.com/s?rh=n:24254177011&fs=true&page=3
Guards & Locks	24254177011	4	https://www.amazon.com/s?rh=n:24254177011&fs=true&page=4
Guards & Locks	24254177011	5	https://www.amazon.com/s?rh=n:24254177011&fs=true&page=5
Guards & Locks	24254177011	6	https://www.amazon.com/s?rh=n:24254177011&fs=true&page=6
Guards & Locks	24254177011	7	https://www.amazon.com/s?rh=n:24254177011&fs=true&page=7
Guards & Locks	24254177011	8	https://www.amazon.com/s?rh=n:24254177011&fs=true&page=8
Guards & Locks	24254177011	9	https://www.amazon.com/s?rh=n:24254177011&fs=true&page=9
Guards & Locks	24254177011	10	https://www.amazon.com/s?rh=n:24254177011&fs=true&page=10
Harnesses & Leashes	2237486011	1	https://www.amazon.com/s?rh=n:2237486011&fs=true&page=1
Harnesses & Leashes	2237486011	2	https://www.amazon.com/s?rh=n:2237486011&fs=true&page=2
Harnesses & Leashes	2237486011	3	https://www.amazon.com/s?rh=n:2237486011&fs=true&page=3
Harnesses & Leashes	2237486011	4	https://www.amazon.com/s?rh=n:2237486011&fs=true&page=4
Harnesses & Leashes	2237486011	5	https://www.amazon.com/s?rh=n:2237486011&fs=true&page=5
Harnesses & Leashes	2237486011	6	https://www.amazon.com/s?rh=n:2237486011&fs=true&page=6
Harnesses & Leashes	2237486011	7	https://www.amazon.com/s?rh=n:2237486011&fs=true&page=7
Harnesses & Leashes	2237486011	8	https://www.amazon.com/s?rh=n:2237486011&fs=true&page=8
Harnesses & Leashes	2237486011	9	https://www.amazon.com/s?rh=n:2237486011&fs=true&page=9
Harnesses & Leashes	2237486011	10	https://www.amazon.com/s?rh=n:2237486011&fs=true&page=10
Hearing Protection Earmuffs	21393842011	1	https://www.amazon.com/s?rh=n:21393842011&fs=true&page=1
Hearing Protection Earmuffs	21393842011	2	https://www.amazon.com/s?rh=n:21393842011&fs=true&page=2
Hearing Protection Earmuffs	21393842011	3	https://www.amazon.com/s?rh=n:21393842011&fs=true&page=3
Hearing Protection Earmuffs	21393842011	4	https://www.amazon.com/s?rh=n:21393842011&fs=true&page=4
Hearing Protection Earmuffs	21393842011	5	https://www.amazon.com/s?rh=n:21393842011&fs=true&page=5
Hearing Protection Earmuffs	21393842011	6	https://www.amazon.com/s?rh=n:21393842011&fs=true&page=6
Hearing Protection Earmuffs	21393842011	7	https://www.amazon.com/s?rh=n:21393842011&fs=true&page=7
Hearing Protection Earmuffs	21393842011	8	https://www.amazon.com/s?rh=n:21393842011&fs=true&page=8
Hearing Protection Earmuffs	21393842011	9	https://www.amazon.com/s?rh=n:21393842011&fs=true&page=9
Hearing Protection Earmuffs	21393842011	10	https://www.amazon.com/s?rh=n:21393842011&fs=true&page=10
Kitchen Safety	166869011	1	https://www.amazon.com/s?rh=n:166869011&fs=true&page=1
Kitchen Safety	166869011	2	https://www.amazon.com/s?rh=n:166869011&fs=true&page=2
Kitchen Safety	166869011	3	https://www.amazon.com/s?rh=n:166869011&fs=true&page=3
Kitchen Safety	166869011	4	https://www.amazon.com/s?rh=n:166869011&fs=true&page=4
Kitchen Safety	166869011	5	https://www.amazon.com/s?rh=n:166869011&fs=true&page=5
Kitchen Safety	166869011	6	https://www.amazon.com/s?rh=n:166869011&fs=true&page=6
Kitchen Safety	166869011	7	https://www.amazon.com/s?rh=n:166869011&fs=true&page=7
Kitchen Safety	166869011	8	https://www.amazon.com/s?rh=n:166869011&fs=true&page=8
Kitchen Safety	166869011	9	https://www.amazon.com/s?rh=n:166869011&fs=true&page=9
Kitchen Safety	166869011	10	https://www.amazon.com/s?rh=n:166869011&fs=true&page=10
Monitors	166870011	1	https://www.amazon.com/s?rh=n:166870011&fs=true&page=1
Monitors	166870011	2	https://www.amazon.com/s?rh=n:166870011&fs=true&page=2
Monitors	166870011	3	https://www.amazon.com/s?rh=n:166870011&fs=true&page=3
Monitors	166870011	4	https://www.amazon.com/s?rh=n:166870011&fs=true&page=4
Monitors	166870011	5	https://www.amazon.com/s?rh=n:166870011&fs=true&page=5
Monitors	166870011	6	https://www.amazon.com/s?rh=n:166870011&fs=true&page=6
Monitors	166870011	7	https://www.amazon.com/s?rh=n:166870011&fs=true&page=7
Monitors	166870011	8	https://www.amazon.com/s?rh=n:166870011&fs=true&page=8
Monitors	166870011	9	https://www.amazon.com/s?rh=n:166870011&fs=true&page=9
Monitors	166870011	10	https://www.amazon.com/s?rh=n:166870011&fs=true&page=10
Mosquito Protection	2237482011	1	https://www.amazon.com/s?rh=n:2237482011&fs=true&page=1
Mosquito Protection	2237482011	2	https://www.amazon.com/s?rh=n:2237482011&fs=true&page=2
Mosquito Protection	2237482011	3	https://www.amazon.com/s?rh=n:2237482011&fs=true&page=3
Mosquito Protection	2237482011	4	https://www.amazon.com/s?rh=n:2237482011&fs=true&page=4
Mosquito Protection	2237482011	5	https://www.amazon.com/s?rh=n:2237482011&fs=true&page=5
Mosquito Protection	2237482011	6	https://www.amazon.com/s?rh=n:2237482011&fs=true&page=6
Mosquito Protection	2237482011	7	https://www.amazon.com/s?rh=n:2237482011&fs=true&page=7
Mosquito Protection	2237482011	8	https://www.amazon.com/s?rh=n:2237482011&fs=true&page=8
Mosquito Protection	2237482011	9	https://www.amazon.com/s?rh=n:2237482011&fs=true&page=9
Mosquito Protection	2237482011	10	https://www.amazon.com/s?rh=n:2237482011&fs=true&page=10
Edge & Corner Guards	166866011	1	https://www.amazon.com/s?rh=n:166866011&fs=true&page=1
Edge & Corner Guards	166866011	2	https://www.amazon.com/s?rh=n:166866011&fs=true&page=2
Edge & Corner Guards	166866011	3	https://www.amazon.com/s?rh=n:166866011&fs=true&page=3
Edge & Corner Guards	166866011	4	https://www.amazon.com/s?rh=n:166866011&fs=true&page=4
Edge & Corner Guards	166866011	5	https://www.amazon.com/s?rh=n:166866011&fs=true&page=5
Edge & Corner Guards	166866011	6	https://www.amazon.com/s?rh=n:166866011&fs=true&page=6
Edge & Corner Guards	166866011	7	https://www.amazon.com/s?rh=n:166866011&fs=true&page=7
Edge & Corner Guards	166866011	8	https://www.amazon.com/s?rh=n:166866011&fs=true&page=8
Edge & Corner Guards	166866011	9	https://www.amazon.com/s?rh=n:166866011&fs=true&page=9
Edge & Corner Guards	166866011	10	https://www.amazon.com/s?rh=n:166866011&fs=true&page=10
Seat Covers	166888011	1	https://www.amazon.com/s?rh=n:166888011&fs=true&page=1
Seat Covers	166888011	2	https://www.amazon.com/s?rh=n:166888011&fs=true&page=2
Seat Covers	166888011	3	https://www.amazon.com/s?rh=n:166888011&fs=true&page=3
Seat Covers	166888011	4	https://www.amazon.com/s?rh=n:166888011&fs=true&page=4
Seat Covers	166888011	5	https://www.amazon.com/s?rh=n:166888011&fs=true&page=5
Seat Covers	166888011	6	https://www.amazon.com/s?rh=n:166888011&fs=true&page=6
Seat Covers	166888011	7	https://www.amazon.com/s?rh=n:166888011&fs=true&page=7
Seat Covers	166888011	8	https://www.amazon.com/s?rh=n:166888011&fs=true&page=8
Seat Covers	166888011	9	https://www.amazon.com/s?rh=n:166888011&fs=true&page=9
Seat Covers	166888011	10	https://www.amazon.com/s?rh=n:166888011&fs=true&page=10
Seats	23728190011	1	https://www.amazon.com/s?rh=n:23728190011&fs=true&page=1
Seats	23728190011	2	https://www.amazon.com/s?rh=n:23728190011&fs=true&page=2
Seats	23728190011	3	https://www.amazon.com/s?rh=n:23728190011&fs=true&page=3
Seats	23728190011	4	https://www.amazon.com/s?rh=n:23728190011&fs=true&page=4
Seats	23728190011	5	https://www.amazon.com/s?rh=n:23728190011&fs=true&page=5
Seats	23728190011	6	https://www.amazon.com/s?rh=n:23728190011&fs=true&page=6
Seats	23728190011	7	https://www.amazon.com/s?rh=n:23728190011&fs=true&page=7
Seats	23728190011	8	https://www.amazon.com/s?rh=n:23728190011&fs=true&page=8
Seats	23728190011	9	https://www.amazon.com/s?rh=n:23728190011&fs=true&page=9
Seats	23728190011	10	https://www.amazon.com/s?rh=n:23728190011&fs=true&page=10
Training Pants	166891011	1	https://www.amazon.com/s?rh=n:166891011&fs=true&page=1
Training Pants	166891011	2	https://www.amazon.com/s?rh=n:166891011&fs=true&page=2
Training Pants	166891011	3	https://www.amazon.com/s?rh=n:166891011&fs=true&page=3
Training Pants	166891011	4	https://www.amazon.com/s?rh=n:166891011&fs=true&page=4
Training Pants	166891011	5	https://www.amazon.com/s?rh=n:166891011&fs=true&page=5
Training Pants	166891011	6	https://www.amazon.com/s?rh=n:166891011&fs=true&page=6
Training Pants	166891011	7	https://www.amazon.com/s?rh=n:166891011&fs=true&page=7
Training Pants	166891011	8	https://www.amazon.com/s?rh=n:166891011&fs=true&page=8
Training Pants	166891011	9	https://www.amazon.com/s?rh=n:166891011&fs=true&page=9
Training Pants	166891011	10	https://www.amazon.com/s?rh=n:166891011&fs=true&page=10
Travel Potties	2237485011	1	https://www.amazon.com/s?rh=n:2237485011&fs=true&page=1
Travel Potties	2237485011	2	https://www.amazon.com/s?rh=n:2237485011&fs=true&page=2
Travel Potties	2237485011	3	https://www.amazon.com/s?rh=n:2237485011&fs=true&page=3
Travel Potties	2237485011	4	https://www.amazon.com/s?rh=n:2237485011&fs=true&page=4
Travel Potties	2237485011	5	https://www.amazon.com/s?rh=n:2237485011&fs=true&page=5
Travel Potties	2237485011	6	https://www.amazon.com/s?rh=n:2237485011&fs=true&page=6
Travel Potties	2237485011	7	https://www.amazon.com/s?rh=n:2237485011&fs=true&page=7
Travel Potties	2237485011	8	https://www.amazon.com/s?rh=n:2237485011&fs=true&page=8
Travel Potties	2237485011	9	https://www.amazon.com/s?rh=n:2237485011&fs=true&page=9
Travel Potties	2237485011	10	https://www.amazon.com/s?rh=n:2237485011&fs=true&page=10
Potties	23728191011	1	https://www.amazon.com/s?rh=n:23728191011&fs=true&page=1
Potties	23728191011	2	https://www.amazon.com/s?rh=n:23728191011&fs=true&page=2
Potties	23728191011	3	https://www.amazon.com/s?rh=n:23728191011&fs=true&page=3
Potties	23728191011	4	https://www.amazon.com/s?rh=n:23728191011&fs=true&page=4
Potties	23728191011	5	https://www.amazon.com/s?rh=n:23728191011&fs=true&page=5
Potties	23728191011	6	https://www.amazon.com/s?rh=n:23728191011&fs=true&page=6
Potties	23728191011	7	https://www.amazon.com/s?rh=n:23728191011&fs=true&page=7
Potties	23728191011	8	https://www.amazon.com/s?rh=n:23728191011&fs=true&page=8
Potties	23728191011	9	https://www.amazon.com/s?rh=n:23728191011&fs=true&page=9
Potties	23728191011	10	https://www.amazon.com/s?rh=n:23728191011&fs=true&page=10
Lightweight	370094011	1	https://www.amazon.com/s?rh=n:370094011&fs=true&page=1
Lightweight	370094011	2	https://www.amazon.com/s?rh=n:370094011&fs=true&page=2
Lightweight	370094011	3	https://www.amazon.com/s?rh=n:370094011&fs=true&page=3
Lightweight	370094011	4	https://www.amazon.com/s?rh=n:370094011&fs=true&page=4
Lightweight	370094011	5	https://www.amazon.com/s?rh=n:370094011&fs=true&page=5
Lightweight	370094011	6	https://www.amazon.com/s?rh=n:370094011&fs=true&page=6
Lightweight	370094011	7	https://www.amazon.com/s?rh=n:370094011&fs=true&page=7
Lightweight	370094011	8	https://www.amazon.com/s?rh=n:370094011&fs=true&page=8
Lightweight	370094011	9	https://www.amazon.com/s?rh=n:370094011&fs=true&page=9
Lightweight	370094011	10	https://www.amazon.com/s?rh=n:370094011&fs=true&page=10
Prams	166847011	1	https://www.amazon.com/s?rh=n:166847011&fs=true&page=1
Prams	166847011	2	https://www.amazon.com/s?rh=n:166847011&fs=true&page=2
Prams	166847011	3	https://www.amazon.com/s?rh=n:166847011&fs=true&page=3
Prams	166847011	4	https://www.amazon.com/s?rh=n:166847011&fs=true&page=4
Prams	166847011	5	https://www.amazon.com/s?rh=n:166847011&fs=true&page=5
Prams	166847011	6	https://www.amazon.com/s?rh=n:166847011&fs=true&page=6
Prams	166847011	7	https://www.amazon.com/s?rh=n:166847011&fs=true&page=7
Prams	166847011	8	https://www.amazon.com/s?rh=n:166847011&fs=true&page=8
Prams	166847011	9	https://www.amazon.com/s?rh=n:166847011&fs=true&page=9
Prams	166847011	10	https://www.amazon.com/s?rh=n:166847011&fs=true&page=10
Standard	166845011	1	https://www.amazon.com/s?rh=n:166845011&fs=true&page=1
Standard	166845011	2	https://www.amazon.com/s?rh=n:166845011&fs=true&page=2
Standard	166845011	3	https://www.amazon.com/s?rh=n:166845011&fs=true&page=3
Standard	166845011	4	https://www.amazon.com/s?rh=n:166845011&fs=true&page=4
Standard	166845011	5	https://www.amazon.com/s?rh=n:166845011&fs=true&page=5
Standard	166845011	6	https://www.amazon.com/s?rh=n:166845011&fs=true&page=6
Standard	166845011	7	https://www.amazon.com/s?rh=n:166845011&fs=true&page=7
Standard	166845011	8	https://www.amazon.com/s?rh=n:166845011&fs=true&page=8
Standard	166845011	9	https://www.amazon.com/s?rh=n:166845011&fs=true&page=9
Standard	166845011	10	https://www.amazon.com/s?rh=n:166845011&fs=true&page=10
Tandem	173210011	1	https://www.amazon.com/s?rh=n:173210011&fs=true&page=1
Tandem	173210011	2	https://www.amazon.com/s?rh=n:173210011&fs=true&page=2
Tandem	173210011	3	https://www.amazon.com/s?rh=n:173210011&fs=true&page=3
Tandem	173210011	4	https://www.amazon.com/s?rh=n:173210011&fs=true&page=4
Tandem	173210011	5	https://www.amazon.com/s?rh=n:173210011&fs=true&page=5
Tandem	173210011	6	https://www.amazon.com/s?rh=n:173210011&fs=true&page=6
Tandem	173210011	7	https://www.amazon.com/s?rh=n:173210011&fs=true&page=7
Tandem	173210011	8	https://www.amazon.com/s?rh=n:173210011&fs=true&page=8
Tandem	173210011	9	https://www.amazon.com/s?rh=n:173210011&fs=true&page=9
Tandem	173210011	10	https://www.amazon.com/s?rh=n:173210011&fs=true&page=10
Travel Systems	166849011	1	https://www.amazon.com/s?rh=n:166849011&fs=true&page=1
Travel Systems	166849011	2	https://www.amazon.com/s?rh=n:166849011&fs=true&page=2
Travel Systems	166849011	3	https://www.amazon.com/s?rh=n:166849011&fs=true&page=3
Travel Systems	166849011	4	https://www.amazon.com/s?rh=n:166849011&fs=true&page=4
Travel Systems	166849011	5	https://www.amazon.com/s?rh=n:166849011&fs=true&page=5
Travel Systems	166849011	6	https://www.amazon.com/s?rh=n:166849011&fs=true&page=6
Travel Systems	166849011	7	https://www.amazon.com/s?rh=n:166849011&fs=true&page=7
Travel Systems	166849011	8	https://www.amazon.com/s?rh=n:166849011&fs=true&page=8
Travel Systems	166849011	9	https://www.amazon.com/s?rh=n:166849011&fs=true&page=9
Travel Systems	166849011	10	https://www.amazon.com/s?rh=n:166849011&fs=true&page=10
Joggers	166846011	1	https://www.amazon.com/s?rh=n:166846011&fs=true&page=1
Joggers	166846011	2	https://www.amazon.com/s?rh=n:166846011&fs=true&page=2
Joggers	166846011	3	https://www.amazon.com/s?rh=n:166846011&fs=true&page=3
Joggers	166846011	4	https://www.amazon.com/s?rh=n:166846011&fs=true&page=4
Joggers	166846011	5	https://www.amazon.com/s?rh=n:166846011&fs=true&page=5
Joggers	166846011	6	https://www.amazon.com/s?rh=n:166846011&fs=true&page=6
Joggers	166846011	7	https://www.amazon.com/s?rh=n:166846011&fs=true&page=7
Joggers	166846011	8	https://www.amazon.com/s?rh=n:166846011&fs=true&page=8
Joggers	166846011	9	https://www.amazon.com/s?rh=n:166846011&fs=true&page=9
Joggers	166846011	10	https://www.amazon.com/s?rh=n:166846011&fs=true&page=10
Bath Rugs	1063242	1	https://www.amazon.com/s?rh=n:1063242&fs=true&page=1
Bath Rugs	1063242	2	https://www.amazon.com/s?rh=n:1063242&fs=true&page=2
Bath Rugs	1063242	3	https://www.amazon.com/s?rh=n:1063242&fs=true&page=3
Bath Rugs	1063242	4	https://www.amazon.com/s?rh=n:1063242&fs=true&page=4
Bath Rugs	1063242	5	https://www.amazon.com/s?rh=n:1063242&fs=true&page=5
Bath Rugs	1063242	6	https://www.amazon.com/s?rh=n:1063242&fs=true&page=6
Bath Rugs	1063242	7	https://www.amazon.com/s?rh=n:1063242&fs=true&page=7
Bath Rugs	1063242	8	https://www.amazon.com/s?rh=n:1063242&fs=true&page=8
Bath Rugs	1063242	9	https://www.amazon.com/s?rh=n:1063242&fs=true&page=9
Bath Rugs	1063242	10	https://www.amazon.com/s?rh=n:1063242&fs=true&page=10
Bathroom Accessories	1063238	1	https://www.amazon.com/s?rh=n:1063238&fs=true&page=1
Bathroom Accessories	1063238	2	https://www.amazon.com/s?rh=n:1063238&fs=true&page=2
Bathroom Accessories	1063238	3	https://www.amazon.com/s?rh=n:1063238&fs=true&page=3
Bathroom Accessories	1063238	4	https://www.amazon.com/s?rh=n:1063238&fs=true&page=4
Bathroom Accessories	1063238	5	https://www.amazon.com/s?rh=n:1063238&fs=true&page=5
Bathroom Accessories	1063238	6	https://www.amazon.com/s?rh=n:1063238&fs=true&page=6
Bathroom Accessories	1063238	7	https://www.amazon.com/s?rh=n:1063238&fs=true&page=7
Bathroom Accessories	1063238	8	https://www.amazon.com/s?rh=n:1063238&fs=true&page=8
Bathroom Accessories	1063238	9	https://www.amazon.com/s?rh=n:1063238&fs=true&page=9
Bathroom Accessories	1063238	10	https://www.amazon.com/s?rh=n:1063238&fs=true&page=10
Bathroom Furniture	5392425011	1	https://www.amazon.com/s?rh=n:5392425011&fs=true&page=1
Bathroom Furniture	5392425011	2	https://www.amazon.com/s?rh=n:5392425011&fs=true&page=2
Bathroom Furniture	5392425011	3	https://www.amazon.com/s?rh=n:5392425011&fs=true&page=3
Bathroom Furniture	5392425011	4	https://www.amazon.com/s?rh=n:5392425011&fs=true&page=4
Bathroom Furniture	5392425011	5	https://www.amazon.com/s?rh=n:5392425011&fs=true&page=5
Bathroom Furniture	5392425011	6	https://www.amazon.com/s?rh=n:5392425011&fs=true&page=6
Bathroom Furniture	5392425011	7	https://www.amazon.com/s?rh=n:5392425011&fs=true&page=7
Bathroom Furniture	5392425011	8	https://www.amazon.com/s?rh=n:5392425011&fs=true&page=8
Bathroom Furniture	5392425011	9	https://www.amazon.com/s?rh=n:5392425011&fs=true&page=9
Bathroom Furniture	5392425011	10	https://www.amazon.com/s?rh=n:5392425011&fs=true&page=10
Kids' Bath	3263108011	1	https://www.amazon.com/s?rh=n:3263108011&fs=true&page=1
Kids' Bath	3263108011	2	https://www.amazon.com/s?rh=n:3263108011&fs=true&page=2
Kids' Bath	3263108011	3	https://www.amazon.com/s?rh=n:3263108011&fs=true&page=3
Kids' Bath	3263108011	4	https://www.amazon.com/s?rh=n:3263108011&fs=true&page=4
Kids' Bath	3263108011	5	https://www.amazon.com/s?rh=n:3263108011&fs=true&page=5
Kids' Bath	3263108011	6	https://www.amazon.com/s?rh=n:3263108011&fs=true&page=6
Kids' Bath	3263108011	7	https://www.amazon.com/s?rh=n:3263108011&fs=true&page=7
Kids' Bath	3263108011	8	https://www.amazon.com/s?rh=n:3263108011&fs=true&page=8
Kids' Bath	3263108011	9	https://www.amazon.com/s?rh=n:3263108011&fs=true&page=9
Kids' Bath	3263108011	10	https://www.amazon.com/s?rh=n:3263108011&fs=true&page=10
Accessories	166836011	1	https://www.amazon.com/s?rh=n:166836011&fs=true&page=1
Accessories	166836011	2	https://www.amazon.com/s?rh=n:166836011&fs=true&page=2
Accessories	166836011	3	https://www.amazon.com/s?rh=n:166836011&fs=true&page=3
Accessories	166836011	4	https://www.amazon.com/s?rh=n:166836011&fs=true&page=4
Accessories	166836011	5	https://www.amazon.com/s?rh=n:166836011&fs=true&page=5
Accessories	166836011	6	https://www.amazon.com/s?rh=n:166836011&fs=true&page=6
Accessories	166836011	7	https://www.amazon.com/s?rh=n:166836011&fs=true&page=7
Accessories	166836011	8	https://www.amazon.com/s?rh=n:166836011&fs=true&page=8
Accessories	166836011	9	https://www.amazon.com/s?rh=n:166836011&fs=true&page=9
Accessories	166836011	10	https://www.amazon.com/s?rh=n:166836011&fs=true&page=10
Car Seat Bases	8457150011	1	https://www.amazon.com/s?rh=n:8457150011&fs=true&page=1
Car Seat Bases	8457150011	2	https://www.amazon.com/s?rh=n:8457150011&fs=true&page=2
Car Seat Bases	8457150011	3	https://www.amazon.com/s?rh=n:8457150011&fs=true&page=3
Car Seat Bases	8457150011	4	https://www.amazon.com/s?rh=n:8457150011&fs=true&page=4
Car Seat Bases	8457150011	5	https://www.amazon.com/s?rh=n:8457150011&fs=true&page=5
Car Seat Bases	8457150011	6	https://www.amazon.com/s?rh=n:8457150011&fs=true&page=6
Car Seat Bases	8457150011	7	https://www.amazon.com/s?rh=n:8457150011&fs=true&page=7
Car Seat Bases	8457150011	8	https://www.amazon.com/s?rh=n:8457150011&fs=true&page=8
Car Seat Bases	8457150011	9	https://www.amazon.com/s?rh=n:8457150011&fs=true&page=9
Car Seat Bases	8457150011	10	https://www.amazon.com/s?rh=n:8457150011&fs=true&page=10
Towels	1063244	1	https://www.amazon.com/s?rh=n:1063244&fs=true&page=1
Towels	1063244	2	https://www.amazon.com/s?rh=n:1063244&fs=true&page=2
Towels	1063244	3	https://www.amazon.com/s?rh=n:1063244&fs=true&page=3
Towels	1063244	4	https://www.amazon.com/s?rh=n:1063244&fs=true&page=4
Towels	1063244	5	https://www.amazon.com/s?rh=n:1063244&fs=true&page=5
Towels	1063244	6	https://www.amazon.com/s?rh=n:1063244&fs=true&page=6
Towels	1063244	7	https://www.amazon.com/s?rh=n:1063244&fs=true&page=7
Towels	1063244	8	https://www.amazon.com/s?rh=n:1063244&fs=true&page=8
Towels	1063244	9	https://www.amazon.com/s?rh=n:1063244&fs=true&page=9
Towels	1063244	10	https://www.amazon.com/s?rh=n:1063244&fs=true&page=10
Bath Linen Sets	3731671	1	https://www.amazon.com/s?rh=n:3731671&fs=true&page=1
Bath Linen Sets	3731671	2	https://www.amazon.com/s?rh=n:3731671&fs=true&page=2
Bath Linen Sets	3731671	3	https://www.amazon.com/s?rh=n:3731671&fs=true&page=3
Bath Linen Sets	3731671	4	https://www.amazon.com/s?rh=n:3731671&fs=true&page=4
Bath Linen Sets	3731671	5	https://www.amazon.com/s?rh=n:3731671&fs=true&page=5
Bath Linen Sets	3731671	6	https://www.amazon.com/s?rh=n:3731671&fs=true&page=6
Bath Linen Sets	3731671	7	https://www.amazon.com/s?rh=n:3731671&fs=true&page=7
Bath Linen Sets	3731671	8	https://www.amazon.com/s?rh=n:3731671&fs=true&page=8
Bath Linen Sets	3731671	9	https://www.amazon.com/s?rh=n:3731671&fs=true&page=9
Bath Linen Sets	3731671	10	https://www.amazon.com/s?rh=n:3731671&fs=true&page=10
Car Seats	1272297011	1	https://www.amazon.com/s?rh=n:1272297011&fs=true&page=1
Car Seats	1272297011	2	https://www.amazon.com/s?rh=n:1272297011&fs=true&page=2
Car Seats	1272297011	3	https://www.amazon.com/s?rh=n:1272297011&fs=true&page=3
Car Seats	1272297011	4	https://www.amazon.com/s?rh=n:1272297011&fs=true&page=4
Car Seats	1272297011	5	https://www.amazon.com/s?rh=n:1272297011&fs=true&page=5
Car Seats	1272297011	6	https://www.amazon.com/s?rh=n:1272297011&fs=true&page=6
Car Seats	1272297011	7	https://www.amazon.com/s?rh=n:1272297011&fs=true&page=7
Car Seats	1272297011	8	https://www.amazon.com/s?rh=n:1272297011&fs=true&page=8
Car Seats	1272297011	9	https://www.amazon.com/s?rh=n:1272297011&fs=true&page=9
Car Seats	1272297011	10	https://www.amazon.com/s?rh=n:1272297011&fs=true&page=10
Air Mattresses & Accessories	562190	1	https://www.amazon.com/s?rh=n:562190&fs=true&page=1
Air Mattresses & Accessories	562190	2	https://www.amazon.com/s?rh=n:562190&fs=true&page=2
Air Mattresses & Accessories	562190	3	https://www.amazon.com/s?rh=n:562190&fs=true&page=3
Air Mattresses & Accessories	562190	4	https://www.amazon.com/s?rh=n:562190&fs=true&page=4
Air Mattresses & Accessories	562190	5	https://www.amazon.com/s?rh=n:562190&fs=true&page=5
Air Mattresses & Accessories	562190	6	https://www.amazon.com/s?rh=n:562190&fs=true&page=6
Air Mattresses & Accessories	562190	7	https://www.amazon.com/s?rh=n:562190&fs=true&page=7
Air Mattresses & Accessories	562190	8	https://www.amazon.com/s?rh=n:562190&fs=true&page=8
Air Mattresses & Accessories	562190	9	https://www.amazon.com/s?rh=n:562190&fs=true&page=9
Air Mattresses & Accessories	562190	10	https://www.amazon.com/s?rh=n:562190&fs=true&page=10
Bed Pillows & Positioners	1199122	1	https://www.amazon.com/s?rh=n:1199122&fs=true&page=1
Bed Pillows & Positioners	1199122	2	https://www.amazon.com/s?rh=n:1199122&fs=true&page=2
Bed Pillows & Positioners	1199122	3	https://www.amazon.com/s?rh=n:1199122&fs=true&page=3
Bed Pillows & Positioners	1199122	4	https://www.amazon.com/s?rh=n:1199122&fs=true&page=4
Bed Pillows & Positioners	1199122	5	https://www.amazon.com/s?rh=n:1199122&fs=true&page=5
Bed Pillows & Positioners	1199122	6	https://www.amazon.com/s?rh=n:1199122&fs=true&page=6
Bed Pillows & Positioners	1199122	7	https://www.amazon.com/s?rh=n:1199122&fs=true&page=7
Bed Pillows & Positioners	1199122	8	https://www.amazon.com/s?rh=n:1199122&fs=true&page=8
Bed Pillows & Positioners	1199122	9	https://www.amazon.com/s?rh=n:1199122&fs=true&page=9
Bed Pillows & Positioners	1199122	10	https://www.amazon.com/s?rh=n:1199122&fs=true&page=10
Bed Runners & Scarves	16175638011	1	https://www.amazon.com/s?rh=n:16175638011&fs=true&page=1
Bed Runners & Scarves	16175638011	2	https://www.amazon.com/s?rh=n:16175638011&fs=true&page=2
Bed Runners & Scarves	16175638011	3	https://www.amazon.com/s?rh=n:16175638011&fs=true&page=3
Bed Runners & Scarves	16175638011	4	https://www.amazon.com/s?rh=n:16175638011&fs=true&page=4
Bed Runners & Scarves	16175638011	5	https://www.amazon.com/s?rh=n:16175638011&fs=true&page=5
Bed Runners & Scarves	16175638011	6	https://www.amazon.com/s?rh=n:16175638011&fs=true&page=6
Bed Runners & Scarves	16175638011	7	https://www.amazon.com/s?rh=n:16175638011&fs=true&page=7
Bed Runners & Scarves	16175638011	8	https://www.amazon.com/s?rh=n:16175638011&fs=true&page=8
Bed Runners & Scarves	16175638011	9	https://www.amazon.com/s?rh=n:16175638011&fs=true&page=9
Bed Runners & Scarves	16175638011	10	https://www.amazon.com/s?rh=n:16175638011&fs=true&page=10
Bed Skirts	3732211	1	https://www.amazon.com/s?rh=n:3732211&fs=true&page=1
Bed Skirts	3732211	2	https://www.amazon.com/s?rh=n:3732211&fs=true&page=2
Bed Skirts	3732211	3	https://www.amazon.com/s?rh=n:3732211&fs=true&page=3
Bed Skirts	3732211	4	https://www.amazon.com/s?rh=n:3732211&fs=true&page=4
Bed Skirts	3732211	5	https://www.amazon.com/s?rh=n:3732211&fs=true&page=5
Bed Skirts	3732211	6	https://www.amazon.com/s?rh=n:3732211&fs=true&page=6
Bed Skirts	3732211	7	https://www.amazon.com/s?rh=n:3732211&fs=true&page=7
Bed Skirts	3732211	8	https://www.amazon.com/s?rh=n:3732211&fs=true&page=8
Bed Skirts	3732211	9	https://www.amazon.com/s?rh=n:3732211&fs=true&page=9
Bed Skirts	3732211	10	https://www.amazon.com/s?rh=n:3732211&fs=true&page=10
Bedding Accessories	3732231	1	https://www.amazon.com/s?rh=n:3732231&fs=true&page=1
Bedding Accessories	3732231	2	https://www.amazon.com/s?rh=n:3732231&fs=true&page=2
Bedding Accessories	3732231	3	https://www.amazon.com/s?rh=n:3732231&fs=true&page=3
Bedding Accessories	3732231	4	https://www.amazon.com/s?rh=n:3732231&fs=true&page=4
Bedding Accessories	3732231	5	https://www.amazon.com/s?rh=n:3732231&fs=true&page=5
Bedding Accessories	3732231	6	https://www.amazon.com/s?rh=n:3732231&fs=true&page=6
Bedding Accessories	3732231	7	https://www.amazon.com/s?rh=n:3732231&fs=true&page=7
Bedding Accessories	3732231	8	https://www.amazon.com/s?rh=n:3732231&fs=true&page=8
Bedding Accessories	3732231	9	https://www.amazon.com/s?rh=n:3732231&fs=true&page=9
Bedding Accessories	3732231	10	https://www.amazon.com/s?rh=n:3732231&fs=true&page=10
Bedding Sets & Collections	3732131	1	https://www.amazon.com/s?rh=n:3732131&fs=true&page=1
Bedding Sets & Collections	3732131	2	https://www.amazon.com/s?rh=n:3732131&fs=true&page=2
Bedding Sets & Collections	3732131	3	https://www.amazon.com/s?rh=n:3732131&fs=true&page=3
Bedding Sets & Collections	3732131	4	https://www.amazon.com/s?rh=n:3732131&fs=true&page=4
Bedding Sets & Collections	3732131	5	https://www.amazon.com/s?rh=n:3732131&fs=true&page=5
Bedding Sets & Collections	3732131	6	https://www.amazon.com/s?rh=n:3732131&fs=true&page=6
Bedding Sets & Collections	3732131	7	https://www.amazon.com/s?rh=n:3732131&fs=true&page=7
Bedding Sets & Collections	3732131	8	https://www.amazon.com/s?rh=n:3732131&fs=true&page=8
Bedding Sets & Collections	3732131	9	https://www.amazon.com/s?rh=n:3732131&fs=true&page=9
Bedding Sets & Collections	3732131	10	https://www.amazon.com/s?rh=n:3732131&fs=true&page=10
Bedspreads, Coverlets & Sets	10671038011	1	https://www.amazon.com/s?rh=n:10671038011&fs=true&page=1
Bedspreads, Coverlets & Sets	10671038011	2	https://www.amazon.com/s?rh=n:10671038011&fs=true&page=2
Bedspreads, Coverlets & Sets	10671038011	3	https://www.amazon.com/s?rh=n:10671038011&fs=true&page=3
Bedspreads, Coverlets & Sets	10671038011	4	https://www.amazon.com/s?rh=n:10671038011&fs=true&page=4
Bedspreads, Coverlets & Sets	10671038011	5	https://www.amazon.com/s?rh=n:10671038011&fs=true&page=5
Bedspreads, Coverlets & Sets	10671038011	6	https://www.amazon.com/s?rh=n:10671038011&fs=true&page=6
Bedspreads, Coverlets & Sets	10671038011	7	https://www.amazon.com/s?rh=n:10671038011&fs=true&page=7
Bedspreads, Coverlets & Sets	10671038011	8	https://www.amazon.com/s?rh=n:10671038011&fs=true&page=8
Bedspreads, Coverlets & Sets	10671038011	9	https://www.amazon.com/s?rh=n:10671038011&fs=true&page=9
Bedspreads, Coverlets & Sets	10671038011	10	https://www.amazon.com/s?rh=n:10671038011&fs=true&page=10
Blankets & Throws	1063280	1	https://www.amazon.com/s?rh=n:1063280&fs=true&page=1
Blankets & Throws	1063280	2	https://www.amazon.com/s?rh=n:1063280&fs=true&page=2
Blankets & Throws	1063280	3	https://www.amazon.com/s?rh=n:1063280&fs=true&page=3
Blankets & Throws	1063280	4	https://www.amazon.com/s?rh=n:1063280&fs=true&page=4
Blankets & Throws	1063280	5	https://www.amazon.com/s?rh=n:1063280&fs=true&page=5
Blankets & Throws	1063280	6	https://www.amazon.com/s?rh=n:1063280&fs=true&page=6
Blankets & Throws	1063280	7	https://www.amazon.com/s?rh=n:1063280&fs=true&page=7
Blankets & Throws	1063280	8	https://www.amazon.com/s?rh=n:1063280&fs=true&page=8
Blankets & Throws	1063280	9	https://www.amazon.com/s?rh=n:1063280&fs=true&page=9
Blankets & Throws	1063280	10	https://www.amazon.com/s?rh=n:1063280&fs=true&page=10
Comforters & Sets	2224405011	1	https://www.amazon.com/s?rh=n:2224405011&fs=true&page=1
Comforters & Sets	2224405011	2	https://www.amazon.com/s?rh=n:2224405011&fs=true&page=2
Comforters & Sets	2224405011	3	https://www.amazon.com/s?rh=n:2224405011&fs=true&page=3
Comforters & Sets	2224405011	4	https://www.amazon.com/s?rh=n:2224405011&fs=true&page=4
Comforters & Sets	2224405011	5	https://www.amazon.com/s?rh=n:2224405011&fs=true&page=5
Comforters & Sets	2224405011	6	https://www.amazon.com/s?rh=n:2224405011&fs=true&page=6
Comforters & Sets	2224405011	7	https://www.amazon.com/s?rh=n:2224405011&fs=true&page=7
Comforters & Sets	2224405011	8	https://www.amazon.com/s?rh=n:2224405011&fs=true&page=8
Comforters & Sets	2224405011	9	https://www.amazon.com/s?rh=n:2224405011&fs=true&page=9
Comforters & Sets	2224405011	10	https://www.amazon.com/s?rh=n:2224405011&fs=true&page=10
Decorative Pillows, Inserts & Covers	1063262	1	https://www.amazon.com/s?rh=n:1063262&fs=true&page=1
Decorative Pillows, Inserts & Covers	1063262	2	https://www.amazon.com/s?rh=n:1063262&fs=true&page=2
Decorative Pillows, Inserts & Covers	1063262	3	https://www.amazon.com/s?rh=n:1063262&fs=true&page=3
Decorative Pillows, Inserts & Covers	1063262	4	https://www.amazon.com/s?rh=n:1063262&fs=true&page=4
Decorative Pillows, Inserts & Covers	1063262	5	https://www.amazon.com/s?rh=n:1063262&fs=true&page=5
Decorative Pillows, Inserts & Covers	1063262	6	https://www.amazon.com/s?rh=n:1063262&fs=true&page=6
Decorative Pillows, Inserts & Covers	1063262	7	https://www.amazon.com/s?rh=n:1063262&fs=true&page=7
Decorative Pillows, Inserts & Covers	1063262	8	https://www.amazon.com/s?rh=n:1063262&fs=true&page=8
Decorative Pillows, Inserts & Covers	1063262	9	https://www.amazon.com/s?rh=n:1063262&fs=true&page=9
Decorative Pillows, Inserts & Covers	1063262	10	https://www.amazon.com/s?rh=n:1063262&fs=true&page=10
Duvet Covers & Sets	21404094011	1	https://www.amazon.com/s?rh=n:21404094011&fs=true&page=1
Duvet Covers & Sets	21404094011	2	https://www.amazon.com/s?rh=n:21404094011&fs=true&page=2
Duvet Covers & Sets	21404094011	3	https://www.amazon.com/s?rh=n:21404094011&fs=true&page=3
Duvet Covers & Sets	21404094011	4	https://www.amazon.com/s?rh=n:21404094011&fs=true&page=4
Duvet Covers & Sets	21404094011	5	https://www.amazon.com/s?rh=n:21404094011&fs=true&page=5
Duvet Covers & Sets	21404094011	6	https://www.amazon.com/s?rh=n:21404094011&fs=true&page=6
Duvet Covers & Sets	21404094011	7	https://www.amazon.com/s?rh=n:21404094011&fs=true&page=7
Duvet Covers & Sets	21404094011	8	https://www.amazon.com/s?rh=n:21404094011&fs=true&page=8
Duvet Covers & Sets	21404094011	9	https://www.amazon.com/s?rh=n:21404094011&fs=true&page=9
Duvet Covers & Sets	21404094011	10	https://www.amazon.com/s?rh=n:21404094011&fs=true&page=10
Duvets & Sets	21404093011	1	https://www.amazon.com/s?rh=n:21404093011&fs=true&page=1
Duvets & Sets	21404093011	2	https://www.amazon.com/s?rh=n:21404093011&fs=true&page=2
Duvets & Sets	21404093011	3	https://www.amazon.com/s?rh=n:21404093011&fs=true&page=3
Duvets & Sets	21404093011	4	https://www.amazon.com/s?rh=n:21404093011&fs=true&page=4
Duvets & Sets	21404093011	5	https://www.amazon.com/s?rh=n:21404093011&fs=true&page=5
Duvets & Sets	21404093011	6	https://www.amazon.com/s?rh=n:21404093011&fs=true&page=6
Duvets & Sets	21404093011	7	https://www.amazon.com/s?rh=n:21404093011&fs=true&page=7
Duvets & Sets	21404093011	8	https://www.amazon.com/s?rh=n:21404093011&fs=true&page=8
Duvets & Sets	21404093011	9	https://www.amazon.com/s?rh=n:21404093011&fs=true&page=9
Duvets & Sets	21404093011	10	https://www.amazon.com/s?rh=n:21404093011&fs=true&page=10
Kids' Bedding	1063268	1	https://www.amazon.com/s?rh=n:1063268&fs=true&page=1
Kids' Bedding	1063268	2	https://www.amazon.com/s?rh=n:1063268&fs=true&page=2
Kids' Bedding	1063268	3	https://www.amazon.com/s?rh=n:1063268&fs=true&page=3
Kids' Bedding	1063268	4	https://www.amazon.com/s?rh=n:1063268&fs=true&page=4
Kids' Bedding	1063268	5	https://www.amazon.com/s?rh=n:1063268&fs=true&page=5
Kids' Bedding	1063268	6	https://www.amazon.com/s?rh=n:1063268&fs=true&page=6
Kids' Bedding	1063268	7	https://www.amazon.com/s?rh=n:1063268&fs=true&page=7
Kids' Bedding	1063268	8	https://www.amazon.com/s?rh=n:1063268&fs=true&page=8
Kids' Bedding	1063268	9	https://www.amazon.com/s?rh=n:1063268&fs=true&page=9
Kids' Bedding	1063268	10	https://www.amazon.com/s?rh=n:1063268&fs=true&page=10
Mattress Pads & Toppers	17874224011	1	https://www.amazon.com/s?rh=n:17874224011&fs=true&page=1
Mattress Pads & Toppers	17874224011	2	https://www.amazon.com/s?rh=n:17874224011&fs=true&page=2
Mattress Pads & Toppers	17874224011	3	https://www.amazon.com/s?rh=n:17874224011&fs=true&page=3
Mattress Pads & Toppers	17874224011	4	https://www.amazon.com/s?rh=n:17874224011&fs=true&page=4
Mattress Pads & Toppers	17874224011	5	https://www.amazon.com/s?rh=n:17874224011&fs=true&page=5
Mattress Pads & Toppers	17874224011	6	https://www.amazon.com/s?rh=n:17874224011&fs=true&page=6
Mattress Pads & Toppers	17874224011	7	https://www.amazon.com/s?rh=n:17874224011&fs=true&page=7
Mattress Pads & Toppers	17874224011	8	https://www.amazon.com/s?rh=n:17874224011&fs=true&page=8
Mattress Pads & Toppers	17874224011	9	https://www.amazon.com/s?rh=n:17874224011&fs=true&page=9
Mattress Pads & Toppers	17874224011	10	https://www.amazon.com/s?rh=n:17874224011&fs=true&page=10
Mattress Protectors & Encasements	17874225011	1	https://www.amazon.com/s?rh=n:17874225011&fs=true&page=1
Mattress Protectors & Encasements	17874225011	2	https://www.amazon.com/s?rh=n:17874225011&fs=true&page=2
Mattress Protectors & Encasements	17874225011	3	https://www.amazon.com/s?rh=n:17874225011&fs=true&page=3
Mattress Protectors & Encasements	17874225011	4	https://www.amazon.com/s?rh=n:17874225011&fs=true&page=4
Mattress Protectors & Encasements	17874225011	5	https://www.amazon.com/s?rh=n:17874225011&fs=true&page=5
Mattress Protectors & Encasements	17874225011	6	https://www.amazon.com/s?rh=n:17874225011&fs=true&page=6
Mattress Protectors & Encasements	17874225011	7	https://www.amazon.com/s?rh=n:17874225011&fs=true&page=7
Mattress Protectors & Encasements	17874225011	8	https://www.amazon.com/s?rh=n:17874225011&fs=true&page=8
Mattress Protectors & Encasements	17874225011	9	https://www.amazon.com/s?rh=n:17874225011&fs=true&page=9
Mattress Protectors & Encasements	17874225011	10	https://www.amazon.com/s?rh=n:17874225011&fs=true&page=10
Quilts & Sets	10671039011	1	https://www.amazon.com/s?rh=n:10671039011&fs=true&page=1
Quilts & Sets	10671039011	2	https://www.amazon.com/s?rh=n:10671039011&fs=true&page=2
Quilts & Sets	10671039011	3	https://www.amazon.com/s?rh=n:10671039011&fs=true&page=3
Quilts & Sets	10671039011	4	https://www.amazon.com/s?rh=n:10671039011&fs=true&page=4
Quilts & Sets	10671039011	5	https://www.amazon.com/s?rh=n:10671039011&fs=true&page=5
Quilts & Sets	10671039011	6	https://www.amazon.com/s?rh=n:10671039011&fs=true&page=6
Quilts & Sets	10671039011	7	https://www.amazon.com/s?rh=n:10671039011&fs=true&page=7
Quilts & Sets	10671039011	8	https://www.amazon.com/s?rh=n:10671039011&fs=true&page=8
Quilts & Sets	10671039011	9	https://www.amazon.com/s?rh=n:10671039011&fs=true&page=9
Quilts & Sets	10671039011	10	https://www.amazon.com/s?rh=n:10671039011&fs=true&page=10
Sheets & Pillowcases	1063274	1	https://www.amazon.com/s?rh=n:1063274&fs=true&page=1
Sheets & Pillowcases	1063274	2	https://www.amazon.com/s?rh=n:1063274&fs=true&page=2
Sheets & Pillowcases	1063274	3	https://www.amazon.com/s?rh=n:1063274&fs=true&page=3
Sheets & Pillowcases	1063274	4	https://www.amazon.com/s?rh=n:1063274&fs=true&page=4
Sheets & Pillowcases	1063274	5	https://www.amazon.com/s?rh=n:1063274&fs=true&page=5
Sheets & Pillowcases	1063274	6	https://www.amazon.com/s?rh=n:1063274&fs=true&page=6
Sheets & Pillowcases	1063274	7	https://www.amazon.com/s?rh=n:1063274&fs=true&page=7
Sheets & Pillowcases	1063274	8	https://www.amazon.com/s?rh=n:1063274&fs=true&page=8
Sheets & Pillowcases	1063274	9	https://www.amazon.com/s?rh=n:1063274&fs=true&page=9
Sheets & Pillowcases	1063274	10	https://www.amazon.com/s?rh=n:1063274&fs=true&page=10
Car Seats	166835011	1	https://www.amazon.com/s?rh=n:166835011&fs=true&page=1
Car Seats	166835011	2	https://www.amazon.com/s?rh=n:166835011&fs=true&page=2
Car Seats	166835011	3	https://www.amazon.com/s?rh=n:166835011&fs=true&page=3
Car Seats	166835011	4	https://www.amazon.com/s?rh=n:166835011&fs=true&page=4
Car Seats	166835011	5	https://www.amazon.com/s?rh=n:166835011&fs=true&page=5
Car Seats	166835011	6	https://www.amazon.com/s?rh=n:166835011&fs=true&page=6
Car Seats	166835011	7	https://www.amazon.com/s?rh=n:166835011&fs=true&page=7
Car Seats	166835011	8	https://www.amazon.com/s?rh=n:166835011&fs=true&page=8
Car Seats	166835011	9	https://www.amazon.com/s?rh=n:166835011&fs=true&page=9
Car Seats	166835011	10	https://www.amazon.com/s?rh=n:166835011&fs=true&page=10
Carriers & Accessories	166829011	1	https://www.amazon.com/s?rh=n:166829011&fs=true&page=1
Carriers & Accessories	166829011	2	https://www.amazon.com/s?rh=n:166829011&fs=true&page=2
Carriers & Accessories	166829011	3	https://www.amazon.com/s?rh=n:166829011&fs=true&page=3
Carriers & Accessories	166829011	4	https://www.amazon.com/s?rh=n:166829011&fs=true&page=4
Carriers & Accessories	166829011	5	https://www.amazon.com/s?rh=n:166829011&fs=true&page=5
Carriers & Accessories	166829011	6	https://www.amazon.com/s?rh=n:166829011&fs=true&page=6
Carriers & Accessories	166829011	7	https://www.amazon.com/s?rh=n:166829011&fs=true&page=7
Carriers & Accessories	166829011	8	https://www.amazon.com/s?rh=n:166829011&fs=true&page=8
Carriers & Accessories	166829011	9	https://www.amazon.com/s?rh=n:166829011&fs=true&page=9
Carriers & Accessories	166829011	10	https://www.amazon.com/s?rh=n:166829011&fs=true&page=10
Child Seats	3403281	1	https://www.amazon.com/s?rh=n:3403281&fs=true&page=1
Child Seats	3403281	2	https://www.amazon.com/s?rh=n:3403281&fs=true&page=2
Child Seats	3403281	3	https://www.amazon.com/s?rh=n:3403281&fs=true&page=3
Child Seats	3403281	4	https://www.amazon.com/s?rh=n:3403281&fs=true&page=4
Child Seats	3403281	5	https://www.amazon.com/s?rh=n:3403281&fs=true&page=5
Child Seats	3403281	6	https://www.amazon.com/s?rh=n:3403281&fs=true&page=6
Child Seats	3403281	7	https://www.amazon.com/s?rh=n:3403281&fs=true&page=7
Child Seats	3403281	8	https://www.amazon.com/s?rh=n:3403281&fs=true&page=8
Child Seats	3403281	9	https://www.amazon.com/s?rh=n:3403281&fs=true&page=9
Child Seats	3403281	10	https://www.amazon.com/s?rh=n:3403281&fs=true&page=10
Playards	166841011	1	https://www.amazon.com/s?rh=n:166841011&fs=true&page=1
Playards	166841011	2	https://www.amazon.com/s?rh=n:166841011&fs=true&page=2
Playards	166841011	3	https://www.amazon.com/s?rh=n:166841011&fs=true&page=3
Playards	166841011	4	https://www.amazon.com/s?rh=n:166841011&fs=true&page=4
Playards	166841011	5	https://www.amazon.com/s?rh=n:166841011&fs=true&page=5
Playards	166841011	6	https://www.amazon.com/s?rh=n:166841011&fs=true&page=6
Playards	166841011	7	https://www.amazon.com/s?rh=n:166841011&fs=true&page=7
Playards	166841011	8	https://www.amazon.com/s?rh=n:166841011&fs=true&page=8
Playards	166841011	9	https://www.amazon.com/s?rh=n:166841011&fs=true&page=9
Playards	166841011	10	https://www.amazon.com/s?rh=n:166841011&fs=true&page=10
Strollers & Accessories	8446318011	1	https://www.amazon.com/s?rh=n:8446318011&fs=true&page=1
Strollers & Accessories	8446318011	2	https://www.amazon.com/s?rh=n:8446318011&fs=true&page=2
Strollers & Accessories	8446318011	3	https://www.amazon.com/s?rh=n:8446318011&fs=true&page=3
Strollers & Accessories	8446318011	4	https://www.amazon.com/s?rh=n:8446318011&fs=true&page=4
Strollers & Accessories	8446318011	5	https://www.amazon.com/s?rh=n:8446318011&fs=true&page=5
Strollers & Accessories	8446318011	6	https://www.amazon.com/s?rh=n:8446318011&fs=true&page=6
Strollers & Accessories	8446318011	7	https://www.amazon.com/s?rh=n:8446318011&fs=true&page=7
Strollers & Accessories	8446318011	8	https://www.amazon.com/s?rh=n:8446318011&fs=true&page=8
Strollers & Accessories	8446318011	9	https://www.amazon.com/s?rh=n:8446318011&fs=true&page=9
Strollers & Accessories	8446318011	10	https://www.amazon.com/s?rh=n:8446318011&fs=true&page=10
Travel Beds	21364146011	1	https://www.amazon.com/s?rh=n:21364146011&fs=true&page=1
Travel Beds	21364146011	2	https://www.amazon.com/s?rh=n:21364146011&fs=true&page=2
Travel Beds	21364146011	3	https://www.amazon.com/s?rh=n:21364146011&fs=true&page=3
Travel Beds	21364146011	4	https://www.amazon.com/s?rh=n:21364146011&fs=true&page=4
Travel Beds	21364146011	5	https://www.amazon.com/s?rh=n:21364146011&fs=true&page=5
Travel Beds	21364146011	6	https://www.amazon.com/s?rh=n:21364146011&fs=true&page=6
Travel Beds	21364146011	7	https://www.amazon.com/s?rh=n:21364146011&fs=true&page=7
Travel Beds	21364146011	8	https://www.amazon.com/s?rh=n:21364146011&fs=true&page=8
Travel Beds	21364146011	9	https://www.amazon.com/s?rh=n:21364146011&fs=true&page=9
Travel Beds	21364146011	10	https://www.amazon.com/s?rh=n:21364146011&fs=true&page=10
Bed Canopies & Drapes	3732201	1	https://www.amazon.com/s?rh=n:3732201&fs=true&page=1
Bed Canopies & Drapes	3732201	2	https://www.amazon.com/s?rh=n:3732201&fs=true&page=2
Bed Canopies & Drapes	3732201	3	https://www.amazon.com/s?rh=n:3732201&fs=true&page=3
Bed Canopies & Drapes	3732201	4	https://www.amazon.com/s?rh=n:3732201&fs=true&page=4
Bed Canopies & Drapes	3732201	5	https://www.amazon.com/s?rh=n:3732201&fs=true&page=5
Bed Canopies & Drapes	3732201	6	https://www.amazon.com/s?rh=n:3732201&fs=true&page=6
Bed Canopies & Drapes	3732201	7	https://www.amazon.com/s?rh=n:3732201&fs=true&page=7
Bed Canopies & Drapes	3732201	8	https://www.amazon.com/s?rh=n:3732201&fs=true&page=8
Bed Canopies & Drapes	3732201	9	https://www.amazon.com/s?rh=n:3732201&fs=true&page=9
Bed Canopies & Drapes	3732201	10	https://www.amazon.com/s?rh=n:3732201&fs=true&page=10
Cleaning Tools	15342831	1	https://www.amazon.com/s?rh=n:15342831&fs=true&page=1
Cleaning Tools	15342831	2	https://www.amazon.com/s?rh=n:15342831&fs=true&page=2
Cleaning Tools	15342831	3	https://www.amazon.com/s?rh=n:15342831&fs=true&page=3
Cleaning Tools	15342831	4	https://www.amazon.com/s?rh=n:15342831&fs=true&page=4
Cleaning Tools	15342831	5	https://www.amazon.com/s?rh=n:15342831&fs=true&page=5
Cleaning Tools	15342831	6	https://www.amazon.com/s?rh=n:15342831&fs=true&page=6
Cleaning Tools	15342831	7	https://www.amazon.com/s?rh=n:15342831&fs=true&page=7
Cleaning Tools	15342831	8	https://www.amazon.com/s?rh=n:15342831&fs=true&page=8
Cleaning Tools	15342831	9	https://www.amazon.com/s?rh=n:15342831&fs=true&page=9
Cleaning Tools	15342831	10	https://www.amazon.com/s?rh=n:15342831&fs=true&page=10
Paper & Plastic	15342841	1	https://www.amazon.com/s?rh=n:15342841&fs=true&page=1
Paper & Plastic	15342841	2	https://www.amazon.com/s?rh=n:15342841&fs=true&page=2
Paper & Plastic	15342841	3	https://www.amazon.com/s?rh=n:15342841&fs=true&page=3
Paper & Plastic	15342841	4	https://www.amazon.com/s?rh=n:15342841&fs=true&page=4
Paper & Plastic	15342841	5	https://www.amazon.com/s?rh=n:15342841&fs=true&page=5
Paper & Plastic	15342841	6	https://www.amazon.com/s?rh=n:15342841&fs=true&page=6
Paper & Plastic	15342841	7	https://www.amazon.com/s?rh=n:15342841&fs=true&page=7
Paper & Plastic	15342841	8	https://www.amazon.com/s?rh=n:15342841&fs=true&page=8
Paper & Plastic	15342841	9	https://www.amazon.com/s?rh=n:15342841&fs=true&page=9
Paper & Plastic	15342841	10	https://www.amazon.com/s?rh=n:15342841&fs=true&page=10
Garment Steamers	510248	1	https://www.amazon.com/s?rh=n:510248&fs=true&page=1
Garment Steamers	510248	2	https://www.amazon.com/s?rh=n:510248&fs=true&page=2
Garment Steamers	510248	3	https://www.amazon.com/s?rh=n:510248&fs=true&page=3
Garment Steamers	510248	4	https://www.amazon.com/s?rh=n:510248&fs=true&page=4
Garment Steamers	510248	5	https://www.amazon.com/s?rh=n:510248&fs=true&page=5
Garment Steamers	510248	6	https://www.amazon.com/s?rh=n:510248&fs=true&page=6
Garment Steamers	510248	7	https://www.amazon.com/s?rh=n:510248&fs=true&page=7
Garment Steamers	510248	8	https://www.amazon.com/s?rh=n:510248&fs=true&page=8
Garment Steamers	510248	9	https://www.amazon.com/s?rh=n:510248&fs=true&page=9
Garment Steamers	510248	10	https://www.amazon.com/s?rh=n:510248&fs=true&page=10
Ironing Accessories	3737851	1	https://www.amazon.com/s?rh=n:3737851&fs=true&page=1
Ironing Accessories	3737851	2	https://www.amazon.com/s?rh=n:3737851&fs=true&page=2
Ironing Accessories	3737851	3	https://www.amazon.com/s?rh=n:3737851&fs=true&page=3
Ironing Accessories	3737851	4	https://www.amazon.com/s?rh=n:3737851&fs=true&page=4
Ironing Accessories	3737851	5	https://www.amazon.com/s?rh=n:3737851&fs=true&page=5
Ironing Accessories	3737851	6	https://www.amazon.com/s?rh=n:3737851&fs=true&page=6
Ironing Accessories	3737851	7	https://www.amazon.com/s?rh=n:3737851&fs=true&page=7
Ironing Accessories	3737851	8	https://www.amazon.com/s?rh=n:3737851&fs=true&page=8
Ironing Accessories	3737851	9	https://www.amazon.com/s?rh=n:3737851&fs=true&page=9
Ironing Accessories	3737851	10	https://www.amazon.com/s?rh=n:3737851&fs=true&page=10
Garment Steamer Accessories	3737861	1	https://www.amazon.com/s?rh=n:3737861&fs=true&page=1
Garment Steamer Accessories	3737861	2	https://www.amazon.com/s?rh=n:3737861&fs=true&page=2
Garment Steamer Accessories	3737861	3	https://www.amazon.com/s?rh=n:3737861&fs=true&page=3
Garment Steamer Accessories	3737861	4	https://www.amazon.com/s?rh=n:3737861&fs=true&page=4
Garment Steamer Accessories	3737861	5	https://www.amazon.com/s?rh=n:3737861&fs=true&page=5
Garment Steamer Accessories	3737861	6	https://www.amazon.com/s?rh=n:3737861&fs=true&page=6
Garment Steamer Accessories	3737861	7	https://www.amazon.com/s?rh=n:3737861&fs=true&page=7
Garment Steamer Accessories	3737861	8	https://www.amazon.com/s?rh=n:3737861&fs=true&page=8
Garment Steamer Accessories	3737861	9	https://www.amazon.com/s?rh=n:3737861&fs=true&page=9
Garment Steamer Accessories	3737861	10	https://www.amazon.com/s?rh=n:3737861&fs=true&page=10
Ironing Board Covers	3737871	1	https://www.amazon.com/s?rh=n:3737871&fs=true&page=1
Ironing Board Covers	3737871	2	https://www.amazon.com/s?rh=n:3737871&fs=true&page=2
Ironing Board Covers	3737871	3	https://www.amazon.com/s?rh=n:3737871&fs=true&page=3
Ironing Board Covers	3737871	4	https://www.amazon.com/s?rh=n:3737871&fs=true&page=4
Ironing Board Covers	3737871	5	https://www.amazon.com/s?rh=n:3737871&fs=true&page=5
Ironing Board Covers	3737871	6	https://www.amazon.com/s?rh=n:3737871&fs=true&page=6
Ironing Board Covers	3737871	7	https://www.amazon.com/s?rh=n:3737871&fs=true&page=7
Ironing Board Covers	3737871	8	https://www.amazon.com/s?rh=n:3737871&fs=true&page=8
Ironing Board Covers	3737871	9	https://www.amazon.com/s?rh=n:3737871&fs=true&page=9
Ironing Board Covers	3737871	10	https://www.amazon.com/s?rh=n:3737871&fs=true&page=10
Ironing Boards	510246	1	https://www.amazon.com/s?rh=n:510246&fs=true&page=1
Ironing Boards	510246	2	https://www.amazon.com/s?rh=n:510246&fs=true&page=2
Ironing Boards	510246	3	https://www.amazon.com/s?rh=n:510246&fs=true&page=3
Ironing Boards	510246	4	https://www.amazon.com/s?rh=n:510246&fs=true&page=4
Ironing Boards	510246	5	https://www.amazon.com/s?rh=n:510246&fs=true&page=5
Ironing Boards	510246	6	https://www.amazon.com/s?rh=n:510246&fs=true&page=6
Ironing Boards	510246	7	https://www.amazon.com/s?rh=n:510246&fs=true&page=7
Ironing Boards	510246	8	https://www.amazon.com/s?rh=n:510246&fs=true&page=8
Ironing Boards	510246	9	https://www.amazon.com/s?rh=n:510246&fs=true&page=9
Ironing Boards	510246	10	https://www.amazon.com/s?rh=n:510246&fs=true&page=10
Irons	510242	1	https://www.amazon.com/s?rh=n:510242&fs=true&page=1
Irons	510242	2	https://www.amazon.com/s?rh=n:510242&fs=true&page=2
Irons	510242	3	https://www.amazon.com/s?rh=n:510242&fs=true&page=3
Irons	510242	4	https://www.amazon.com/s?rh=n:510242&fs=true&page=4
Irons	510242	5	https://www.amazon.com/s?rh=n:510242&fs=true&page=5
Irons	510242	6	https://www.amazon.com/s?rh=n:510242&fs=true&page=6
Irons	510242	7	https://www.amazon.com/s?rh=n:510242&fs=true&page=7
Irons	510242	8	https://www.amazon.com/s?rh=n:510242&fs=true&page=8
Irons	510242	9	https://www.amazon.com/s?rh=n:510242&fs=true&page=9
Irons	510242	10	https://www.amazon.com/s?rh=n:510242&fs=true&page=10
Travel Garment Steamers	3737831	1	https://www.amazon.com/s?rh=n:3737831&fs=true&page=1
Travel Garment Steamers	3737831	2	https://www.amazon.com/s?rh=n:3737831&fs=true&page=2
Travel Garment Steamers	3737831	3	https://www.amazon.com/s?rh=n:3737831&fs=true&page=3
Travel Garment Steamers	3737831	4	https://www.amazon.com/s?rh=n:3737831&fs=true&page=4
Travel Garment Steamers	3737831	5	https://www.amazon.com/s?rh=n:3737831&fs=true&page=5
Travel Garment Steamers	3737831	6	https://www.amazon.com/s?rh=n:3737831&fs=true&page=6
Travel Garment Steamers	3737831	7	https://www.amazon.com/s?rh=n:3737831&fs=true&page=7
Travel Garment Steamers	3737831	8	https://www.amazon.com/s?rh=n:3737831&fs=true&page=8
Travel Garment Steamers	3737831	9	https://www.amazon.com/s?rh=n:3737831&fs=true&page=9
Travel Garment Steamers	3737831	10	https://www.amazon.com/s?rh=n:3737831&fs=true&page=10
Trouser Pressers	3737881	1	https://www.amazon.com/s?rh=n:3737881&fs=true&page=1
Trouser Pressers	3737881	2	https://www.amazon.com/s?rh=n:3737881&fs=true&page=2
Trouser Pressers	3737881	3	https://www.amazon.com/s?rh=n:3737881&fs=true&page=3
Trouser Pressers	3737881	4	https://www.amazon.com/s?rh=n:3737881&fs=true&page=4
Trouser Pressers	3737881	5	https://www.amazon.com/s?rh=n:3737881&fs=true&page=5
Trouser Pressers	3737881	6	https://www.amazon.com/s?rh=n:3737881&fs=true&page=6
Trouser Pressers	3737881	7	https://www.amazon.com/s?rh=n:3737881&fs=true&page=7
Trouser Pressers	3737881	8	https://www.amazon.com/s?rh=n:3737881&fs=true&page=8
Trouser Pressers	3737881	9	https://www.amazon.com/s?rh=n:3737881&fs=true&page=9
Trouser Pressers	3737881	10	https://www.amazon.com/s?rh=n:3737881&fs=true&page=10
Artificial Plants & Flowers	14087351	1	https://www.amazon.com/s?rh=n:14087351&fs=true&page=1
Artificial Plants & Flowers	14087351	2	https://www.amazon.com/s?rh=n:14087351&fs=true&page=2
Artificial Plants & Flowers	14087351	3	https://www.amazon.com/s?rh=n:14087351&fs=true&page=3
Artificial Plants & Flowers	14087351	4	https://www.amazon.com/s?rh=n:14087351&fs=true&page=4
Artificial Plants & Flowers	14087351	5	https://www.amazon.com/s?rh=n:14087351&fs=true&page=5
Artificial Plants & Flowers	14087351	6	https://www.amazon.com/s?rh=n:14087351&fs=true&page=6
Artificial Plants & Flowers	14087351	7	https://www.amazon.com/s?rh=n:14087351&fs=true&page=7
Artificial Plants & Flowers	14087351	8	https://www.amazon.com/s?rh=n:14087351&fs=true&page=8
Artificial Plants & Flowers	14087351	9	https://www.amazon.com/s?rh=n:14087351&fs=true&page=9
Artificial Plants & Flowers	14087351	10	https://www.amazon.com/s?rh=n:14087351&fs=true&page=10
Candles & Holders	1063282	1	https://www.amazon.com/s?rh=n:1063282&fs=true&page=1
Candles & Holders	1063282	2	https://www.amazon.com/s?rh=n:1063282&fs=true&page=2
Candles & Holders	1063282	3	https://www.amazon.com/s?rh=n:1063282&fs=true&page=3
Candles & Holders	1063282	4	https://www.amazon.com/s?rh=n:1063282&fs=true&page=4
Candles & Holders	1063282	5	https://www.amazon.com/s?rh=n:1063282&fs=true&page=5
Candles & Holders	1063282	6	https://www.amazon.com/s?rh=n:1063282&fs=true&page=6
Candles & Holders	1063282	7	https://www.amazon.com/s?rh=n:1063282&fs=true&page=7
Candles & Holders	1063282	8	https://www.amazon.com/s?rh=n:1063282&fs=true&page=8
Candles & Holders	1063282	9	https://www.amazon.com/s?rh=n:1063282&fs=true&page=9
Candles & Holders	1063282	10	https://www.amazon.com/s?rh=n:1063282&fs=true&page=10
Clocks	542938	1	https://www.amazon.com/s?rh=n:542938&fs=true&page=1
Clocks	542938	2	https://www.amazon.com/s?rh=n:542938&fs=true&page=2
Clocks	542938	3	https://www.amazon.com/s?rh=n:542938&fs=true&page=3
Clocks	542938	4	https://www.amazon.com/s?rh=n:542938&fs=true&page=4
Clocks	542938	5	https://www.amazon.com/s?rh=n:542938&fs=true&page=5
Clocks	542938	6	https://www.amazon.com/s?rh=n:542938&fs=true&page=6
Clocks	542938	7	https://www.amazon.com/s?rh=n:542938&fs=true&page=7
Clocks	542938	8	https://www.amazon.com/s?rh=n:542938&fs=true&page=8
Clocks	542938	9	https://www.amazon.com/s?rh=n:542938&fs=true&page=9
Clocks	542938	10	https://www.amazon.com/s?rh=n:542938&fs=true&page=10
Dried & Preserved Flora	23556836011	1	https://www.amazon.com/s?rh=n:23556836011&fs=true&page=1
Dried & Preserved Flora	23556836011	2	https://www.amazon.com/s?rh=n:23556836011&fs=true&page=2
Dried & Preserved Flora	23556836011	3	https://www.amazon.com/s?rh=n:23556836011&fs=true&page=3
Dried & Preserved Flora	23556836011	4	https://www.amazon.com/s?rh=n:23556836011&fs=true&page=4
Dried & Preserved Flora	23556836011	5	https://www.amazon.com/s?rh=n:23556836011&fs=true&page=5
Dried & Preserved Flora	23556836011	6	https://www.amazon.com/s?rh=n:23556836011&fs=true&page=6
Dried & Preserved Flora	23556836011	7	https://www.amazon.com/s?rh=n:23556836011&fs=true&page=7
Dried & Preserved Flora	23556836011	8	https://www.amazon.com/s?rh=n:23556836011&fs=true&page=8
Dried & Preserved Flora	23556836011	9	https://www.amazon.com/s?rh=n:23556836011&fs=true&page=9
Dried & Preserved Flora	23556836011	10	https://www.amazon.com/s?rh=n:23556836011&fs=true&page=10
Décor	166875011	1	https://www.amazon.com/s?rh=n:166875011&fs=true&page=1
Décor	166875011	2	https://www.amazon.com/s?rh=n:166875011&fs=true&page=2
Décor	166875011	3	https://www.amazon.com/s?rh=n:166875011&fs=true&page=3
Décor	166875011	4	https://www.amazon.com/s?rh=n:166875011&fs=true&page=4
Décor	166875011	5	https://www.amazon.com/s?rh=n:166875011&fs=true&page=5
Décor	166875011	6	https://www.amazon.com/s?rh=n:166875011&fs=true&page=6
Décor	166875011	7	https://www.amazon.com/s?rh=n:166875011&fs=true&page=7
Décor	166875011	8	https://www.amazon.com/s?rh=n:166875011&fs=true&page=8
Décor	166875011	9	https://www.amazon.com/s?rh=n:166875011&fs=true&page=9
Décor	166875011	10	https://www.amazon.com/s?rh=n:166875011&fs=true&page=10
Home Décor Accents	3735061	1	https://www.amazon.com/s?rh=n:3735061&fs=true&page=1
Home Décor Accents	3735061	2	https://www.amazon.com/s?rh=n:3735061&fs=true&page=2
Home Décor Accents	3735061	3	https://www.amazon.com/s?rh=n:3735061&fs=true&page=3
Home Décor Accents	3735061	4	https://www.amazon.com/s?rh=n:3735061&fs=true&page=4
Home Décor Accents	3735061	5	https://www.amazon.com/s?rh=n:3735061&fs=true&page=5
Home Décor Accents	3735061	6	https://www.amazon.com/s?rh=n:3735061&fs=true&page=6
Home Décor Accents	3735061	7	https://www.amazon.com/s?rh=n:3735061&fs=true&page=7
Home Décor Accents	3735061	8	https://www.amazon.com/s?rh=n:3735061&fs=true&page=8
Home Décor Accents	3735061	9	https://www.amazon.com/s?rh=n:3735061&fs=true&page=9
Home Décor Accents	3735061	10	https://www.amazon.com/s?rh=n:3735061&fs=true&page=10
Home Fragrance	3734741	1	https://www.amazon.com/s?rh=n:3734741&fs=true&page=1
Home Fragrance	3734741	2	https://www.amazon.com/s?rh=n:3734741&fs=true&page=2
Home Fragrance	3734741	3	https://www.amazon.com/s?rh=n:3734741&fs=true&page=3
Home Fragrance	3734741	4	https://www.amazon.com/s?rh=n:3734741&fs=true&page=4
Home Fragrance	3734741	5	https://www.amazon.com/s?rh=n:3734741&fs=true&page=5
Home Fragrance	3734741	6	https://www.amazon.com/s?rh=n:3734741&fs=true&page=6
Home Fragrance	3734741	7	https://www.amazon.com/s?rh=n:3734741&fs=true&page=7
Home Fragrance	3734741	8	https://www.amazon.com/s?rh=n:3734741&fs=true&page=8
Home Fragrance	3734741	9	https://www.amazon.com/s?rh=n:3734741&fs=true&page=9
Home Fragrance	3734741	10	https://www.amazon.com/s?rh=n:3734741&fs=true&page=10
Indoor Fountains & Accessories	510236	1	https://www.amazon.com/s?rh=n:510236&fs=true&page=1
Indoor Fountains & Accessories	510236	2	https://www.amazon.com/s?rh=n:510236&fs=true&page=2
Indoor Fountains & Accessories	510236	3	https://www.amazon.com/s?rh=n:510236&fs=true&page=3
Indoor Fountains & Accessories	510236	4	https://www.amazon.com/s?rh=n:510236&fs=true&page=4
Indoor Fountains & Accessories	510236	5	https://www.amazon.com/s?rh=n:510236&fs=true&page=5
Indoor Fountains & Accessories	510236	6	https://www.amazon.com/s?rh=n:510236&fs=true&page=6
Indoor Fountains & Accessories	510236	7	https://www.amazon.com/s?rh=n:510236&fs=true&page=7
Indoor Fountains & Accessories	510236	8	https://www.amazon.com/s?rh=n:510236&fs=true&page=8
Indoor Fountains & Accessories	510236	9	https://www.amazon.com/s?rh=n:510236&fs=true&page=9
Indoor Fountains & Accessories	510236	10	https://www.amazon.com/s?rh=n:510236&fs=true&page=10
Kids' Room Décor	404454011	1	https://www.amazon.com/s?rh=n:404454011&fs=true&page=1
Kids' Room Décor	404454011	2	https://www.amazon.com/s?rh=n:404454011&fs=true&page=2
Kids' Room Décor	404454011	3	https://www.amazon.com/s?rh=n:404454011&fs=true&page=3
Kids' Room Décor	404454011	4	https://www.amazon.com/s?rh=n:404454011&fs=true&page=4
Kids' Room Décor	404454011	5	https://www.amazon.com/s?rh=n:404454011&fs=true&page=5
Kids' Room Décor	404454011	6	https://www.amazon.com/s?rh=n:404454011&fs=true&page=6
Kids' Room Décor	404454011	7	https://www.amazon.com/s?rh=n:404454011&fs=true&page=7
Kids' Room Décor	404454011	8	https://www.amazon.com/s?rh=n:404454011&fs=true&page=8
Kids' Room Décor	404454011	9	https://www.amazon.com/s?rh=n:404454011&fs=true&page=9
Kids' Room Décor	404454011	10	https://www.amazon.com/s?rh=n:404454011&fs=true&page=10
Mirrors	3736371	1	https://www.amazon.com/s?rh=n:3736371&fs=true&page=1
Mirrors	3736371	2	https://www.amazon.com/s?rh=n:3736371&fs=true&page=2
Mirrors	3736371	3	https://www.amazon.com/s?rh=n:3736371&fs=true&page=3
Mirrors	3736371	4	https://www.amazon.com/s?rh=n:3736371&fs=true&page=4
Mirrors	3736371	5	https://www.amazon.com/s?rh=n:3736371&fs=true&page=5
Mirrors	3736371	6	https://www.amazon.com/s?rh=n:3736371&fs=true&page=6
Mirrors	3736371	7	https://www.amazon.com/s?rh=n:3736371&fs=true&page=7
Mirrors	3736371	8	https://www.amazon.com/s?rh=n:3736371&fs=true&page=8
Mirrors	3736371	9	https://www.amazon.com/s?rh=n:3736371&fs=true&page=9
Mirrors	3736371	10	https://www.amazon.com/s?rh=n:3736371&fs=true&page=10
Oil Lamps & Accessories	10133745011	1	https://www.amazon.com/s?rh=n:10133745011&fs=true&page=1
Oil Lamps & Accessories	10133745011	2	https://www.amazon.com/s?rh=n:10133745011&fs=true&page=2
Oil Lamps & Accessories	10133745011	3	https://www.amazon.com/s?rh=n:10133745011&fs=true&page=3
Oil Lamps & Accessories	10133745011	4	https://www.amazon.com/s?rh=n:10133745011&fs=true&page=4
Oil Lamps & Accessories	10133745011	5	https://www.amazon.com/s?rh=n:10133745011&fs=true&page=5
Oil Lamps & Accessories	10133745011	6	https://www.amazon.com/s?rh=n:10133745011&fs=true&page=6
Oil Lamps & Accessories	10133745011	7	https://www.amazon.com/s?rh=n:10133745011&fs=true&page=7
Oil Lamps & Accessories	10133745011	8	https://www.amazon.com/s?rh=n:10133745011&fs=true&page=8
Oil Lamps & Accessories	10133745011	9	https://www.amazon.com/s?rh=n:10133745011&fs=true&page=9
Oil Lamps & Accessories	10133745011	10	https://www.amazon.com/s?rh=n:10133745011&fs=true&page=10
Photo Albums, Frames & Accessories	21557027011	1	https://www.amazon.com/s?rh=n:21557027011&fs=true&page=1
Photo Albums, Frames & Accessories	21557027011	2	https://www.amazon.com/s?rh=n:21557027011&fs=true&page=2
Photo Albums, Frames & Accessories	21557027011	3	https://www.amazon.com/s?rh=n:21557027011&fs=true&page=3
Photo Albums, Frames & Accessories	21557027011	4	https://www.amazon.com/s?rh=n:21557027011&fs=true&page=4
Photo Albums, Frames & Accessories	21557027011	5	https://www.amazon.com/s?rh=n:21557027011&fs=true&page=5
Photo Albums, Frames & Accessories	21557027011	6	https://www.amazon.com/s?rh=n:21557027011&fs=true&page=6
Photo Albums, Frames & Accessories	21557027011	7	https://www.amazon.com/s?rh=n:21557027011&fs=true&page=7
Photo Albums, Frames & Accessories	21557027011	8	https://www.amazon.com/s?rh=n:21557027011&fs=true&page=8
Photo Albums, Frames & Accessories	21557027011	9	https://www.amazon.com/s?rh=n:21557027011&fs=true&page=9
Photo Albums, Frames & Accessories	21557027011	10	https://www.amazon.com/s?rh=n:21557027011&fs=true&page=10
Rugs, Pads & Protectors	21487702011	1	https://www.amazon.com/s?rh=n:21487702011&fs=true&page=1
Rugs, Pads & Protectors	21487702011	2	https://www.amazon.com/s?rh=n:21487702011&fs=true&page=2
Rugs, Pads & Protectors	21487702011	3	https://www.amazon.com/s?rh=n:21487702011&fs=true&page=3
Rugs, Pads & Protectors	21487702011	4	https://www.amazon.com/s?rh=n:21487702011&fs=true&page=4
Rugs, Pads & Protectors	21487702011	5	https://www.amazon.com/s?rh=n:21487702011&fs=true&page=5
Rugs, Pads & Protectors	21487702011	6	https://www.amazon.com/s?rh=n:21487702011&fs=true&page=6
Rugs, Pads & Protectors	21487702011	7	https://www.amazon.com/s?rh=n:21487702011&fs=true&page=7
Rugs, Pads & Protectors	21487702011	8	https://www.amazon.com/s?rh=n:21487702011&fs=true&page=8
Rugs, Pads & Protectors	21487702011	9	https://www.amazon.com/s?rh=n:21487702011&fs=true&page=9
Rugs, Pads & Protectors	21487702011	10	https://www.amazon.com/s?rh=n:21487702011&fs=true&page=10
Slipcovers	1063300	1	https://www.amazon.com/s?rh=n:1063300&fs=true&page=1
Slipcovers	1063300	2	https://www.amazon.com/s?rh=n:1063300&fs=true&page=2
Slipcovers	1063300	3	https://www.amazon.com/s?rh=n:1063300&fs=true&page=3
Slipcovers	1063300	4	https://www.amazon.com/s?rh=n:1063300&fs=true&page=4
Slipcovers	1063300	5	https://www.amazon.com/s?rh=n:1063300&fs=true&page=5
Slipcovers	1063300	6	https://www.amazon.com/s?rh=n:1063300&fs=true&page=6
Slipcovers	1063300	7	https://www.amazon.com/s?rh=n:1063300&fs=true&page=7
Slipcovers	1063300	8	https://www.amazon.com/s?rh=n:1063300&fs=true&page=8
Slipcovers	1063300	9	https://www.amazon.com/s?rh=n:1063300&fs=true&page=9
Slipcovers	1063300	10	https://www.amazon.com/s?rh=n:1063300&fs=true&page=10
Tapestries	3736091	1	https://www.amazon.com/s?rh=n:3736091&fs=true&page=1
Tapestries	3736091	2	https://www.amazon.com/s?rh=n:3736091&fs=true&page=2
Tapestries	3736091	3	https://www.amazon.com/s?rh=n:3736091&fs=true&page=3
Tapestries	3736091	4	https://www.amazon.com/s?rh=n:3736091&fs=true&page=4
Tapestries	3736091	5	https://www.amazon.com/s?rh=n:3736091&fs=true&page=5
Tapestries	3736091	6	https://www.amazon.com/s?rh=n:3736091&fs=true&page=6
Tapestries	3736091	7	https://www.amazon.com/s?rh=n:3736091&fs=true&page=7
Tapestries	3736091	8	https://www.amazon.com/s?rh=n:3736091&fs=true&page=8
Tapestries	3736091	9	https://www.amazon.com/s?rh=n:3736091&fs=true&page=9
Tapestries	3736091	10	https://www.amazon.com/s?rh=n:3736091&fs=true&page=10
Vase Fillers	8149151011	1	https://www.amazon.com/s?rh=n:8149151011&fs=true&page=1
Vase Fillers	8149151011	2	https://www.amazon.com/s?rh=n:8149151011&fs=true&page=2
Vase Fillers	8149151011	3	https://www.amazon.com/s?rh=n:8149151011&fs=true&page=3
Vase Fillers	8149151011	4	https://www.amazon.com/s?rh=n:8149151011&fs=true&page=4
Vase Fillers	8149151011	5	https://www.amazon.com/s?rh=n:8149151011&fs=true&page=5
Vase Fillers	8149151011	6	https://www.amazon.com/s?rh=n:8149151011&fs=true&page=6
Vase Fillers	8149151011	7	https://www.amazon.com/s?rh=n:8149151011&fs=true&page=7
Vase Fillers	8149151011	8	https://www.amazon.com/s?rh=n:8149151011&fs=true&page=8
Vase Fillers	8149151011	9	https://www.amazon.com/s?rh=n:8149151011&fs=true&page=9
Vase Fillers	8149151011	10	https://www.amazon.com/s?rh=n:8149151011&fs=true&page=10
Vases	3745451	1	https://www.amazon.com/s?rh=n:3745451&fs=true&page=1
Vases	3745451	2	https://www.amazon.com/s?rh=n:3745451&fs=true&page=2
Vases	3745451	3	https://www.amazon.com/s?rh=n:3745451&fs=true&page=3
Vases	3745451	4	https://www.amazon.com/s?rh=n:3745451&fs=true&page=4
Vases	3745451	5	https://www.amazon.com/s?rh=n:3745451&fs=true&page=5
Vases	3745451	6	https://www.amazon.com/s?rh=n:3745451&fs=true&page=6
Vases	3745451	7	https://www.amazon.com/s?rh=n:3745451&fs=true&page=7
Vases	3745451	8	https://www.amazon.com/s?rh=n:3745451&fs=true&page=8
Vases	3745451	9	https://www.amazon.com/s?rh=n:3745451&fs=true&page=9
Vases	3745451	10	https://www.amazon.com/s?rh=n:3745451&fs=true&page=10
Window Treatment Hardware	3736311	1	https://www.amazon.com/s?rh=n:3736311&fs=true&page=1
Window Treatment Hardware	3736311	2	https://www.amazon.com/s?rh=n:3736311&fs=true&page=2
Window Treatment Hardware	3736311	3	https://www.amazon.com/s?rh=n:3736311&fs=true&page=3
Window Treatment Hardware	3736311	4	https://www.amazon.com/s?rh=n:3736311&fs=true&page=4
Window Treatment Hardware	3736311	5	https://www.amazon.com/s?rh=n:3736311&fs=true&page=5
Window Treatment Hardware	3736311	6	https://www.amazon.com/s?rh=n:3736311&fs=true&page=6
Window Treatment Hardware	3736311	7	https://www.amazon.com/s?rh=n:3736311&fs=true&page=7
Window Treatment Hardware	3736311	8	https://www.amazon.com/s?rh=n:3736311&fs=true&page=8
Window Treatment Hardware	3736311	9	https://www.amazon.com/s?rh=n:3736311&fs=true&page=9
Window Treatment Hardware	3736311	10	https://www.amazon.com/s?rh=n:3736311&fs=true&page=10
Window Treatments	1063302	1	https://www.amazon.com/s?rh=n:1063302&fs=true&page=1
Window Treatments	1063302	2	https://www.amazon.com/s?rh=n:1063302&fs=true&page=2
Window Treatments	1063302	3	https://www.amazon.com/s?rh=n:1063302&fs=true&page=3
Window Treatments	1063302	4	https://www.amazon.com/s?rh=n:1063302&fs=true&page=4
Window Treatments	1063302	5	https://www.amazon.com/s?rh=n:1063302&fs=true&page=5
Window Treatments	1063302	6	https://www.amazon.com/s?rh=n:1063302&fs=true&page=6
Window Treatments	1063302	7	https://www.amazon.com/s?rh=n:1063302&fs=true&page=7
Window Treatments	1063302	8	https://www.amazon.com/s?rh=n:1063302&fs=true&page=8
Window Treatments	1063302	9	https://www.amazon.com/s?rh=n:1063302&fs=true&page=9
Window Treatments	1063302	10	https://www.amazon.com/s?rh=n:1063302&fs=true&page=10
Air Conditioners	14554126011	1	https://www.amazon.com/s?rh=n:14554126011&fs=true&page=1
Air Conditioners	14554126011	2	https://www.amazon.com/s?rh=n:14554126011&fs=true&page=2
Air Conditioners	14554126011	3	https://www.amazon.com/s?rh=n:14554126011&fs=true&page=3
Air Conditioners	14554126011	4	https://www.amazon.com/s?rh=n:14554126011&fs=true&page=4
Air Conditioners	14554126011	5	https://www.amazon.com/s?rh=n:14554126011&fs=true&page=5
Air Conditioners	14554126011	6	https://www.amazon.com/s?rh=n:14554126011&fs=true&page=6
Air Conditioners	14554126011	7	https://www.amazon.com/s?rh=n:14554126011&fs=true&page=7
Air Conditioners	14554126011	8	https://www.amazon.com/s?rh=n:14554126011&fs=true&page=8
Air Conditioners	14554126011	9	https://www.amazon.com/s?rh=n:14554126011&fs=true&page=9
Air Conditioners	14554126011	10	https://www.amazon.com/s?rh=n:14554126011&fs=true&page=10
Air Purifiers	267554011	1	https://www.amazon.com/s?rh=n:267554011&fs=true&page=1
Air Purifiers	267554011	2	https://www.amazon.com/s?rh=n:267554011&fs=true&page=2
Air Purifiers	267554011	3	https://www.amazon.com/s?rh=n:267554011&fs=true&page=3
Air Purifiers	267554011	4	https://www.amazon.com/s?rh=n:267554011&fs=true&page=4
Air Purifiers	267554011	5	https://www.amazon.com/s?rh=n:267554011&fs=true&page=5
Air Purifiers	267554011	6	https://www.amazon.com/s?rh=n:267554011&fs=true&page=6
Air Purifiers	267554011	7	https://www.amazon.com/s?rh=n:267554011&fs=true&page=7
Air Purifiers	267554011	8	https://www.amazon.com/s?rh=n:267554011&fs=true&page=8
Air Purifiers	267554011	9	https://www.amazon.com/s?rh=n:267554011&fs=true&page=9
Air Purifiers	267554011	10	https://www.amazon.com/s?rh=n:267554011&fs=true&page=10
Deodorizers	213399347011	1	https://www.amazon.com/s?rh=n:213399347011&fs=true&page=1
Deodorizers	213399347011	2	https://www.amazon.com/s?rh=n:213399347011&fs=true&page=2
Deodorizers	213399347011	3	https://www.amazon.com/s?rh=n:213399347011&fs=true&page=3
Deodorizers	213399347011	4	https://www.amazon.com/s?rh=n:213399347011&fs=true&page=4
Deodorizers	213399347011	5	https://www.amazon.com/s?rh=n:213399347011&fs=true&page=5
Deodorizers	213399347011	6	https://www.amazon.com/s?rh=n:213399347011&fs=true&page=6
Deodorizers	213399347011	7	https://www.amazon.com/s?rh=n:213399347011&fs=true&page=7
Deodorizers	213399347011	8	https://www.amazon.com/s?rh=n:213399347011&fs=true&page=8
Deodorizers	213399347011	9	https://www.amazon.com/s?rh=n:213399347011&fs=true&page=9
Deodorizers	213399347011	10	https://www.amazon.com/s?rh=n:213399347011&fs=true&page=10
Evaporative Coolers	14554129011	1	https://www.amazon.com/s?rh=n:14554129011&fs=true&page=1
Evaporative Coolers	14554129011	2	https://www.amazon.com/s?rh=n:14554129011&fs=true&page=2
Evaporative Coolers	14554129011	3	https://www.amazon.com/s?rh=n:14554129011&fs=true&page=3
Evaporative Coolers	14554129011	4	https://www.amazon.com/s?rh=n:14554129011&fs=true&page=4
Evaporative Coolers	14554129011	5	https://www.amazon.com/s?rh=n:14554129011&fs=true&page=5
Evaporative Coolers	14554129011	6	https://www.amazon.com/s?rh=n:14554129011&fs=true&page=6
Evaporative Coolers	14554129011	7	https://www.amazon.com/s?rh=n:14554129011&fs=true&page=7
Evaporative Coolers	14554129011	8	https://www.amazon.com/s?rh=n:14554129011&fs=true&page=8
Evaporative Coolers	14554129011	9	https://www.amazon.com/s?rh=n:14554129011&fs=true&page=9
Evaporative Coolers	14554129011	10	https://www.amazon.com/s?rh=n:14554129011&fs=true&page=10
Household Fans	3737601	1	https://www.amazon.com/s?rh=n:3737601&fs=true&page=1
Household Fans	3737601	2	https://www.amazon.com/s?rh=n:3737601&fs=true&page=2
Household Fans	3737601	3	https://www.amazon.com/s?rh=n:3737601&fs=true&page=3
Household Fans	3737601	4	https://www.amazon.com/s?rh=n:3737601&fs=true&page=4
Household Fans	3737601	5	https://www.amazon.com/s?rh=n:3737601&fs=true&page=5
Household Fans	3737601	6	https://www.amazon.com/s?rh=n:3737601&fs=true&page=6
Household Fans	3737601	7	https://www.amazon.com/s?rh=n:3737601&fs=true&page=7
Household Fans	3737601	8	https://www.amazon.com/s?rh=n:3737601&fs=true&page=8
Household Fans	3737601	9	https://www.amazon.com/s?rh=n:3737601&fs=true&page=9
Household Fans	3737601	10	https://www.amazon.com/s?rh=n:3737601&fs=true&page=10
Humidifiers	17685839011	1	https://www.amazon.com/s?rh=n:17685839011&fs=true&page=1
Humidifiers	17685839011	2	https://www.amazon.com/s?rh=n:17685839011&fs=true&page=2
Humidifiers	17685839011	3	https://www.amazon.com/s?rh=n:17685839011&fs=true&page=3
Humidifiers	17685839011	4	https://www.amazon.com/s?rh=n:17685839011&fs=true&page=4
Humidifiers	17685839011	5	https://www.amazon.com/s?rh=n:17685839011&fs=true&page=5
Humidifiers	17685839011	6	https://www.amazon.com/s?rh=n:17685839011&fs=true&page=6
Humidifiers	17685839011	7	https://www.amazon.com/s?rh=n:17685839011&fs=true&page=7
Humidifiers	17685839011	8	https://www.amazon.com/s?rh=n:17685839011&fs=true&page=8
Humidifiers	17685839011	9	https://www.amazon.com/s?rh=n:17685839011&fs=true&page=9
Humidifiers	17685839011	10	https://www.amazon.com/s?rh=n:17685839011&fs=true&page=10
Parts & Accessories	19149190011	1	https://www.amazon.com/s?rh=n:19149190011&fs=true&page=1
Parts & Accessories	19149190011	2	https://www.amazon.com/s?rh=n:19149190011&fs=true&page=2
Parts & Accessories	19149190011	3	https://www.amazon.com/s?rh=n:19149190011&fs=true&page=3
Parts & Accessories	19149190011	4	https://www.amazon.com/s?rh=n:19149190011&fs=true&page=4
Parts & Accessories	19149190011	5	https://www.amazon.com/s?rh=n:19149190011&fs=true&page=5
Parts & Accessories	19149190011	6	https://www.amazon.com/s?rh=n:19149190011&fs=true&page=6
Parts & Accessories	19149190011	7	https://www.amazon.com/s?rh=n:19149190011&fs=true&page=7
Parts & Accessories	19149190011	8	https://www.amazon.com/s?rh=n:19149190011&fs=true&page=8
Parts & Accessories	19149190011	9	https://www.amazon.com/s?rh=n:19149190011&fs=true&page=9
Parts & Accessories	19149190011	10	https://www.amazon.com/s?rh=n:19149190011&fs=true&page=10
Space Heaters	510182	1	https://www.amazon.com/s?rh=n:510182&fs=true&page=1
Space Heaters	510182	2	https://www.amazon.com/s?rh=n:510182&fs=true&page=2
Space Heaters	510182	3	https://www.amazon.com/s?rh=n:510182&fs=true&page=3
Space Heaters	510182	4	https://www.amazon.com/s?rh=n:510182&fs=true&page=4
Space Heaters	510182	5	https://www.amazon.com/s?rh=n:510182&fs=true&page=5
Space Heaters	510182	6	https://www.amazon.com/s?rh=n:510182&fs=true&page=6
Space Heaters	510182	7	https://www.amazon.com/s?rh=n:510182&fs=true&page=7
Space Heaters	510182	8	https://www.amazon.com/s?rh=n:510182&fs=true&page=8
Space Heaters	510182	9	https://www.amazon.com/s?rh=n:510182&fs=true&page=9
Space Heaters	510182	10	https://www.amazon.com/s?rh=n:510182&fs=true&page=10
Draft Stoppers	3291684011	1	https://www.amazon.com/s?rh=n:3291684011&fs=true&page=1
Draft Stoppers	3291684011	2	https://www.amazon.com/s?rh=n:3291684011&fs=true&page=2
Draft Stoppers	3291684011	3	https://www.amazon.com/s?rh=n:3291684011&fs=true&page=3
Draft Stoppers	3291684011	4	https://www.amazon.com/s?rh=n:3291684011&fs=true&page=4
Draft Stoppers	3291684011	5	https://www.amazon.com/s?rh=n:3291684011&fs=true&page=5
Draft Stoppers	3291684011	6	https://www.amazon.com/s?rh=n:3291684011&fs=true&page=6
Draft Stoppers	3291684011	7	https://www.amazon.com/s?rh=n:3291684011&fs=true&page=7
Draft Stoppers	3291684011	8	https://www.amazon.com/s?rh=n:3291684011&fs=true&page=8
Draft Stoppers	3291684011	9	https://www.amazon.com/s?rh=n:3291684011&fs=true&page=9
Draft Stoppers	3291684011	10	https://www.amazon.com/s?rh=n:3291684011&fs=true&page=10
Stoves & Fireplaces	1063284	1	https://www.amazon.com/s?rh=n:1063284&fs=true&page=1
Stoves & Fireplaces	1063284	2	https://www.amazon.com/s?rh=n:1063284&fs=true&page=2
Stoves & Fireplaces	1063284	3	https://www.amazon.com/s?rh=n:1063284&fs=true&page=3
Stoves & Fireplaces	1063284	4	https://www.amazon.com/s?rh=n:1063284&fs=true&page=4
Stoves & Fireplaces	1063284	5	https://www.amazon.com/s?rh=n:1063284&fs=true&page=5
Stoves & Fireplaces	1063284	6	https://www.amazon.com/s?rh=n:1063284&fs=true&page=6
Stoves & Fireplaces	1063284	7	https://www.amazon.com/s?rh=n:1063284&fs=true&page=7
Stoves & Fireplaces	1063284	8	https://www.amazon.com/s?rh=n:1063284&fs=true&page=8
Stoves & Fireplaces	1063284	9	https://www.amazon.com/s?rh=n:1063284&fs=true&page=9
Stoves & Fireplaces	1063284	10	https://www.amazon.com/s?rh=n:1063284&fs=true&page=10
Dehumidifiers	267557011	1	https://www.amazon.com/s?rh=n:267557011&fs=true&page=1
Dehumidifiers	267557011	2	https://www.amazon.com/s?rh=n:267557011&fs=true&page=2
Dehumidifiers	267557011	3	https://www.amazon.com/s?rh=n:267557011&fs=true&page=3
Dehumidifiers	267557011	4	https://www.amazon.com/s?rh=n:267557011&fs=true&page=4
Dehumidifiers	267557011	5	https://www.amazon.com/s?rh=n:267557011&fs=true&page=5
Dehumidifiers	267557011	6	https://www.amazon.com/s?rh=n:267557011&fs=true&page=6
Dehumidifiers	267557011	7	https://www.amazon.com/s?rh=n:267557011&fs=true&page=7
Dehumidifiers	267557011	8	https://www.amazon.com/s?rh=n:267557011&fs=true&page=8
Dehumidifiers	267557011	9	https://www.amazon.com/s?rh=n:267557011&fs=true&page=9
Dehumidifiers	267557011	10	https://www.amazon.com/s?rh=n:267557011&fs=true&page=10
Bakers & Casseroles	289671	1	https://www.amazon.com/s?rh=n:289671&fs=true&page=1
Bakers & Casseroles	289671	2	https://www.amazon.com/s?rh=n:289671&fs=true&page=2
Bakers & Casseroles	289671	3	https://www.amazon.com/s?rh=n:289671&fs=true&page=3
Bakers & Casseroles	289671	4	https://www.amazon.com/s?rh=n:289671&fs=true&page=4
Bakers & Casseroles	289671	5	https://www.amazon.com/s?rh=n:289671&fs=true&page=5
Bakers & Casseroles	289671	6	https://www.amazon.com/s?rh=n:289671&fs=true&page=6
Bakers & Casseroles	289671	7	https://www.amazon.com/s?rh=n:289671&fs=true&page=7
Bakers & Casseroles	289671	8	https://www.amazon.com/s?rh=n:289671&fs=true&page=8
Bakers & Casseroles	289671	9	https://www.amazon.com/s?rh=n:289671&fs=true&page=9
Bakers & Casseroles	289671	10	https://www.amazon.com/s?rh=n:289671&fs=true&page=10
Bakeware Sets	289669	1	https://www.amazon.com/s?rh=n:289669&fs=true&page=1
Bakeware Sets	289669	2	https://www.amazon.com/s?rh=n:289669&fs=true&page=2
Bakeware Sets	289669	3	https://www.amazon.com/s?rh=n:289669&fs=true&page=3
Bakeware Sets	289669	4	https://www.amazon.com/s?rh=n:289669&fs=true&page=4
Bakeware Sets	289669	5	https://www.amazon.com/s?rh=n:289669&fs=true&page=5
Bakeware Sets	289669	6	https://www.amazon.com/s?rh=n:289669&fs=true&page=6
Bakeware Sets	289669	7	https://www.amazon.com/s?rh=n:289669&fs=true&page=7
Bakeware Sets	289669	8	https://www.amazon.com/s?rh=n:289669&fs=true&page=8
Bakeware Sets	289669	9	https://www.amazon.com/s?rh=n:289669&fs=true&page=9
Bakeware Sets	289669	10	https://www.amazon.com/s?rh=n:289669&fs=true&page=10
Baking & Cookie Sheets	289674	1	https://www.amazon.com/s?rh=n:289674&fs=true&page=1
Baking & Cookie Sheets	289674	2	https://www.amazon.com/s?rh=n:289674&fs=true&page=2
Baking & Cookie Sheets	289674	3	https://www.amazon.com/s?rh=n:289674&fs=true&page=3
Baking & Cookie Sheets	289674	4	https://www.amazon.com/s?rh=n:289674&fs=true&page=4
Baking & Cookie Sheets	289674	5	https://www.amazon.com/s?rh=n:289674&fs=true&page=5
Baking & Cookie Sheets	289674	6	https://www.amazon.com/s?rh=n:289674&fs=true&page=6
Baking & Cookie Sheets	289674	7	https://www.amazon.com/s?rh=n:289674&fs=true&page=7
Baking & Cookie Sheets	289674	8	https://www.amazon.com/s?rh=n:289674&fs=true&page=8
Baking & Cookie Sheets	289674	9	https://www.amazon.com/s?rh=n:289674&fs=true&page=9
Baking & Cookie Sheets	289674	10	https://www.amazon.com/s?rh=n:289674&fs=true&page=10
Baking Tools & Accessories	289719	1	https://www.amazon.com/s?rh=n:289719&fs=true&page=1
Baking Tools & Accessories	289719	2	https://www.amazon.com/s?rh=n:289719&fs=true&page=2
Baking Tools & Accessories	289719	3	https://www.amazon.com/s?rh=n:289719&fs=true&page=3
Baking Tools & Accessories	289719	4	https://www.amazon.com/s?rh=n:289719&fs=true&page=4
Baking Tools & Accessories	289719	5	https://www.amazon.com/s?rh=n:289719&fs=true&page=5
Baking Tools & Accessories	289719	6	https://www.amazon.com/s?rh=n:289719&fs=true&page=6
Baking Tools & Accessories	289719	7	https://www.amazon.com/s?rh=n:289719&fs=true&page=7
Baking Tools & Accessories	289719	8	https://www.amazon.com/s?rh=n:289719&fs=true&page=8
Baking Tools & Accessories	289719	9	https://www.amazon.com/s?rh=n:289719&fs=true&page=9
Baking Tools & Accessories	289719	10	https://www.amazon.com/s?rh=n:289719&fs=true&page=10
Bread & Loaf Pans	289675	1	https://www.amazon.com/s?rh=n:289675&fs=true&page=1
Bread & Loaf Pans	289675	2	https://www.amazon.com/s?rh=n:289675&fs=true&page=2
Bread & Loaf Pans	289675	3	https://www.amazon.com/s?rh=n:289675&fs=true&page=3
Bread & Loaf Pans	289675	4	https://www.amazon.com/s?rh=n:289675&fs=true&page=4
Bread & Loaf Pans	289675	5	https://www.amazon.com/s?rh=n:289675&fs=true&page=5
Bread & Loaf Pans	289675	6	https://www.amazon.com/s?rh=n:289675&fs=true&page=6
Bread & Loaf Pans	289675	7	https://www.amazon.com/s?rh=n:289675&fs=true&page=7
Bread & Loaf Pans	289675	8	https://www.amazon.com/s?rh=n:289675&fs=true&page=8
Bread & Loaf Pans	289675	9	https://www.amazon.com/s?rh=n:289675&fs=true&page=9
Bread & Loaf Pans	289675	10	https://www.amazon.com/s?rh=n:289675&fs=true&page=10
Cake Pans	289679	1	https://www.amazon.com/s?rh=n:289679&fs=true&page=1
Cake Pans	289679	2	https://www.amazon.com/s?rh=n:289679&fs=true&page=2
Cake Pans	289679	3	https://www.amazon.com/s?rh=n:289679&fs=true&page=3
Cake Pans	289679	4	https://www.amazon.com/s?rh=n:289679&fs=true&page=4
Cake Pans	289679	5	https://www.amazon.com/s?rh=n:289679&fs=true&page=5
Cake Pans	289679	6	https://www.amazon.com/s?rh=n:289679&fs=true&page=6
Cake Pans	289679	7	https://www.amazon.com/s?rh=n:289679&fs=true&page=7
Cake Pans	289679	8	https://www.amazon.com/s?rh=n:289679&fs=true&page=8
Cake Pans	289679	9	https://www.amazon.com/s?rh=n:289679&fs=true&page=9
Cake Pans	289679	10	https://www.amazon.com/s?rh=n:289679&fs=true&page=10
Candy Making Supplies	2231404011	1	https://www.amazon.com/s?rh=n:2231404011&fs=true&page=1
Candy Making Supplies	2231404011	2	https://www.amazon.com/s?rh=n:2231404011&fs=true&page=2
Candy Making Supplies	2231404011	3	https://www.amazon.com/s?rh=n:2231404011&fs=true&page=3
Candy Making Supplies	2231404011	4	https://www.amazon.com/s?rh=n:2231404011&fs=true&page=4
Candy Making Supplies	2231404011	5	https://www.amazon.com/s?rh=n:2231404011&fs=true&page=5
Candy Making Supplies	2231404011	6	https://www.amazon.com/s?rh=n:2231404011&fs=true&page=6
Candy Making Supplies	2231404011	7	https://www.amazon.com/s?rh=n:2231404011&fs=true&page=7
Candy Making Supplies	2231404011	8	https://www.amazon.com/s?rh=n:2231404011&fs=true&page=8
Candy Making Supplies	2231404011	9	https://www.amazon.com/s?rh=n:2231404011&fs=true&page=9
Candy Making Supplies	2231404011	10	https://www.amazon.com/s?rh=n:2231404011&fs=true&page=10
Decorating Tools	289727	1	https://www.amazon.com/s?rh=n:289727&fs=true&page=1
Decorating Tools	289727	2	https://www.amazon.com/s?rh=n:289727&fs=true&page=2
Decorating Tools	289727	3	https://www.amazon.com/s?rh=n:289727&fs=true&page=3
Decorating Tools	289727	4	https://www.amazon.com/s?rh=n:289727&fs=true&page=4
Decorating Tools	289727	5	https://www.amazon.com/s?rh=n:289727&fs=true&page=5
Decorating Tools	289727	6	https://www.amazon.com/s?rh=n:289727&fs=true&page=6
Decorating Tools	289727	7	https://www.amazon.com/s?rh=n:289727&fs=true&page=7
Decorating Tools	289727	8	https://www.amazon.com/s?rh=n:289727&fs=true&page=8
Decorating Tools	289727	9	https://www.amazon.com/s?rh=n:289727&fs=true&page=9
Decorating Tools	289727	10	https://www.amazon.com/s?rh=n:289727&fs=true&page=10
Electric Cake Pop & Mini Cake Makers	8614937011	1	https://www.amazon.com/s?rh=n:8614937011&fs=true&page=1
Electric Cake Pop & Mini Cake Makers	8614937011	2	https://www.amazon.com/s?rh=n:8614937011&fs=true&page=2
Electric Cake Pop & Mini Cake Makers	8614937011	3	https://www.amazon.com/s?rh=n:8614937011&fs=true&page=3
Electric Cake Pop & Mini Cake Makers	8614937011	4	https://www.amazon.com/s?rh=n:8614937011&fs=true&page=4
Electric Cake Pop & Mini Cake Makers	8614937011	5	https://www.amazon.com/s?rh=n:8614937011&fs=true&page=5
Electric Cake Pop & Mini Cake Makers	8614937011	6	https://www.amazon.com/s?rh=n:8614937011&fs=true&page=6
Electric Cake Pop & Mini Cake Makers	8614937011	7	https://www.amazon.com/s?rh=n:8614937011&fs=true&page=7
Electric Cake Pop & Mini Cake Makers	8614937011	8	https://www.amazon.com/s?rh=n:8614937011&fs=true&page=8
Electric Cake Pop & Mini Cake Makers	8614937011	9	https://www.amazon.com/s?rh=n:8614937011&fs=true&page=9
Electric Cake Pop & Mini Cake Makers	8614937011	10	https://www.amazon.com/s?rh=n:8614937011&fs=true&page=10
Jelly-Roll Pans	3736941	1	https://www.amazon.com/s?rh=n:3736941&fs=true&page=1
Jelly-Roll Pans	3736941	2	https://www.amazon.com/s?rh=n:3736941&fs=true&page=2
Jelly-Roll Pans	3736941	3	https://www.amazon.com/s?rh=n:3736941&fs=true&page=3
Jelly-Roll Pans	3736941	4	https://www.amazon.com/s?rh=n:3736941&fs=true&page=4
Jelly-Roll Pans	3736941	5	https://www.amazon.com/s?rh=n:3736941&fs=true&page=5
Jelly-Roll Pans	3736941	6	https://www.amazon.com/s?rh=n:3736941&fs=true&page=6
Jelly-Roll Pans	3736941	7	https://www.amazon.com/s?rh=n:3736941&fs=true&page=7
Jelly-Roll Pans	3736941	8	https://www.amazon.com/s?rh=n:3736941&fs=true&page=8
Jelly-Roll Pans	3736941	9	https://www.amazon.com/s?rh=n:3736941&fs=true&page=9
Jelly-Roll Pans	3736941	10	https://www.amazon.com/s?rh=n:3736941&fs=true&page=10
Mixing Bowls	289696	1	https://www.amazon.com/s?rh=n:289696&fs=true&page=1
Mixing Bowls	289696	2	https://www.amazon.com/s?rh=n:289696&fs=true&page=2
Mixing Bowls	289696	3	https://www.amazon.com/s?rh=n:289696&fs=true&page=3
Mixing Bowls	289696	4	https://www.amazon.com/s?rh=n:289696&fs=true&page=4
Mixing Bowls	289696	5	https://www.amazon.com/s?rh=n:289696&fs=true&page=5
Mixing Bowls	289696	6	https://www.amazon.com/s?rh=n:289696&fs=true&page=6
Mixing Bowls	289696	7	https://www.amazon.com/s?rh=n:289696&fs=true&page=7
Mixing Bowls	289696	8	https://www.amazon.com/s?rh=n:289696&fs=true&page=8
Mixing Bowls	289696	9	https://www.amazon.com/s?rh=n:289696&fs=true&page=9
Mixing Bowls	289696	10	https://www.amazon.com/s?rh=n:289696&fs=true&page=10
Muffin & Cupcake Pans	289700	1	https://www.amazon.com/s?rh=n:289700&fs=true&page=1
Muffin & Cupcake Pans	289700	2	https://www.amazon.com/s?rh=n:289700&fs=true&page=2
Muffin & Cupcake Pans	289700	3	https://www.amazon.com/s?rh=n:289700&fs=true&page=3
Muffin & Cupcake Pans	289700	4	https://www.amazon.com/s?rh=n:289700&fs=true&page=4
Muffin & Cupcake Pans	289700	5	https://www.amazon.com/s?rh=n:289700&fs=true&page=5
Muffin & Cupcake Pans	289700	6	https://www.amazon.com/s?rh=n:289700&fs=true&page=6
Muffin & Cupcake Pans	289700	7	https://www.amazon.com/s?rh=n:289700&fs=true&page=7
Muffin & Cupcake Pans	289700	8	https://www.amazon.com/s?rh=n:289700&fs=true&page=8
Muffin & Cupcake Pans	289700	9	https://www.amazon.com/s?rh=n:289700&fs=true&page=9
Muffin & Cupcake Pans	289700	10	https://www.amazon.com/s?rh=n:289700&fs=true&page=10
Pastry & Baking Molds	289714	1	https://www.amazon.com/s?rh=n:289714&fs=true&page=1
Pastry & Baking Molds	289714	2	https://www.amazon.com/s?rh=n:289714&fs=true&page=2
Pastry & Baking Molds	289714	3	https://www.amazon.com/s?rh=n:289714&fs=true&page=3
Pastry & Baking Molds	289714	4	https://www.amazon.com/s?rh=n:289714&fs=true&page=4
Pastry & Baking Molds	289714	5	https://www.amazon.com/s?rh=n:289714&fs=true&page=5
Pastry & Baking Molds	289714	6	https://www.amazon.com/s?rh=n:289714&fs=true&page=6
Pastry & Baking Molds	289714	7	https://www.amazon.com/s?rh=n:289714&fs=true&page=7
Pastry & Baking Molds	289714	8	https://www.amazon.com/s?rh=n:289714&fs=true&page=8
Pastry & Baking Molds	289714	9	https://www.amazon.com/s?rh=n:289714&fs=true&page=9
Pastry & Baking Molds	289714	10	https://www.amazon.com/s?rh=n:289714&fs=true&page=10
Pie, Tart & Quiche Pans	289701	1	https://www.amazon.com/s?rh=n:289701&fs=true&page=1
Pie, Tart & Quiche Pans	289701	2	https://www.amazon.com/s?rh=n:289701&fs=true&page=2
Pie, Tart & Quiche Pans	289701	3	https://www.amazon.com/s?rh=n:289701&fs=true&page=3
Pie, Tart & Quiche Pans	289701	4	https://www.amazon.com/s?rh=n:289701&fs=true&page=4
Pie, Tart & Quiche Pans	289701	5	https://www.amazon.com/s?rh=n:289701&fs=true&page=5
Pie, Tart & Quiche Pans	289701	6	https://www.amazon.com/s?rh=n:289701&fs=true&page=6
Pie, Tart & Quiche Pans	289701	7	https://www.amazon.com/s?rh=n:289701&fs=true&page=7
Pie, Tart & Quiche Pans	289701	8	https://www.amazon.com/s?rh=n:289701&fs=true&page=8
Pie, Tart & Quiche Pans	289701	9	https://www.amazon.com/s?rh=n:289701&fs=true&page=9
Pie, Tart & Quiche Pans	289701	10	https://www.amazon.com/s?rh=n:289701&fs=true&page=10
Pizza Pans & Stones	383850011	1	https://www.amazon.com/s?rh=n:383850011&fs=true&page=1
Pizza Pans & Stones	383850011	2	https://www.amazon.com/s?rh=n:383850011&fs=true&page=2
Pizza Pans & Stones	383850011	3	https://www.amazon.com/s?rh=n:383850011&fs=true&page=3
Pizza Pans & Stones	383850011	4	https://www.amazon.com/s?rh=n:383850011&fs=true&page=4
Pizza Pans & Stones	383850011	5	https://www.amazon.com/s?rh=n:383850011&fs=true&page=5
Pizza Pans & Stones	383850011	6	https://www.amazon.com/s?rh=n:383850011&fs=true&page=6
Pizza Pans & Stones	383850011	7	https://www.amazon.com/s?rh=n:383850011&fs=true&page=7
Pizza Pans & Stones	383850011	8	https://www.amazon.com/s?rh=n:383850011&fs=true&page=8
Pizza Pans & Stones	383850011	9	https://www.amazon.com/s?rh=n:383850011&fs=true&page=9
Pizza Pans & Stones	383850011	10	https://www.amazon.com/s?rh=n:383850011&fs=true&page=10
Popover Pans	5038552011	1	https://www.amazon.com/s?rh=n:5038552011&fs=true&page=1
Popover Pans	5038552011	2	https://www.amazon.com/s?rh=n:5038552011&fs=true&page=2
Popover Pans	5038552011	3	https://www.amazon.com/s?rh=n:5038552011&fs=true&page=3
Popover Pans	5038552011	4	https://www.amazon.com/s?rh=n:5038552011&fs=true&page=4
Popover Pans	5038552011	5	https://www.amazon.com/s?rh=n:5038552011&fs=true&page=5
Popover Pans	5038552011	6	https://www.amazon.com/s?rh=n:5038552011&fs=true&page=6
Popover Pans	5038552011	7	https://www.amazon.com/s?rh=n:5038552011&fs=true&page=7
Popover Pans	5038552011	8	https://www.amazon.com/s?rh=n:5038552011&fs=true&page=8
Popover Pans	5038552011	9	https://www.amazon.com/s?rh=n:5038552011&fs=true&page=9
Popover Pans	5038552011	10	https://www.amazon.com/s?rh=n:5038552011&fs=true&page=10
Ramekins & Soufflé Dishes	289672	1	https://www.amazon.com/s?rh=n:289672&fs=true&page=1
Ramekins & Soufflé Dishes	289672	2	https://www.amazon.com/s?rh=n:289672&fs=true&page=2
Ramekins & Soufflé Dishes	289672	3	https://www.amazon.com/s?rh=n:289672&fs=true&page=3
Ramekins & Soufflé Dishes	289672	4	https://www.amazon.com/s?rh=n:289672&fs=true&page=4
Ramekins & Soufflé Dishes	289672	5	https://www.amazon.com/s?rh=n:289672&fs=true&page=5
Ramekins & Soufflé Dishes	289672	6	https://www.amazon.com/s?rh=n:289672&fs=true&page=6
Ramekins & Soufflé Dishes	289672	7	https://www.amazon.com/s?rh=n:289672&fs=true&page=7
Ramekins & Soufflé Dishes	289672	8	https://www.amazon.com/s?rh=n:289672&fs=true&page=8
Ramekins & Soufflé Dishes	289672	9	https://www.amazon.com/s?rh=n:289672&fs=true&page=9
Ramekins & Soufflé Dishes	289672	10	https://www.amazon.com/s?rh=n:289672&fs=true&page=10
Roasting Pans	289826	1	https://www.amazon.com/s?rh=n:289826&fs=true&page=1
Roasting Pans	289826	2	https://www.amazon.com/s?rh=n:289826&fs=true&page=2
Roasting Pans	289826	3	https://www.amazon.com/s?rh=n:289826&fs=true&page=3
Roasting Pans	289826	4	https://www.amazon.com/s?rh=n:289826&fs=true&page=4
Roasting Pans	289826	5	https://www.amazon.com/s?rh=n:289826&fs=true&page=5
Roasting Pans	289826	6	https://www.amazon.com/s?rh=n:289826&fs=true&page=6
Roasting Pans	289826	7	https://www.amazon.com/s?rh=n:289826&fs=true&page=7
Roasting Pans	289826	8	https://www.amazon.com/s?rh=n:289826&fs=true&page=8
Roasting Pans	289826	9	https://www.amazon.com/s?rh=n:289826&fs=true&page=9
Roasting Pans	289826	10	https://www.amazon.com/s?rh=n:289826&fs=true&page=10
Adult Novelty	9014234011	1	https://www.amazon.com/s?rh=n:9014234011&fs=true&page=1
Adult Novelty	9014234011	2	https://www.amazon.com/s?rh=n:9014234011&fs=true&page=2
Adult Novelty	9014234011	3	https://www.amazon.com/s?rh=n:9014234011&fs=true&page=3
Adult Novelty	9014234011	4	https://www.amazon.com/s?rh=n:9014234011&fs=true&page=4
Adult Novelty	9014234011	5	https://www.amazon.com/s?rh=n:9014234011&fs=true&page=5
Adult Novelty	9014234011	6	https://www.amazon.com/s?rh=n:9014234011&fs=true&page=6
Adult Novelty	9014234011	7	https://www.amazon.com/s?rh=n:9014234011&fs=true&page=7
Adult Novelty	9014234011	8	https://www.amazon.com/s?rh=n:9014234011&fs=true&page=8
Adult Novelty	9014234011	9	https://www.amazon.com/s?rh=n:9014234011&fs=true&page=9
Adult Novelty	9014234011	10	https://www.amazon.com/s?rh=n:9014234011&fs=true&page=10
Ceremony Supplies	16961053011	1	https://www.amazon.com/s?rh=n:16961053011&fs=true&page=1
Ceremony Supplies	16961053011	2	https://www.amazon.com/s?rh=n:16961053011&fs=true&page=2
Ceremony Supplies	16961053011	3	https://www.amazon.com/s?rh=n:16961053011&fs=true&page=3
Ceremony Supplies	16961053011	4	https://www.amazon.com/s?rh=n:16961053011&fs=true&page=4
Ceremony Supplies	16961053011	5	https://www.amazon.com/s?rh=n:16961053011&fs=true&page=5
Ceremony Supplies	16961053011	6	https://www.amazon.com/s?rh=n:16961053011&fs=true&page=6
Ceremony Supplies	16961053011	7	https://www.amazon.com/s?rh=n:16961053011&fs=true&page=7
Ceremony Supplies	16961053011	8	https://www.amazon.com/s?rh=n:16961053011&fs=true&page=8
Ceremony Supplies	16961053011	9	https://www.amazon.com/s?rh=n:16961053011&fs=true&page=9
Ceremony Supplies	16961053011	10	https://www.amazon.com/s?rh=n:16961053011&fs=true&page=10
Decorations	723469011	1	https://www.amazon.com/s?rh=n:723469011&fs=true&page=1
Decorations	723469011	2	https://www.amazon.com/s?rh=n:723469011&fs=true&page=2
Decorations	723469011	3	https://www.amazon.com/s?rh=n:723469011&fs=true&page=3
Decorations	723469011	4	https://www.amazon.com/s?rh=n:723469011&fs=true&page=4
Decorations	723469011	5	https://www.amazon.com/s?rh=n:723469011&fs=true&page=5
Decorations	723469011	6	https://www.amazon.com/s?rh=n:723469011&fs=true&page=6
Decorations	723469011	7	https://www.amazon.com/s?rh=n:723469011&fs=true&page=7
Decorations	723469011	8	https://www.amazon.com/s?rh=n:723469011&fs=true&page=8
Decorations	723469011	9	https://www.amazon.com/s?rh=n:723469011&fs=true&page=9
Decorations	723469011	10	https://www.amazon.com/s?rh=n:723469011&fs=true&page=10
Favors	723476011	1	https://www.amazon.com/s?rh=n:723476011&fs=true&page=1
Favors	723476011	2	https://www.amazon.com/s?rh=n:723476011&fs=true&page=2
Favors	723476011	3	https://www.amazon.com/s?rh=n:723476011&fs=true&page=3
Favors	723476011	4	https://www.amazon.com/s?rh=n:723476011&fs=true&page=4
Favors	723476011	5	https://www.amazon.com/s?rh=n:723476011&fs=true&page=5
Favors	723476011	6	https://www.amazon.com/s?rh=n:723476011&fs=true&page=6
Favors	723476011	7	https://www.amazon.com/s?rh=n:723476011&fs=true&page=7
Favors	723476011	8	https://www.amazon.com/s?rh=n:723476011&fs=true&page=8
Favors	723476011	9	https://www.amazon.com/s?rh=n:723476011&fs=true&page=9
Favors	723476011	10	https://www.amazon.com/s?rh=n:723476011&fs=true&page=10
Greeting Cards	723463011	1	https://www.amazon.com/s?rh=n:723463011&fs=true&page=1
Greeting Cards	723463011	2	https://www.amazon.com/s?rh=n:723463011&fs=true&page=2
Greeting Cards	723463011	3	https://www.amazon.com/s?rh=n:723463011&fs=true&page=3
Greeting Cards	723463011	4	https://www.amazon.com/s?rh=n:723463011&fs=true&page=4
Greeting Cards	723463011	5	https://www.amazon.com/s?rh=n:723463011&fs=true&page=5
Greeting Cards	723463011	6	https://www.amazon.com/s?rh=n:723463011&fs=true&page=6
Greeting Cards	723463011	7	https://www.amazon.com/s?rh=n:723463011&fs=true&page=7
Greeting Cards	723463011	8	https://www.amazon.com/s?rh=n:723463011&fs=true&page=8
Greeting Cards	723463011	9	https://www.amazon.com/s?rh=n:723463011&fs=true&page=9
Greeting Cards	723463011	10	https://www.amazon.com/s?rh=n:723463011&fs=true&page=10
Headwear	723477011	1	https://www.amazon.com/s?rh=n:723477011&fs=true&page=1
Headwear	723477011	2	https://www.amazon.com/s?rh=n:723477011&fs=true&page=2
Headwear	723477011	3	https://www.amazon.com/s?rh=n:723477011&fs=true&page=3
Headwear	723477011	4	https://www.amazon.com/s?rh=n:723477011&fs=true&page=4
Headwear	723477011	5	https://www.amazon.com/s?rh=n:723477011&fs=true&page=5
Headwear	723477011	6	https://www.amazon.com/s?rh=n:723477011&fs=true&page=6
Headwear	723477011	7	https://www.amazon.com/s?rh=n:723477011&fs=true&page=7
Headwear	723477011	8	https://www.amazon.com/s?rh=n:723477011&fs=true&page=8
Headwear	723477011	9	https://www.amazon.com/s?rh=n:723477011&fs=true&page=9
Headwear	723477011	10	https://www.amazon.com/s?rh=n:723477011&fs=true&page=10
Invitations	723478011	1	https://www.amazon.com/s?rh=n:723478011&fs=true&page=1
Invitations	723478011	2	https://www.amazon.com/s?rh=n:723478011&fs=true&page=2
Invitations	723478011	3	https://www.amazon.com/s?rh=n:723478011&fs=true&page=3
Invitations	723478011	4	https://www.amazon.com/s?rh=n:723478011&fs=true&page=4
Invitations	723478011	5	https://www.amazon.com/s?rh=n:723478011&fs=true&page=5
Invitations	723478011	6	https://www.amazon.com/s?rh=n:723478011&fs=true&page=6
Invitations	723478011	7	https://www.amazon.com/s?rh=n:723478011&fs=true&page=7
Invitations	723478011	8	https://www.amazon.com/s?rh=n:723478011&fs=true&page=8
Invitations	723478011	9	https://www.amazon.com/s?rh=n:723478011&fs=true&page=9
Invitations	723478011	10	https://www.amazon.com/s?rh=n:723478011&fs=true&page=10
Party Games & Activities	14530985011	1	https://www.amazon.com/s?rh=n:14530985011&fs=true&page=1
Party Games & Activities	14530985011	2	https://www.amazon.com/s?rh=n:14530985011&fs=true&page=2
Party Games & Activities	14530985011	3	https://www.amazon.com/s?rh=n:14530985011&fs=true&page=3
Party Games & Activities	14530985011	4	https://www.amazon.com/s?rh=n:14530985011&fs=true&page=4
Party Games & Activities	14530985011	5	https://www.amazon.com/s?rh=n:14530985011&fs=true&page=5
Party Games & Activities	14530985011	6	https://www.amazon.com/s?rh=n:14530985011&fs=true&page=6
Party Games & Activities	14530985011	7	https://www.amazon.com/s?rh=n:14530985011&fs=true&page=7
Party Games & Activities	14530985011	8	https://www.amazon.com/s?rh=n:14530985011&fs=true&page=8
Party Games & Activities	14530985011	9	https://www.amazon.com/s?rh=n:14530985011&fs=true&page=9
Party Games & Activities	14530985011	10	https://www.amazon.com/s?rh=n:14530985011&fs=true&page=10
Party Packs	723480011	1	https://www.amazon.com/s?rh=n:723480011&fs=true&page=1
Party Packs	723480011	2	https://www.amazon.com/s?rh=n:723480011&fs=true&page=2
Party Packs	723480011	3	https://www.amazon.com/s?rh=n:723480011&fs=true&page=3
Party Packs	723480011	4	https://www.amazon.com/s?rh=n:723480011&fs=true&page=4
Party Packs	723480011	5	https://www.amazon.com/s?rh=n:723480011&fs=true&page=5
Party Packs	723480011	6	https://www.amazon.com/s?rh=n:723480011&fs=true&page=6
Party Packs	723480011	7	https://www.amazon.com/s?rh=n:723480011&fs=true&page=7
Party Packs	723480011	8	https://www.amazon.com/s?rh=n:723480011&fs=true&page=8
Party Packs	723480011	9	https://www.amazon.com/s?rh=n:723480011&fs=true&page=9
Party Packs	723480011	10	https://www.amazon.com/s?rh=n:723480011&fs=true&page=10
Party Supplies	1266203011	1	https://www.amazon.com/s?rh=n:1266203011&fs=true&page=1
Party Supplies	1266203011	2	https://www.amazon.com/s?rh=n:1266203011&fs=true&page=2
Party Supplies	1266203011	3	https://www.amazon.com/s?rh=n:1266203011&fs=true&page=3
Party Supplies	1266203011	4	https://www.amazon.com/s?rh=n:1266203011&fs=true&page=4
Party Supplies	1266203011	5	https://www.amazon.com/s?rh=n:1266203011&fs=true&page=5
Party Supplies	1266203011	6	https://www.amazon.com/s?rh=n:1266203011&fs=true&page=6
Party Supplies	1266203011	7	https://www.amazon.com/s?rh=n:1266203011&fs=true&page=7
Party Supplies	1266203011	8	https://www.amazon.com/s?rh=n:1266203011&fs=true&page=8
Party Supplies	1266203011	9	https://www.amazon.com/s?rh=n:1266203011&fs=true&page=9
Party Supplies	1266203011	10	https://www.amazon.com/s?rh=n:1266203011&fs=true&page=10
Photobooth Props	14530987011	1	https://www.amazon.com/s?rh=n:14530987011&fs=true&page=1
Photobooth Props	14530987011	2	https://www.amazon.com/s?rh=n:14530987011&fs=true&page=2
Photobooth Props	14530987011	3	https://www.amazon.com/s?rh=n:14530987011&fs=true&page=3
Photobooth Props	14530987011	4	https://www.amazon.com/s?rh=n:14530987011&fs=true&page=4
Photobooth Props	14530987011	5	https://www.amazon.com/s?rh=n:14530987011&fs=true&page=5
Photobooth Props	14530987011	6	https://www.amazon.com/s?rh=n:14530987011&fs=true&page=6
Photobooth Props	14530987011	7	https://www.amazon.com/s?rh=n:14530987011&fs=true&page=7
Photobooth Props	14530987011	8	https://www.amazon.com/s?rh=n:14530987011&fs=true&page=8
Photobooth Props	14530987011	9	https://www.amazon.com/s?rh=n:14530987011&fs=true&page=9
Photobooth Props	14530987011	10	https://www.amazon.com/s?rh=n:14530987011&fs=true&page=10
Place Cards & Place Card Holders	13468941	1	https://www.amazon.com/s?rh=n:13468941&fs=true&page=1
Place Cards & Place Card Holders	13468941	2	https://www.amazon.com/s?rh=n:13468941&fs=true&page=2
Place Cards & Place Card Holders	13468941	3	https://www.amazon.com/s?rh=n:13468941&fs=true&page=3
Place Cards & Place Card Holders	13468941	4	https://www.amazon.com/s?rh=n:13468941&fs=true&page=4
Place Cards & Place Card Holders	13468941	5	https://www.amazon.com/s?rh=n:13468941&fs=true&page=5
Place Cards & Place Card Holders	13468941	6	https://www.amazon.com/s?rh=n:13468941&fs=true&page=6
Place Cards & Place Card Holders	13468941	7	https://www.amazon.com/s?rh=n:13468941&fs=true&page=7
Place Cards & Place Card Holders	13468941	8	https://www.amazon.com/s?rh=n:13468941&fs=true&page=8
Place Cards & Place Card Holders	13468941	9	https://www.amazon.com/s?rh=n:13468941&fs=true&page=9
Place Cards & Place Card Holders	13468941	10	https://www.amazon.com/s?rh=n:13468941&fs=true&page=10
Tableware	723481011	1	https://www.amazon.com/s?rh=n:723481011&fs=true&page=1
Tableware	723481011	2	https://www.amazon.com/s?rh=n:723481011&fs=true&page=2
Tableware	723481011	3	https://www.amazon.com/s?rh=n:723481011&fs=true&page=3
Tableware	723481011	4	https://www.amazon.com/s?rh=n:723481011&fs=true&page=4
Tableware	723481011	5	https://www.amazon.com/s?rh=n:723481011&fs=true&page=5
Tableware	723481011	6	https://www.amazon.com/s?rh=n:723481011&fs=true&page=6
Tableware	723481011	7	https://www.amazon.com/s?rh=n:723481011&fs=true&page=7
Tableware	723481011	8	https://www.amazon.com/s?rh=n:723481011&fs=true&page=8
Tableware	723481011	9	https://www.amazon.com/s?rh=n:723481011&fs=true&page=9
Tableware	723481011	10	https://www.amazon.com/s?rh=n:723481011&fs=true&page=10
Cake Decorating Supplies	723468011	1	https://www.amazon.com/s?rh=n:723468011&fs=true&page=1
Cake Decorating Supplies	723468011	2	https://www.amazon.com/s?rh=n:723468011&fs=true&page=2
Cake Decorating Supplies	723468011	3	https://www.amazon.com/s?rh=n:723468011&fs=true&page=3
Cake Decorating Supplies	723468011	4	https://www.amazon.com/s?rh=n:723468011&fs=true&page=4
Cake Decorating Supplies	723468011	5	https://www.amazon.com/s?rh=n:723468011&fs=true&page=5
Cake Decorating Supplies	723468011	6	https://www.amazon.com/s?rh=n:723468011&fs=true&page=6
Cake Decorating Supplies	723468011	7	https://www.amazon.com/s?rh=n:723468011&fs=true&page=7
Cake Decorating Supplies	723468011	8	https://www.amazon.com/s?rh=n:723468011&fs=true&page=8
Cake Decorating Supplies	723468011	9	https://www.amazon.com/s?rh=n:723468011&fs=true&page=9
Cake Decorating Supplies	723468011	10	https://www.amazon.com/s?rh=n:723468011&fs=true&page=10
Accessories	3741971	1	https://www.amazon.com/s?rh=n:3741971&fs=true&page=1
Accessories	3741971	2	https://www.amazon.com/s?rh=n:3741971&fs=true&page=2
Accessories	3741971	3	https://www.amazon.com/s?rh=n:3741971&fs=true&page=3
Accessories	3741971	4	https://www.amazon.com/s?rh=n:3741971&fs=true&page=4
Accessories	3741971	5	https://www.amazon.com/s?rh=n:3741971&fs=true&page=5
Accessories	3741971	6	https://www.amazon.com/s?rh=n:3741971&fs=true&page=6
Accessories	3741971	7	https://www.amazon.com/s?rh=n:3741971&fs=true&page=7
Accessories	3741971	8	https://www.amazon.com/s?rh=n:3741971&fs=true&page=8
Accessories	3741971	9	https://www.amazon.com/s?rh=n:3741971&fs=true&page=9
Accessories	3741971	10	https://www.amazon.com/s?rh=n:3741971&fs=true&page=10
Paper	1069664	1	https://www.amazon.com/s?rh=n:1069664&fs=true&page=1
Paper	1069664	2	https://www.amazon.com/s?rh=n:1069664&fs=true&page=2
Paper	1069664	3	https://www.amazon.com/s?rh=n:1069664&fs=true&page=3
Paper	1069664	4	https://www.amazon.com/s?rh=n:1069664&fs=true&page=4
Paper	1069664	5	https://www.amazon.com/s?rh=n:1069664&fs=true&page=5
Paper	1069664	6	https://www.amazon.com/s?rh=n:1069664&fs=true&page=6
Paper	1069664	7	https://www.amazon.com/s?rh=n:1069664&fs=true&page=7
Paper	1069664	8	https://www.amazon.com/s?rh=n:1069664&fs=true&page=8
Paper	1069664	9	https://www.amazon.com/s?rh=n:1069664&fs=true&page=9
Paper	1069664	10	https://www.amazon.com/s?rh=n:1069664&fs=true&page=10
Concession & Vending Equipment	5315091011	1	https://www.amazon.com/s?rh=n:5315091011&fs=true&page=1
Concession & Vending Equipment	5315091011	2	https://www.amazon.com/s?rh=n:5315091011&fs=true&page=2
Concession & Vending Equipment	5315091011	3	https://www.amazon.com/s?rh=n:5315091011&fs=true&page=3
Concession & Vending Equipment	5315091011	4	https://www.amazon.com/s?rh=n:5315091011&fs=true&page=4
Concession & Vending Equipment	5315091011	5	https://www.amazon.com/s?rh=n:5315091011&fs=true&page=5
Concession & Vending Equipment	5315091011	6	https://www.amazon.com/s?rh=n:5315091011&fs=true&page=6
Concession & Vending Equipment	5315091011	7	https://www.amazon.com/s?rh=n:5315091011&fs=true&page=7
Concession & Vending Equipment	5315091011	8	https://www.amazon.com/s?rh=n:5315091011&fs=true&page=8
Concession & Vending Equipment	5315091011	9	https://www.amazon.com/s?rh=n:5315091011&fs=true&page=9
Concession & Vending Equipment	5315091011	10	https://www.amazon.com/s?rh=n:5315091011&fs=true&page=10
Cookware, Bakeware & Tools	18098901011	1	https://www.amazon.com/s?rh=n:18098901011&fs=true&page=1
Cookware, Bakeware & Tools	18098901011	2	https://www.amazon.com/s?rh=n:18098901011&fs=true&page=2
Cookware, Bakeware & Tools	18098901011	3	https://www.amazon.com/s?rh=n:18098901011&fs=true&page=3
Cookware, Bakeware & Tools	18098901011	4	https://www.amazon.com/s?rh=n:18098901011&fs=true&page=4
Cookware, Bakeware & Tools	18098901011	5	https://www.amazon.com/s?rh=n:18098901011&fs=true&page=5
Cookware, Bakeware & Tools	18098901011	6	https://www.amazon.com/s?rh=n:18098901011&fs=true&page=6
Cookware, Bakeware & Tools	18098901011	7	https://www.amazon.com/s?rh=n:18098901011&fs=true&page=7
Cookware, Bakeware & Tools	18098901011	8	https://www.amazon.com/s?rh=n:18098901011&fs=true&page=8
Cookware, Bakeware & Tools	18098901011	9	https://www.amazon.com/s?rh=n:18098901011&fs=true&page=9
Cookware, Bakeware & Tools	18098901011	10	https://www.amazon.com/s?rh=n:18098901011&fs=true&page=10
Displayware & Signage	5298059011	1	https://www.amazon.com/s?rh=n:5298059011&fs=true&page=1
Displayware & Signage	5298059011	2	https://www.amazon.com/s?rh=n:5298059011&fs=true&page=2
Displayware & Signage	5298059011	3	https://www.amazon.com/s?rh=n:5298059011&fs=true&page=3
Displayware & Signage	5298059011	4	https://www.amazon.com/s?rh=n:5298059011&fs=true&page=4
Displayware & Signage	5298059011	5	https://www.amazon.com/s?rh=n:5298059011&fs=true&page=5
Displayware & Signage	5298059011	6	https://www.amazon.com/s?rh=n:5298059011&fs=true&page=6
Displayware & Signage	5298059011	7	https://www.amazon.com/s?rh=n:5298059011&fs=true&page=7
Displayware & Signage	5298059011	8	https://www.amazon.com/s?rh=n:5298059011&fs=true&page=8
Displayware & Signage	5298059011	9	https://www.amazon.com/s?rh=n:5298059011&fs=true&page=9
Displayware & Signage	5298059011	10	https://www.amazon.com/s?rh=n:5298059011&fs=true&page=10
Disposables	6134197011	1	https://www.amazon.com/s?rh=n:6134197011&fs=true&page=1
Disposables	6134197011	2	https://www.amazon.com/s?rh=n:6134197011&fs=true&page=2
Disposables	6134197011	3	https://www.amazon.com/s?rh=n:6134197011&fs=true&page=3
Disposables	6134197011	4	https://www.amazon.com/s?rh=n:6134197011&fs=true&page=4
Disposables	6134197011	5	https://www.amazon.com/s?rh=n:6134197011&fs=true&page=5
Disposables	6134197011	6	https://www.amazon.com/s?rh=n:6134197011&fs=true&page=6
Disposables	6134197011	7	https://www.amazon.com/s?rh=n:6134197011&fs=true&page=7
Disposables	6134197011	8	https://www.amazon.com/s?rh=n:6134197011&fs=true&page=8
Disposables	6134197011	9	https://www.amazon.com/s?rh=n:6134197011&fs=true&page=9
Disposables	6134197011	10	https://www.amazon.com/s?rh=n:6134197011&fs=true&page=10
Furniture	6054389011	1	https://www.amazon.com/s?rh=n:6054389011&fs=true&page=1
Furniture	6054389011	2	https://www.amazon.com/s?rh=n:6054389011&fs=true&page=2
Furniture	6054389011	3	https://www.amazon.com/s?rh=n:6054389011&fs=true&page=3
Furniture	6054389011	4	https://www.amazon.com/s?rh=n:6054389011&fs=true&page=4
Furniture	6054389011	5	https://www.amazon.com/s?rh=n:6054389011&fs=true&page=5
Furniture	6054389011	6	https://www.amazon.com/s?rh=n:6054389011&fs=true&page=6
Furniture	6054389011	7	https://www.amazon.com/s?rh=n:6054389011&fs=true&page=7
Furniture	6054389011	8	https://www.amazon.com/s?rh=n:6054389011&fs=true&page=8
Furniture	6054389011	9	https://www.amazon.com/s?rh=n:6054389011&fs=true&page=9
Furniture	6054389011	10	https://www.amazon.com/s?rh=n:6054389011&fs=true&page=10
Restaurant Appliances & Equipment	18098890011	1	https://www.amazon.com/s?rh=n:18098890011&fs=true&page=1
Restaurant Appliances & Equipment	18098890011	2	https://www.amazon.com/s?rh=n:18098890011&fs=true&page=2
Restaurant Appliances & Equipment	18098890011	3	https://www.amazon.com/s?rh=n:18098890011&fs=true&page=3
Restaurant Appliances & Equipment	18098890011	4	https://www.amazon.com/s?rh=n:18098890011&fs=true&page=4
Restaurant Appliances & Equipment	18098890011	5	https://www.amazon.com/s?rh=n:18098890011&fs=true&page=5
Restaurant Appliances & Equipment	18098890011	6	https://www.amazon.com/s?rh=n:18098890011&fs=true&page=6
Restaurant Appliances & Equipment	18098890011	7	https://www.amazon.com/s?rh=n:18098890011&fs=true&page=7
Restaurant Appliances & Equipment	18098890011	8	https://www.amazon.com/s?rh=n:18098890011&fs=true&page=8
Restaurant Appliances & Equipment	18098890011	9	https://www.amazon.com/s?rh=n:18098890011&fs=true&page=9
Restaurant Appliances & Equipment	18098890011	10	https://www.amazon.com/s?rh=n:18098890011&fs=true&page=10
Storage & Transport	18098914011	1	https://www.amazon.com/s?rh=n:18098914011&fs=true&page=1
Storage & Transport	18098914011	2	https://www.amazon.com/s?rh=n:18098914011&fs=true&page=2
Storage & Transport	18098914011	3	https://www.amazon.com/s?rh=n:18098914011&fs=true&page=3
Storage & Transport	18098914011	4	https://www.amazon.com/s?rh=n:18098914011&fs=true&page=4
Storage & Transport	18098914011	5	https://www.amazon.com/s?rh=n:18098914011&fs=true&page=5
Storage & Transport	18098914011	6	https://www.amazon.com/s?rh=n:18098914011&fs=true&page=6
Storage & Transport	18098914011	7	https://www.amazon.com/s?rh=n:18098914011&fs=true&page=7
Storage & Transport	18098914011	8	https://www.amazon.com/s?rh=n:18098914011&fs=true&page=8
Storage & Transport	18098914011	9	https://www.amazon.com/s?rh=n:18098914011&fs=true&page=9
Storage & Transport	18098914011	10	https://www.amazon.com/s?rh=n:18098914011&fs=true&page=10
Tabletop & Serveware	18098905011	1	https://www.amazon.com/s?rh=n:18098905011&fs=true&page=1
Tabletop & Serveware	18098905011	2	https://www.amazon.com/s?rh=n:18098905011&fs=true&page=2
Tabletop & Serveware	18098905011	3	https://www.amazon.com/s?rh=n:18098905011&fs=true&page=3
Tabletop & Serveware	18098905011	4	https://www.amazon.com/s?rh=n:18098905011&fs=true&page=4
Tabletop & Serveware	18098905011	5	https://www.amazon.com/s?rh=n:18098905011&fs=true&page=5
Tabletop & Serveware	18098905011	6	https://www.amazon.com/s?rh=n:18098905011&fs=true&page=6
Tabletop & Serveware	18098905011	7	https://www.amazon.com/s?rh=n:18098905011&fs=true&page=7
Tabletop & Serveware	18098905011	8	https://www.amazon.com/s?rh=n:18098905011&fs=true&page=8
Tabletop & Serveware	18098905011	9	https://www.amazon.com/s?rh=n:18098905011&fs=true&page=9
Tabletop & Serveware	18098905011	10	https://www.amazon.com/s?rh=n:18098905011&fs=true&page=10
Carpet & Upholstery Cleaners & Accessories	11333721011	1	https://www.amazon.com/s?rh=n:11333721011&fs=true&page=1
Carpet & Upholstery Cleaners & Accessories	11333721011	2	https://www.amazon.com/s?rh=n:11333721011&fs=true&page=2
Carpet & Upholstery Cleaners & Accessories	11333721011	3	https://www.amazon.com/s?rh=n:11333721011&fs=true&page=3
Carpet & Upholstery Cleaners & Accessories	11333721011	4	https://www.amazon.com/s?rh=n:11333721011&fs=true&page=4
Carpet & Upholstery Cleaners & Accessories	11333721011	5	https://www.amazon.com/s?rh=n:11333721011&fs=true&page=5
Carpet & Upholstery Cleaners & Accessories	11333721011	6	https://www.amazon.com/s?rh=n:11333721011&fs=true&page=6
Carpet & Upholstery Cleaners & Accessories	11333721011	7	https://www.amazon.com/s?rh=n:11333721011&fs=true&page=7
Carpet & Upholstery Cleaners & Accessories	11333721011	8	https://www.amazon.com/s?rh=n:11333721011&fs=true&page=8
Carpet & Upholstery Cleaners & Accessories	11333721011	9	https://www.amazon.com/s?rh=n:11333721011&fs=true&page=9
Carpet & Upholstery Cleaners & Accessories	11333721011	10	https://www.amazon.com/s?rh=n:11333721011&fs=true&page=10
Steam Cleaners, Steam Mops & Accessories	11333725011	1	https://www.amazon.com/s?rh=n:11333725011&fs=true&page=1
Steam Cleaners, Steam Mops & Accessories	11333725011	2	https://www.amazon.com/s?rh=n:11333725011&fs=true&page=2
Steam Cleaners, Steam Mops & Accessories	11333725011	3	https://www.amazon.com/s?rh=n:11333725011&fs=true&page=3
Steam Cleaners, Steam Mops & Accessories	11333725011	4	https://www.amazon.com/s?rh=n:11333725011&fs=true&page=4
Steam Cleaners, Steam Mops & Accessories	11333725011	5	https://www.amazon.com/s?rh=n:11333725011&fs=true&page=5
Steam Cleaners, Steam Mops & Accessories	11333725011	6	https://www.amazon.com/s?rh=n:11333725011&fs=true&page=6
Steam Cleaners, Steam Mops & Accessories	11333725011	7	https://www.amazon.com/s?rh=n:11333725011&fs=true&page=7
Steam Cleaners, Steam Mops & Accessories	11333725011	8	https://www.amazon.com/s?rh=n:11333725011&fs=true&page=8
Steam Cleaners, Steam Mops & Accessories	11333725011	9	https://www.amazon.com/s?rh=n:11333725011&fs=true&page=9
Steam Cleaners, Steam Mops & Accessories	11333725011	10	https://www.amazon.com/s?rh=n:11333725011&fs=true&page=10
Sweepers & Accessories	510094	1	https://www.amazon.com/s?rh=n:510094&fs=true&page=1
Sweepers & Accessories	510094	2	https://www.amazon.com/s?rh=n:510094&fs=true&page=2
Sweepers & Accessories	510094	3	https://www.amazon.com/s?rh=n:510094&fs=true&page=3
Sweepers & Accessories	510094	4	https://www.amazon.com/s?rh=n:510094&fs=true&page=4
Sweepers & Accessories	510094	5	https://www.amazon.com/s?rh=n:510094&fs=true&page=5
Sweepers & Accessories	510094	6	https://www.amazon.com/s?rh=n:510094&fs=true&page=6
Sweepers & Accessories	510094	7	https://www.amazon.com/s?rh=n:510094&fs=true&page=7
Sweepers & Accessories	510094	8	https://www.amazon.com/s?rh=n:510094&fs=true&page=8
Sweepers & Accessories	510094	9	https://www.amazon.com/s?rh=n:510094&fs=true&page=9
Sweepers & Accessories	510094	10	https://www.amazon.com/s?rh=n:510094&fs=true&page=10
Vacuum Parts & Accessories	510128	1	https://www.amazon.com/s?rh=n:510128&fs=true&page=1
Vacuum Parts & Accessories	510128	2	https://www.amazon.com/s?rh=n:510128&fs=true&page=2
Vacuum Parts & Accessories	510128	3	https://www.amazon.com/s?rh=n:510128&fs=true&page=3
Vacuum Parts & Accessories	510128	4	https://www.amazon.com/s?rh=n:510128&fs=true&page=4
Vacuum Parts & Accessories	510128	5	https://www.amazon.com/s?rh=n:510128&fs=true&page=5
Vacuum Parts & Accessories	510128	6	https://www.amazon.com/s?rh=n:510128&fs=true&page=6
Vacuum Parts & Accessories	510128	7	https://www.amazon.com/s?rh=n:510128&fs=true&page=7
Vacuum Parts & Accessories	510128	8	https://www.amazon.com/s?rh=n:510128&fs=true&page=8
Vacuum Parts & Accessories	510128	9	https://www.amazon.com/s?rh=n:510128&fs=true&page=9
Vacuum Parts & Accessories	510128	10	https://www.amazon.com/s?rh=n:510128&fs=true&page=10
Vacuums	3743521	1	https://www.amazon.com/s?rh=n:3743521&fs=true&page=1
Vacuums	3743521	2	https://www.amazon.com/s?rh=n:3743521&fs=true&page=2
Vacuums	3743521	3	https://www.amazon.com/s?rh=n:3743521&fs=true&page=3
Vacuums	3743521	4	https://www.amazon.com/s?rh=n:3743521&fs=true&page=4
Vacuums	3743521	5	https://www.amazon.com/s?rh=n:3743521&fs=true&page=5
Vacuums	3743521	6	https://www.amazon.com/s?rh=n:3743521&fs=true&page=6
Vacuums	3743521	7	https://www.amazon.com/s?rh=n:3743521&fs=true&page=7
Vacuums	3743521	8	https://www.amazon.com/s?rh=n:3743521&fs=true&page=8
Vacuums	3743521	9	https://www.amazon.com/s?rh=n:3743521&fs=true&page=9
Vacuums	3743521	10	https://www.amazon.com/s?rh=n:3743521&fs=true&page=10
Baskets, Bins & Containers	2422430011	1	https://www.amazon.com/s?rh=n:2422430011&fs=true&page=1
Baskets, Bins & Containers	2422430011	2	https://www.amazon.com/s?rh=n:2422430011&fs=true&page=2
Baskets, Bins & Containers	2422430011	3	https://www.amazon.com/s?rh=n:2422430011&fs=true&page=3
Baskets, Bins & Containers	2422430011	4	https://www.amazon.com/s?rh=n:2422430011&fs=true&page=4
Baskets, Bins & Containers	2422430011	5	https://www.amazon.com/s?rh=n:2422430011&fs=true&page=5
Baskets, Bins & Containers	2422430011	6	https://www.amazon.com/s?rh=n:2422430011&fs=true&page=6
Baskets, Bins & Containers	2422430011	7	https://www.amazon.com/s?rh=n:2422430011&fs=true&page=7
Baskets, Bins & Containers	2422430011	8	https://www.amazon.com/s?rh=n:2422430011&fs=true&page=8
Baskets, Bins & Containers	2422430011	9	https://www.amazon.com/s?rh=n:2422430011&fs=true&page=9
Baskets, Bins & Containers	2422430011	10	https://www.amazon.com/s?rh=n:2422430011&fs=true&page=10
Bathroom Storage & Organization	2422451011	1	https://www.amazon.com/s?rh=n:2422451011&fs=true&page=1
Bathroom Storage & Organization	2422451011	2	https://www.amazon.com/s?rh=n:2422451011&fs=true&page=2
Bathroom Storage & Organization	2422451011	3	https://www.amazon.com/s?rh=n:2422451011&fs=true&page=3
Bathroom Storage & Organization	2422451011	4	https://www.amazon.com/s?rh=n:2422451011&fs=true&page=4
Bathroom Storage & Organization	2422451011	5	https://www.amazon.com/s?rh=n:2422451011&fs=true&page=5
Bathroom Storage & Organization	2422451011	6	https://www.amazon.com/s?rh=n:2422451011&fs=true&page=6
Bathroom Storage & Organization	2422451011	7	https://www.amazon.com/s?rh=n:2422451011&fs=true&page=7
Bathroom Storage & Organization	2422451011	8	https://www.amazon.com/s?rh=n:2422451011&fs=true&page=8
Bathroom Storage & Organization	2422451011	9	https://www.amazon.com/s?rh=n:2422451011&fs=true&page=9
Bathroom Storage & Organization	2422451011	10	https://www.amazon.com/s?rh=n:2422451011&fs=true&page=10
Clothing & Closet Storage	2423187011	1	https://www.amazon.com/s?rh=n:2423187011&fs=true&page=1
Clothing & Closet Storage	2423187011	2	https://www.amazon.com/s?rh=n:2423187011&fs=true&page=2
Clothing & Closet Storage	2423187011	3	https://www.amazon.com/s?rh=n:2423187011&fs=true&page=3
Clothing & Closet Storage	2423187011	4	https://www.amazon.com/s?rh=n:2423187011&fs=true&page=4
Clothing & Closet Storage	2423187011	5	https://www.amazon.com/s?rh=n:2423187011&fs=true&page=5
Clothing & Closet Storage	2423187011	6	https://www.amazon.com/s?rh=n:2423187011&fs=true&page=6
Clothing & Closet Storage	2423187011	7	https://www.amazon.com/s?rh=n:2423187011&fs=true&page=7
Clothing & Closet Storage	2423187011	8	https://www.amazon.com/s?rh=n:2423187011&fs=true&page=8
Clothing & Closet Storage	2423187011	9	https://www.amazon.com/s?rh=n:2423187011&fs=true&page=9
Clothing & Closet Storage	2423187011	10	https://www.amazon.com/s?rh=n:2423187011&fs=true&page=10
Decorative Wreath Storage	16175640011	1	https://www.amazon.com/s?rh=n:16175640011&fs=true&page=1
Decorative Wreath Storage	16175640011	2	https://www.amazon.com/s?rh=n:16175640011&fs=true&page=2
Decorative Wreath Storage	16175640011	3	https://www.amazon.com/s?rh=n:16175640011&fs=true&page=3
Decorative Wreath Storage	16175640011	4	https://www.amazon.com/s?rh=n:16175640011&fs=true&page=4
Decorative Wreath Storage	16175640011	5	https://www.amazon.com/s?rh=n:16175640011&fs=true&page=5
Decorative Wreath Storage	16175640011	6	https://www.amazon.com/s?rh=n:16175640011&fs=true&page=6
Decorative Wreath Storage	16175640011	7	https://www.amazon.com/s?rh=n:16175640011&fs=true&page=7
Decorative Wreath Storage	16175640011	8	https://www.amazon.com/s?rh=n:16175640011&fs=true&page=8
Decorative Wreath Storage	16175640011	9	https://www.amazon.com/s?rh=n:16175640011&fs=true&page=9
Decorative Wreath Storage	16175640011	10	https://www.amazon.com/s?rh=n:16175640011&fs=true&page=10
Garage Storage	165112011	1	https://www.amazon.com/s?rh=n:165112011&fs=true&page=1
Garage Storage	165112011	2	https://www.amazon.com/s?rh=n:165112011&fs=true&page=2
Garage Storage	165112011	3	https://www.amazon.com/s?rh=n:165112011&fs=true&page=3
Garage Storage	165112011	4	https://www.amazon.com/s?rh=n:165112011&fs=true&page=4
Garage Storage	165112011	5	https://www.amazon.com/s?rh=n:165112011&fs=true&page=5
Garage Storage	165112011	6	https://www.amazon.com/s?rh=n:165112011&fs=true&page=6
Garage Storage	165112011	7	https://www.amazon.com/s?rh=n:165112011&fs=true&page=7
Garage Storage	165112011	8	https://www.amazon.com/s?rh=n:165112011&fs=true&page=8
Garage Storage	165112011	9	https://www.amazon.com/s?rh=n:165112011&fs=true&page=9
Garage Storage	165112011	10	https://www.amazon.com/s?rh=n:165112011&fs=true&page=10
Holiday Décor Storage	2423741011	1	https://www.amazon.com/s?rh=n:2423741011&fs=true&page=1
Holiday Décor Storage	2423741011	2	https://www.amazon.com/s?rh=n:2423741011&fs=true&page=2
Holiday Décor Storage	2423741011	3	https://www.amazon.com/s?rh=n:2423741011&fs=true&page=3
Holiday Décor Storage	2423741011	4	https://www.amazon.com/s?rh=n:2423741011&fs=true&page=4
Holiday Décor Storage	2423741011	5	https://www.amazon.com/s?rh=n:2423741011&fs=true&page=5
Holiday Décor Storage	2423741011	6	https://www.amazon.com/s?rh=n:2423741011&fs=true&page=6
Holiday Décor Storage	2423741011	7	https://www.amazon.com/s?rh=n:2423741011&fs=true&page=7
Holiday Décor Storage	2423741011	8	https://www.amazon.com/s?rh=n:2423741011&fs=true&page=8
Holiday Décor Storage	2423741011	9	https://www.amazon.com/s?rh=n:2423741011&fs=true&page=9
Holiday Décor Storage	2423741011	10	https://www.amazon.com/s?rh=n:2423741011&fs=true&page=10
Home Storage Hooks	3744261	1	https://www.amazon.com/s?rh=n:3744261&fs=true&page=1
Home Storage Hooks	3744261	2	https://www.amazon.com/s?rh=n:3744261&fs=true&page=2
Home Storage Hooks	3744261	3	https://www.amazon.com/s?rh=n:3744261&fs=true&page=3
Home Storage Hooks	3744261	4	https://www.amazon.com/s?rh=n:3744261&fs=true&page=4
Home Storage Hooks	3744261	5	https://www.amazon.com/s?rh=n:3744261&fs=true&page=5
Home Storage Hooks	3744261	6	https://www.amazon.com/s?rh=n:3744261&fs=true&page=6
Home Storage Hooks	3744261	7	https://www.amazon.com/s?rh=n:3744261&fs=true&page=7
Home Storage Hooks	3744261	8	https://www.amazon.com/s?rh=n:3744261&fs=true&page=8
Home Storage Hooks	3744261	9	https://www.amazon.com/s?rh=n:3744261&fs=true&page=9
Home Storage Hooks	3744261	10	https://www.amazon.com/s?rh=n:3744261&fs=true&page=10
Jewelry Boxes & Organizers	3743851	1	https://www.amazon.com/s?rh=n:3743851&fs=true&page=1
Jewelry Boxes & Organizers	3743851	2	https://www.amazon.com/s?rh=n:3743851&fs=true&page=2
Jewelry Boxes & Organizers	3743851	3	https://www.amazon.com/s?rh=n:3743851&fs=true&page=3
Jewelry Boxes & Organizers	3743851	4	https://www.amazon.com/s?rh=n:3743851&fs=true&page=4
Jewelry Boxes & Organizers	3743851	5	https://www.amazon.com/s?rh=n:3743851&fs=true&page=5
Jewelry Boxes & Organizers	3743851	6	https://www.amazon.com/s?rh=n:3743851&fs=true&page=6
Jewelry Boxes & Organizers	3743851	7	https://www.amazon.com/s?rh=n:3743851&fs=true&page=7
Jewelry Boxes & Organizers	3743851	8	https://www.amazon.com/s?rh=n:3743851&fs=true&page=8
Jewelry Boxes & Organizers	3743851	9	https://www.amazon.com/s?rh=n:3743851&fs=true&page=9
Jewelry Boxes & Organizers	3743851	10	https://www.amazon.com/s?rh=n:3743851&fs=true&page=10
Laundry Storage & Organization	3744341	1	https://www.amazon.com/s?rh=n:3744341&fs=true&page=1
Laundry Storage & Organization	3744341	2	https://www.amazon.com/s?rh=n:3744341&fs=true&page=2
Laundry Storage & Organization	3744341	3	https://www.amazon.com/s?rh=n:3744341&fs=true&page=3
Laundry Storage & Organization	3744341	4	https://www.amazon.com/s?rh=n:3744341&fs=true&page=4
Laundry Storage & Organization	3744341	5	https://www.amazon.com/s?rh=n:3744341&fs=true&page=5
Laundry Storage & Organization	3744341	6	https://www.amazon.com/s?rh=n:3744341&fs=true&page=6
Laundry Storage & Organization	3744341	7	https://www.amazon.com/s?rh=n:3744341&fs=true&page=7
Laundry Storage & Organization	3744341	8	https://www.amazon.com/s?rh=n:3744341&fs=true&page=8
Laundry Storage & Organization	3744341	9	https://www.amazon.com/s?rh=n:3744341&fs=true&page=9
Laundry Storage & Organization	3744341	10	https://www.amazon.com/s?rh=n:3744341&fs=true&page=10
Office Storage & Organization	11601921011	1	https://www.amazon.com/s?rh=n:11601921011&fs=true&page=1
Office Storage & Organization	11601921011	2	https://www.amazon.com/s?rh=n:11601921011&fs=true&page=2
Office Storage & Organization	11601921011	3	https://www.amazon.com/s?rh=n:11601921011&fs=true&page=3
Office Storage & Organization	11601921011	4	https://www.amazon.com/s?rh=n:11601921011&fs=true&page=4
Office Storage & Organization	11601921011	5	https://www.amazon.com/s?rh=n:11601921011&fs=true&page=5
Office Storage & Organization	11601921011	6	https://www.amazon.com/s?rh=n:11601921011&fs=true&page=6
Office Storage & Organization	11601921011	7	https://www.amazon.com/s?rh=n:11601921011&fs=true&page=7
Office Storage & Organization	11601921011	8	https://www.amazon.com/s?rh=n:11601921011&fs=true&page=8
Office Storage & Organization	11601921011	9	https://www.amazon.com/s?rh=n:11601921011&fs=true&page=9
Office Storage & Organization	11601921011	10	https://www.amazon.com/s?rh=n:11601921011&fs=true&page=10
Racks, Shelves & Drawers	2422463011	1	https://www.amazon.com/s?rh=n:2422463011&fs=true&page=1
Racks, Shelves & Drawers	2422463011	2	https://www.amazon.com/s?rh=n:2422463011&fs=true&page=2
Racks, Shelves & Drawers	2422463011	3	https://www.amazon.com/s?rh=n:2422463011&fs=true&page=3
Racks, Shelves & Drawers	2422463011	4	https://www.amazon.com/s?rh=n:2422463011&fs=true&page=4
Racks, Shelves & Drawers	2422463011	5	https://www.amazon.com/s?rh=n:2422463011&fs=true&page=5
Racks, Shelves & Drawers	2422463011	6	https://www.amazon.com/s?rh=n:2422463011&fs=true&page=6
Racks, Shelves & Drawers	2422463011	7	https://www.amazon.com/s?rh=n:2422463011&fs=true&page=7
Racks, Shelves & Drawers	2422463011	8	https://www.amazon.com/s?rh=n:2422463011&fs=true&page=8
Racks, Shelves & Drawers	2422463011	9	https://www.amazon.com/s?rh=n:2422463011&fs=true&page=9
Racks, Shelves & Drawers	2422463011	10	https://www.amazon.com/s?rh=n:2422463011&fs=true&page=10
Storage & Organization	510136	1	https://www.amazon.com/s?rh=n:510136&fs=true&page=1
Storage & Organization	510136	2	https://www.amazon.com/s?rh=n:510136&fs=true&page=2
Storage & Organization	510136	3	https://www.amazon.com/s?rh=n:510136&fs=true&page=3
Storage & Organization	510136	4	https://www.amazon.com/s?rh=n:510136&fs=true&page=4
Storage & Organization	510136	5	https://www.amazon.com/s?rh=n:510136&fs=true&page=5
Storage & Organization	510136	6	https://www.amazon.com/s?rh=n:510136&fs=true&page=6
Storage & Organization	510136	7	https://www.amazon.com/s?rh=n:510136&fs=true&page=7
Storage & Organization	510136	8	https://www.amazon.com/s?rh=n:510136&fs=true&page=8
Storage & Organization	510136	9	https://www.amazon.com/s?rh=n:510136&fs=true&page=9
Storage & Organization	510136	10	https://www.amazon.com/s?rh=n:510136&fs=true&page=10
Floor Buffers & Parts	510118	1	https://www.amazon.com/s?rh=n:510118&fs=true&page=1
Floor Buffers & Parts	510118	2	https://www.amazon.com/s?rh=n:510118&fs=true&page=2
Floor Buffers & Parts	510118	3	https://www.amazon.com/s?rh=n:510118&fs=true&page=3
Floor Buffers & Parts	510118	4	https://www.amazon.com/s?rh=n:510118&fs=true&page=4
Floor Buffers & Parts	510118	5	https://www.amazon.com/s?rh=n:510118&fs=true&page=5
Floor Buffers & Parts	510118	6	https://www.amazon.com/s?rh=n:510118&fs=true&page=6
Floor Buffers & Parts	510118	7	https://www.amazon.com/s?rh=n:510118&fs=true&page=7
Floor Buffers & Parts	510118	8	https://www.amazon.com/s?rh=n:510118&fs=true&page=8
Floor Buffers & Parts	510118	9	https://www.amazon.com/s?rh=n:510118&fs=true&page=9
Floor Buffers & Parts	510118	10	https://www.amazon.com/s?rh=n:510118&fs=true&page=10
Trash, Recycling & Compost	2422453011	1	https://www.amazon.com/s?rh=n:2422453011&fs=true&page=1
Trash, Recycling & Compost	2422453011	2	https://www.amazon.com/s?rh=n:2422453011&fs=true&page=2
Trash, Recycling & Compost	2422453011	3	https://www.amazon.com/s?rh=n:2422453011&fs=true&page=3
Trash, Recycling & Compost	2422453011	4	https://www.amazon.com/s?rh=n:2422453011&fs=true&page=4
Trash, Recycling & Compost	2422453011	5	https://www.amazon.com/s?rh=n:2422453011&fs=true&page=5
Trash, Recycling & Compost	2422453011	6	https://www.amazon.com/s?rh=n:2422453011&fs=true&page=6
Trash, Recycling & Compost	2422453011	7	https://www.amazon.com/s?rh=n:2422453011&fs=true&page=7
Trash, Recycling & Compost	2422453011	8	https://www.amazon.com/s?rh=n:2422453011&fs=true&page=8
Trash, Recycling & Compost	2422453011	9	https://www.amazon.com/s?rh=n:2422453011&fs=true&page=9
Trash, Recycling & Compost	2422453011	10	https://www.amazon.com/s?rh=n:2422453011&fs=true&page=10
Artificial Snow	15704031	1	https://www.amazon.com/s?rh=n:15704031&fs=true&page=1
Artificial Snow	15704031	2	https://www.amazon.com/s?rh=n:15704031&fs=true&page=2
Artificial Snow	15704031	3	https://www.amazon.com/s?rh=n:15704031&fs=true&page=3
Artificial Snow	15704031	4	https://www.amazon.com/s?rh=n:15704031&fs=true&page=4
Artificial Snow	15704031	5	https://www.amazon.com/s?rh=n:15704031&fs=true&page=5
Artificial Snow	15704031	6	https://www.amazon.com/s?rh=n:15704031&fs=true&page=6
Artificial Snow	15704031	7	https://www.amazon.com/s?rh=n:15704031&fs=true&page=7
Artificial Snow	15704031	8	https://www.amazon.com/s?rh=n:15704031&fs=true&page=8
Artificial Snow	15704031	9	https://www.amazon.com/s?rh=n:15704031&fs=true&page=9
Artificial Snow	15704031	10	https://www.amazon.com/s?rh=n:15704031&fs=true&page=10
Bows & Ribbons	17296066011	1	https://www.amazon.com/s?rh=n:17296066011&fs=true&page=1
Bows & Ribbons	17296066011	2	https://www.amazon.com/s?rh=n:17296066011&fs=true&page=2
Bows & Ribbons	17296066011	3	https://www.amazon.com/s?rh=n:17296066011&fs=true&page=3
Bows & Ribbons	17296066011	4	https://www.amazon.com/s?rh=n:17296066011&fs=true&page=4
Bows & Ribbons	17296066011	5	https://www.amazon.com/s?rh=n:17296066011&fs=true&page=5
Bows & Ribbons	17296066011	6	https://www.amazon.com/s?rh=n:17296066011&fs=true&page=6
Bows & Ribbons	17296066011	7	https://www.amazon.com/s?rh=n:17296066011&fs=true&page=7
Bows & Ribbons	17296066011	8	https://www.amazon.com/s?rh=n:17296066011&fs=true&page=8
Bows & Ribbons	17296066011	9	https://www.amazon.com/s?rh=n:17296066011&fs=true&page=9
Bows & Ribbons	17296066011	10	https://www.amazon.com/s?rh=n:17296066011&fs=true&page=10
Candleholders	15704041	1	https://www.amazon.com/s?rh=n:15704041&fs=true&page=1
Candleholders	15704041	2	https://www.amazon.com/s?rh=n:15704041&fs=true&page=2
Candleholders	15704041	3	https://www.amazon.com/s?rh=n:15704041&fs=true&page=3
Candleholders	15704041	4	https://www.amazon.com/s?rh=n:15704041&fs=true&page=4
Candleholders	15704041	5	https://www.amazon.com/s?rh=n:15704041&fs=true&page=5
Candleholders	15704041	6	https://www.amazon.com/s?rh=n:15704041&fs=true&page=6
Candleholders	15704041	7	https://www.amazon.com/s?rh=n:15704041&fs=true&page=7
Candleholders	15704041	8	https://www.amazon.com/s?rh=n:15704041&fs=true&page=8
Candleholders	15704041	9	https://www.amazon.com/s?rh=n:15704041&fs=true&page=9
Candleholders	15704041	10	https://www.amazon.com/s?rh=n:15704041&fs=true&page=10
Collectible Buildings & Accessories	1258670011	1	https://www.amazon.com/s?rh=n:1258670011&fs=true&page=1
Collectible Buildings & Accessories	1258670011	2	https://www.amazon.com/s?rh=n:1258670011&fs=true&page=2
Collectible Buildings & Accessories	1258670011	3	https://www.amazon.com/s?rh=n:1258670011&fs=true&page=3
Collectible Buildings & Accessories	1258670011	4	https://www.amazon.com/s?rh=n:1258670011&fs=true&page=4
Collectible Buildings & Accessories	1258670011	5	https://www.amazon.com/s?rh=n:1258670011&fs=true&page=5
Collectible Buildings & Accessories	1258670011	6	https://www.amazon.com/s?rh=n:1258670011&fs=true&page=6
Collectible Buildings & Accessories	1258670011	7	https://www.amazon.com/s?rh=n:1258670011&fs=true&page=7
Collectible Buildings & Accessories	1258670011	8	https://www.amazon.com/s?rh=n:1258670011&fs=true&page=8
Collectible Buildings & Accessories	1258670011	9	https://www.amazon.com/s?rh=n:1258670011&fs=true&page=9
Collectible Buildings & Accessories	1258670011	10	https://www.amazon.com/s?rh=n:1258670011&fs=true&page=10
Collectible Figurines	1258672011	1	https://www.amazon.com/s?rh=n:1258672011&fs=true&page=1
Collectible Figurines	1258672011	2	https://www.amazon.com/s?rh=n:1258672011&fs=true&page=2
Collectible Figurines	1258672011	3	https://www.amazon.com/s?rh=n:1258672011&fs=true&page=3
Collectible Figurines	1258672011	4	https://www.amazon.com/s?rh=n:1258672011&fs=true&page=4
Collectible Figurines	1258672011	5	https://www.amazon.com/s?rh=n:1258672011&fs=true&page=5
Collectible Figurines	1258672011	6	https://www.amazon.com/s?rh=n:1258672011&fs=true&page=6
Collectible Figurines	1258672011	7	https://www.amazon.com/s?rh=n:1258672011&fs=true&page=7
Collectible Figurines	1258672011	8	https://www.amazon.com/s?rh=n:1258672011&fs=true&page=8
Collectible Figurines	1258672011	9	https://www.amazon.com/s?rh=n:1258672011&fs=true&page=9
Collectible Figurines	1258672011	10	https://www.amazon.com/s?rh=n:1258672011&fs=true&page=10
Nativity	702628011	1	https://www.amazon.com/s?rh=n:702628011&fs=true&page=1
Nativity	702628011	2	https://www.amazon.com/s?rh=n:702628011&fs=true&page=2
Nativity	702628011	3	https://www.amazon.com/s?rh=n:702628011&fs=true&page=3
Nativity	702628011	4	https://www.amazon.com/s?rh=n:702628011&fs=true&page=4
Nativity	702628011	5	https://www.amazon.com/s?rh=n:702628011&fs=true&page=5
Nativity	702628011	6	https://www.amazon.com/s?rh=n:702628011&fs=true&page=6
Nativity	702628011	7	https://www.amazon.com/s?rh=n:702628011&fs=true&page=7
Nativity	702628011	8	https://www.amazon.com/s?rh=n:702628011&fs=true&page=8
Nativity	702628011	9	https://www.amazon.com/s?rh=n:702628011&fs=true&page=9
Nativity	702628011	10	https://www.amazon.com/s?rh=n:702628011&fs=true&page=10
Nutcrackers	15704431	1	https://www.amazon.com/s?rh=n:15704431&fs=true&page=1
Nutcrackers	15704431	2	https://www.amazon.com/s?rh=n:15704431&fs=true&page=2
Nutcrackers	15704431	3	https://www.amazon.com/s?rh=n:15704431&fs=true&page=3
Nutcrackers	15704431	4	https://www.amazon.com/s?rh=n:15704431&fs=true&page=4
Nutcrackers	15704431	5	https://www.amazon.com/s?rh=n:15704431&fs=true&page=5
Nutcrackers	15704431	6	https://www.amazon.com/s?rh=n:15704431&fs=true&page=6
Nutcrackers	15704431	7	https://www.amazon.com/s?rh=n:15704431&fs=true&page=7
Nutcrackers	15704431	8	https://www.amazon.com/s?rh=n:15704431&fs=true&page=8
Nutcrackers	15704431	9	https://www.amazon.com/s?rh=n:15704431&fs=true&page=9
Nutcrackers	15704431	10	https://www.amazon.com/s?rh=n:15704431&fs=true&page=10
Ornament Hooks	16175652011	1	https://www.amazon.com/s?rh=n:16175652011&fs=true&page=1
Ornament Hooks	16175652011	2	https://www.amazon.com/s?rh=n:16175652011&fs=true&page=2
Ornament Hooks	16175652011	3	https://www.amazon.com/s?rh=n:16175652011&fs=true&page=3
Ornament Hooks	16175652011	4	https://www.amazon.com/s?rh=n:16175652011&fs=true&page=4
Ornament Hooks	16175652011	5	https://www.amazon.com/s?rh=n:16175652011&fs=true&page=5
Ornament Hooks	16175652011	6	https://www.amazon.com/s?rh=n:16175652011&fs=true&page=6
Ornament Hooks	16175652011	7	https://www.amazon.com/s?rh=n:16175652011&fs=true&page=7
Ornament Hooks	16175652011	8	https://www.amazon.com/s?rh=n:16175652011&fs=true&page=8
Ornament Hooks	16175652011	9	https://www.amazon.com/s?rh=n:16175652011&fs=true&page=9
Ornament Hooks	16175652011	10	https://www.amazon.com/s?rh=n:16175652011&fs=true&page=10
Ornaments	12659354011	1	https://www.amazon.com/s?rh=n:12659354011&fs=true&page=1
Ornaments	12659354011	2	https://www.amazon.com/s?rh=n:12659354011&fs=true&page=2
Ornaments	12659354011	3	https://www.amazon.com/s?rh=n:12659354011&fs=true&page=3
Ornaments	12659354011	4	https://www.amazon.com/s?rh=n:12659354011&fs=true&page=4
Ornaments	12659354011	5	https://www.amazon.com/s?rh=n:12659354011&fs=true&page=5
Ornaments	12659354011	6	https://www.amazon.com/s?rh=n:12659354011&fs=true&page=6
Ornaments	12659354011	7	https://www.amazon.com/s?rh=n:12659354011&fs=true&page=7
Ornaments	12659354011	8	https://www.amazon.com/s?rh=n:12659354011&fs=true&page=8
Ornaments	12659354011	9	https://www.amazon.com/s?rh=n:12659354011&fs=true&page=9
Ornaments	12659354011	10	https://www.amazon.com/s?rh=n:12659354011&fs=true&page=10
Outdoor Holiday Decorations	285033011	1	https://www.amazon.com/s?rh=n:285033011&fs=true&page=1
Outdoor Holiday Decorations	285033011	2	https://www.amazon.com/s?rh=n:285033011&fs=true&page=2
Outdoor Holiday Decorations	285033011	3	https://www.amazon.com/s?rh=n:285033011&fs=true&page=3
Outdoor Holiday Decorations	285033011	4	https://www.amazon.com/s?rh=n:285033011&fs=true&page=4
Outdoor Holiday Decorations	285033011	5	https://www.amazon.com/s?rh=n:285033011&fs=true&page=5
Outdoor Holiday Decorations	285033011	6	https://www.amazon.com/s?rh=n:285033011&fs=true&page=6
Outdoor Holiday Decorations	285033011	7	https://www.amazon.com/s?rh=n:285033011&fs=true&page=7
Outdoor Holiday Decorations	285033011	8	https://www.amazon.com/s?rh=n:285033011&fs=true&page=8
Outdoor Holiday Decorations	285033011	9	https://www.amazon.com/s?rh=n:285033011&fs=true&page=9
Outdoor Holiday Decorations	285033011	10	https://www.amazon.com/s?rh=n:285033011&fs=true&page=10
Seasonal Lighting	3736751	1	https://www.amazon.com/s?rh=n:3736751&fs=true&page=1
Seasonal Lighting	3736751	2	https://www.amazon.com/s?rh=n:3736751&fs=true&page=2
Seasonal Lighting	3736751	3	https://www.amazon.com/s?rh=n:3736751&fs=true&page=3
Seasonal Lighting	3736751	4	https://www.amazon.com/s?rh=n:3736751&fs=true&page=4
Seasonal Lighting	3736751	5	https://www.amazon.com/s?rh=n:3736751&fs=true&page=5
Seasonal Lighting	3736751	6	https://www.amazon.com/s?rh=n:3736751&fs=true&page=6
Seasonal Lighting	3736751	7	https://www.amazon.com/s?rh=n:3736751&fs=true&page=7
Seasonal Lighting	3736751	8	https://www.amazon.com/s?rh=n:3736751&fs=true&page=8
Seasonal Lighting	3736751	9	https://www.amazon.com/s?rh=n:3736751&fs=true&page=9
Seasonal Lighting	3736751	10	https://www.amazon.com/s?rh=n:3736751&fs=true&page=10
Snow Globes	15704441	1	https://www.amazon.com/s?rh=n:15704441&fs=true&page=1
Snow Globes	15704441	2	https://www.amazon.com/s?rh=n:15704441&fs=true&page=2
Snow Globes	15704441	3	https://www.amazon.com/s?rh=n:15704441&fs=true&page=3
Snow Globes	15704441	4	https://www.amazon.com/s?rh=n:15704441&fs=true&page=4
Snow Globes	15704441	5	https://www.amazon.com/s?rh=n:15704441&fs=true&page=5
Snow Globes	15704441	6	https://www.amazon.com/s?rh=n:15704441&fs=true&page=6
Snow Globes	15704441	7	https://www.amazon.com/s?rh=n:15704441&fs=true&page=7
Snow Globes	15704441	8	https://www.amazon.com/s?rh=n:15704441&fs=true&page=8
Snow Globes	15704441	9	https://www.amazon.com/s?rh=n:15704441&fs=true&page=9
Snow Globes	15704441	10	https://www.amazon.com/s?rh=n:15704441&fs=true&page=10
Stockings & Holders	13744821	1	https://www.amazon.com/s?rh=n:13744821&fs=true&page=1
Stockings & Holders	13744821	2	https://www.amazon.com/s?rh=n:13744821&fs=true&page=2
Stockings & Holders	13744821	3	https://www.amazon.com/s?rh=n:13744821&fs=true&page=3
Stockings & Holders	13744821	4	https://www.amazon.com/s?rh=n:13744821&fs=true&page=4
Stockings & Holders	13744821	5	https://www.amazon.com/s?rh=n:13744821&fs=true&page=5
Stockings & Holders	13744821	6	https://www.amazon.com/s?rh=n:13744821&fs=true&page=6
Stockings & Holders	13744821	7	https://www.amazon.com/s?rh=n:13744821&fs=true&page=7
Stockings & Holders	13744821	8	https://www.amazon.com/s?rh=n:13744821&fs=true&page=8
Stockings & Holders	13744821	9	https://www.amazon.com/s?rh=n:13744821&fs=true&page=9
Stockings & Holders	13744821	10	https://www.amazon.com/s?rh=n:13744821&fs=true&page=10
String Lights	15704871	1	https://www.amazon.com/s?rh=n:15704871&fs=true&page=1
String Lights	15704871	2	https://www.amazon.com/s?rh=n:15704871&fs=true&page=2
String Lights	15704871	3	https://www.amazon.com/s?rh=n:15704871&fs=true&page=3
String Lights	15704871	4	https://www.amazon.com/s?rh=n:15704871&fs=true&page=4
String Lights	15704871	5	https://www.amazon.com/s?rh=n:15704871&fs=true&page=5
String Lights	15704871	6	https://www.amazon.com/s?rh=n:15704871&fs=true&page=6
String Lights	15704871	7	https://www.amazon.com/s?rh=n:15704871&fs=true&page=7
String Lights	15704871	8	https://www.amazon.com/s?rh=n:15704871&fs=true&page=8
String Lights	15704871	9	https://www.amazon.com/s?rh=n:15704871&fs=true&page=9
String Lights	15704871	10	https://www.amazon.com/s?rh=n:15704871&fs=true&page=10
Tinsel	17296068011	1	https://www.amazon.com/s?rh=n:17296068011&fs=true&page=1
Tinsel	17296068011	2	https://www.amazon.com/s?rh=n:17296068011&fs=true&page=2
Tinsel	17296068011	3	https://www.amazon.com/s?rh=n:17296068011&fs=true&page=3
Tinsel	17296068011	4	https://www.amazon.com/s?rh=n:17296068011&fs=true&page=4
Tinsel	17296068011	5	https://www.amazon.com/s?rh=n:17296068011&fs=true&page=5
Tinsel	17296068011	6	https://www.amazon.com/s?rh=n:17296068011&fs=true&page=6
Tinsel	17296068011	7	https://www.amazon.com/s?rh=n:17296068011&fs=true&page=7
Tinsel	17296068011	8	https://www.amazon.com/s?rh=n:17296068011&fs=true&page=8
Tinsel	17296068011	9	https://www.amazon.com/s?rh=n:17296068011&fs=true&page=9
Tinsel	17296068011	10	https://www.amazon.com/s?rh=n:17296068011&fs=true&page=10
Tree Care & Watering	17296069011	1	https://www.amazon.com/s?rh=n:17296069011&fs=true&page=1
Tree Care & Watering	17296069011	2	https://www.amazon.com/s?rh=n:17296069011&fs=true&page=2
Tree Care & Watering	17296069011	3	https://www.amazon.com/s?rh=n:17296069011&fs=true&page=3
Tree Care & Watering	17296069011	4	https://www.amazon.com/s?rh=n:17296069011&fs=true&page=4
Tree Care & Watering	17296069011	5	https://www.amazon.com/s?rh=n:17296069011&fs=true&page=5
Tree Care & Watering	17296069011	6	https://www.amazon.com/s?rh=n:17296069011&fs=true&page=6
Tree Care & Watering	17296069011	7	https://www.amazon.com/s?rh=n:17296069011&fs=true&page=7
Tree Care & Watering	17296069011	8	https://www.amazon.com/s?rh=n:17296069011&fs=true&page=8
Tree Care & Watering	17296069011	9	https://www.amazon.com/s?rh=n:17296069011&fs=true&page=9
Tree Care & Watering	17296069011	10	https://www.amazon.com/s?rh=n:17296069011&fs=true&page=10
Tree Skirts	15704451	1	https://www.amazon.com/s?rh=n:15704451&fs=true&page=1
Tree Skirts	15704451	2	https://www.amazon.com/s?rh=n:15704451&fs=true&page=2
Tree Skirts	15704451	3	https://www.amazon.com/s?rh=n:15704451&fs=true&page=3
Tree Skirts	15704451	4	https://www.amazon.com/s?rh=n:15704451&fs=true&page=4
Tree Skirts	15704451	5	https://www.amazon.com/s?rh=n:15704451&fs=true&page=5
Tree Skirts	15704451	6	https://www.amazon.com/s?rh=n:15704451&fs=true&page=6
Tree Skirts	15704451	7	https://www.amazon.com/s?rh=n:15704451&fs=true&page=7
Tree Skirts	15704451	8	https://www.amazon.com/s?rh=n:15704451&fs=true&page=8
Tree Skirts	15704451	9	https://www.amazon.com/s?rh=n:15704451&fs=true&page=9
Tree Skirts	15704451	10	https://www.amazon.com/s?rh=n:15704451&fs=true&page=10
Tree Stands	13350211	1	https://www.amazon.com/s?rh=n:13350211&fs=true&page=1
Tree Stands	13350211	2	https://www.amazon.com/s?rh=n:13350211&fs=true&page=2
Tree Stands	13350211	3	https://www.amazon.com/s?rh=n:13350211&fs=true&page=3
Tree Stands	13350211	4	https://www.amazon.com/s?rh=n:13350211&fs=true&page=4
Tree Stands	13350211	5	https://www.amazon.com/s?rh=n:13350211&fs=true&page=5
Tree Stands	13350211	6	https://www.amazon.com/s?rh=n:13350211&fs=true&page=6
Tree Stands	13350211	7	https://www.amazon.com/s?rh=n:13350211&fs=true&page=7
Tree Stands	13350211	8	https://www.amazon.com/s?rh=n:13350211&fs=true&page=8
Tree Stands	13350211	9	https://www.amazon.com/s?rh=n:13350211&fs=true&page=9
Tree Stands	13350211	10	https://www.amazon.com/s?rh=n:13350211&fs=true&page=10
Tree Toppers	13744831	1	https://www.amazon.com/s?rh=n:13744831&fs=true&page=1
Tree Toppers	13744831	2	https://www.amazon.com/s?rh=n:13744831&fs=true&page=2
Tree Toppers	13744831	3	https://www.amazon.com/s?rh=n:13744831&fs=true&page=3
Tree Toppers	13744831	4	https://www.amazon.com/s?rh=n:13744831&fs=true&page=4
Tree Toppers	13744831	5	https://www.amazon.com/s?rh=n:13744831&fs=true&page=5
Tree Toppers	13744831	6	https://www.amazon.com/s?rh=n:13744831&fs=true&page=6
Tree Toppers	13744831	7	https://www.amazon.com/s?rh=n:13744831&fs=true&page=7
Tree Toppers	13744831	8	https://www.amazon.com/s?rh=n:13744831&fs=true&page=8
Tree Toppers	13744831	9	https://www.amazon.com/s?rh=n:13744831&fs=true&page=9
Tree Toppers	13744831	10	https://www.amazon.com/s?rh=n:13744831&fs=true&page=10
Tree Trays & Mats	17296071011	1	https://www.amazon.com/s?rh=n:17296071011&fs=true&page=1
Tree Trays & Mats	17296071011	2	https://www.amazon.com/s?rh=n:17296071011&fs=true&page=2
Tree Trays & Mats	17296071011	3	https://www.amazon.com/s?rh=n:17296071011&fs=true&page=3
Tree Trays & Mats	17296071011	4	https://www.amazon.com/s?rh=n:17296071011&fs=true&page=4
Tree Trays & Mats	17296071011	5	https://www.amazon.com/s?rh=n:17296071011&fs=true&page=5
Tree Trays & Mats	17296071011	6	https://www.amazon.com/s?rh=n:17296071011&fs=true&page=6
Tree Trays & Mats	17296071011	7	https://www.amazon.com/s?rh=n:17296071011&fs=true&page=7
Tree Trays & Mats	17296071011	8	https://www.amazon.com/s?rh=n:17296071011&fs=true&page=8
Tree Trays & Mats	17296071011	9	https://www.amazon.com/s?rh=n:17296071011&fs=true&page=9
Tree Trays & Mats	17296071011	10	https://www.amazon.com/s?rh=n:17296071011&fs=true&page=10
Trees	13679421	1	https://www.amazon.com/s?rh=n:13679421&fs=true&page=1
Trees	13679421	2	https://www.amazon.com/s?rh=n:13679421&fs=true&page=2
Trees	13679421	3	https://www.amazon.com/s?rh=n:13679421&fs=true&page=3
Trees	13679421	4	https://www.amazon.com/s?rh=n:13679421&fs=true&page=4
Trees	13679421	5	https://www.amazon.com/s?rh=n:13679421&fs=true&page=5
Trees	13679421	6	https://www.amazon.com/s?rh=n:13679421&fs=true&page=6
Trees	13679421	7	https://www.amazon.com/s?rh=n:13679421&fs=true&page=7
Trees	13679421	8	https://www.amazon.com/s?rh=n:13679421&fs=true&page=8
Trees	13679421	9	https://www.amazon.com/s?rh=n:13679421&fs=true&page=9
Trees	13679421	10	https://www.amazon.com/s?rh=n:13679421&fs=true&page=10
Wreath Hangers	16175650011	1	https://www.amazon.com/s?rh=n:16175650011&fs=true&page=1
Wreath Hangers	16175650011	2	https://www.amazon.com/s?rh=n:16175650011&fs=true&page=2
Wreath Hangers	16175650011	3	https://www.amazon.com/s?rh=n:16175650011&fs=true&page=3
Wreath Hangers	16175650011	4	https://www.amazon.com/s?rh=n:16175650011&fs=true&page=4
Wreath Hangers	16175650011	5	https://www.amazon.com/s?rh=n:16175650011&fs=true&page=5
Wreath Hangers	16175650011	6	https://www.amazon.com/s?rh=n:16175650011&fs=true&page=6
Wreath Hangers	16175650011	7	https://www.amazon.com/s?rh=n:16175650011&fs=true&page=7
Wreath Hangers	16175650011	8	https://www.amazon.com/s?rh=n:16175650011&fs=true&page=8
Wreath Hangers	16175650011	9	https://www.amazon.com/s?rh=n:16175650011&fs=true&page=9
Wreath Hangers	16175650011	10	https://www.amazon.com/s?rh=n:16175650011&fs=true&page=10
Wreaths, Garlands & Swags	13679411	1	https://www.amazon.com/s?rh=n:13679411&fs=true&page=1
Wreaths, Garlands & Swags	13679411	2	https://www.amazon.com/s?rh=n:13679411&fs=true&page=2
Wreaths, Garlands & Swags	13679411	3	https://www.amazon.com/s?rh=n:13679411&fs=true&page=3
Wreaths, Garlands & Swags	13679411	4	https://www.amazon.com/s?rh=n:13679411&fs=true&page=4
Wreaths, Garlands & Swags	13679411	5	https://www.amazon.com/s?rh=n:13679411&fs=true&page=5
Wreaths, Garlands & Swags	13679411	6	https://www.amazon.com/s?rh=n:13679411&fs=true&page=6
Wreaths, Garlands & Swags	13679411	7	https://www.amazon.com/s?rh=n:13679411&fs=true&page=7
Wreaths, Garlands & Swags	13679411	8	https://www.amazon.com/s?rh=n:13679411&fs=true&page=8
Wreaths, Garlands & Swags	13679411	9	https://www.amazon.com/s?rh=n:13679411&fs=true&page=9
Wreaths, Garlands & Swags	13679411	10	https://www.amazon.com/s?rh=n:13679411&fs=true&page=10
Advent Calendars	3256921011	1	https://www.amazon.com/s?rh=n:3256921011&fs=true&page=1
Advent Calendars	3256921011	2	https://www.amazon.com/s?rh=n:3256921011&fs=true&page=2
Advent Calendars	3256921011	3	https://www.amazon.com/s?rh=n:3256921011&fs=true&page=3
Advent Calendars	3256921011	4	https://www.amazon.com/s?rh=n:3256921011&fs=true&page=4
Advent Calendars	3256921011	5	https://www.amazon.com/s?rh=n:3256921011&fs=true&page=5
Advent Calendars	3256921011	6	https://www.amazon.com/s?rh=n:3256921011&fs=true&page=6
Advent Calendars	3256921011	7	https://www.amazon.com/s?rh=n:3256921011&fs=true&page=7
Advent Calendars	3256921011	8	https://www.amazon.com/s?rh=n:3256921011&fs=true&page=8
Advent Calendars	3256921011	9	https://www.amazon.com/s?rh=n:3256921011&fs=true&page=9
Advent Calendars	3256921011	10	https://www.amazon.com/s?rh=n:3256921011&fs=true&page=10
Gift Wrap Storage	16175642011	1	https://www.amazon.com/s?rh=n:16175642011&fs=true&page=1
Gift Wrap Storage	16175642011	2	https://www.amazon.com/s?rh=n:16175642011&fs=true&page=2
Gift Wrap Storage	16175642011	3	https://www.amazon.com/s?rh=n:16175642011&fs=true&page=3
Gift Wrap Storage	16175642011	4	https://www.amazon.com/s?rh=n:16175642011&fs=true&page=4
Gift Wrap Storage	16175642011	5	https://www.amazon.com/s?rh=n:16175642011&fs=true&page=5
Gift Wrap Storage	16175642011	6	https://www.amazon.com/s?rh=n:16175642011&fs=true&page=6
Gift Wrap Storage	16175642011	7	https://www.amazon.com/s?rh=n:16175642011&fs=true&page=7
Gift Wrap Storage	16175642011	8	https://www.amazon.com/s?rh=n:16175642011&fs=true&page=8
Gift Wrap Storage	16175642011	9	https://www.amazon.com/s?rh=n:16175642011&fs=true&page=9
Gift Wrap Storage	16175642011	10	https://www.amazon.com/s?rh=n:16175642011&fs=true&page=10
Drawings	13340241	1	https://www.amazon.com/s?rh=n:13340241&fs=true&page=1
Drawings	13340241	2	https://www.amazon.com/s?rh=n:13340241&fs=true&page=2
Drawings	13340241	3	https://www.amazon.com/s?rh=n:13340241&fs=true&page=3
Drawings	13340241	4	https://www.amazon.com/s?rh=n:13340241&fs=true&page=4
Drawings	13340241	5	https://www.amazon.com/s?rh=n:13340241&fs=true&page=5
Drawings	13340241	6	https://www.amazon.com/s?rh=n:13340241&fs=true&page=6
Drawings	13340241	7	https://www.amazon.com/s?rh=n:13340241&fs=true&page=7
Drawings	13340241	8	https://www.amazon.com/s?rh=n:13340241&fs=true&page=8
Drawings	13340241	9	https://www.amazon.com/s?rh=n:13340241&fs=true&page=9
Drawings	13340241	10	https://www.amazon.com/s?rh=n:13340241&fs=true&page=10
Paintings	13336081	1	https://www.amazon.com/s?rh=n:13336081&fs=true&page=1
Paintings	13336081	2	https://www.amazon.com/s?rh=n:13336081&fs=true&page=2
Paintings	13336081	3	https://www.amazon.com/s?rh=n:13336081&fs=true&page=3
Paintings	13336081	4	https://www.amazon.com/s?rh=n:13336081&fs=true&page=4
Paintings	13336081	5	https://www.amazon.com/s?rh=n:13336081&fs=true&page=5
Paintings	13336081	6	https://www.amazon.com/s?rh=n:13336081&fs=true&page=6
Paintings	13336081	7	https://www.amazon.com/s?rh=n:13336081&fs=true&page=7
Paintings	13336081	8	https://www.amazon.com/s?rh=n:13336081&fs=true&page=8
Paintings	13336081	9	https://www.amazon.com/s?rh=n:13336081&fs=true&page=9
Paintings	13336081	10	https://www.amazon.com/s?rh=n:13336081&fs=true&page=10
Photographs	13337971	1	https://www.amazon.com/s?rh=n:13337971&fs=true&page=1
Photographs	13337971	2	https://www.amazon.com/s?rh=n:13337971&fs=true&page=2
Photographs	13337971	3	https://www.amazon.com/s?rh=n:13337971&fs=true&page=3
Photographs	13337971	4	https://www.amazon.com/s?rh=n:13337971&fs=true&page=4
Photographs	13337971	5	https://www.amazon.com/s?rh=n:13337971&fs=true&page=5
Photographs	13337971	6	https://www.amazon.com/s?rh=n:13337971&fs=true&page=6
Photographs	13337971	7	https://www.amazon.com/s?rh=n:13337971&fs=true&page=7
Photographs	13337971	8	https://www.amazon.com/s?rh=n:13337971&fs=true&page=8
Photographs	13337971	9	https://www.amazon.com/s?rh=n:13337971&fs=true&page=9
Photographs	13337971	10	https://www.amazon.com/s?rh=n:13337971&fs=true&page=10
Posters & Prints	381142011	1	https://www.amazon.com/s?rh=n:381142011&fs=true&page=1
Posters & Prints	381142011	2	https://www.amazon.com/s?rh=n:381142011&fs=true&page=2
Posters & Prints	381142011	3	https://www.amazon.com/s?rh=n:381142011&fs=true&page=3
Posters & Prints	381142011	4	https://www.amazon.com/s?rh=n:381142011&fs=true&page=4
Posters & Prints	381142011	5	https://www.amazon.com/s?rh=n:381142011&fs=true&page=5
Posters & Prints	381142011	6	https://www.amazon.com/s?rh=n:381142011&fs=true&page=6
Posters & Prints	381142011	7	https://www.amazon.com/s?rh=n:381142011&fs=true&page=7
Posters & Prints	381142011	8	https://www.amazon.com/s?rh=n:381142011&fs=true&page=8
Posters & Prints	381142011	9	https://www.amazon.com/s?rh=n:381142011&fs=true&page=9
Posters & Prints	381142011	10	https://www.amazon.com/s?rh=n:381142011&fs=true&page=10
Mixed Media	13337281	1	https://www.amazon.com/s?rh=n:13337281&fs=true&page=1
Mixed Media	13337281	2	https://www.amazon.com/s?rh=n:13337281&fs=true&page=2
Mixed Media	13337281	3	https://www.amazon.com/s?rh=n:13337281&fs=true&page=3
Mixed Media	13337281	4	https://www.amazon.com/s?rh=n:13337281&fs=true&page=4
Mixed Media	13337281	5	https://www.amazon.com/s?rh=n:13337281&fs=true&page=5
Mixed Media	13337281	6	https://www.amazon.com/s?rh=n:13337281&fs=true&page=6
Mixed Media	13337281	7	https://www.amazon.com/s?rh=n:13337281&fs=true&page=7
Mixed Media	13337281	8	https://www.amazon.com/s?rh=n:13337281&fs=true&page=8
Mixed Media	13337281	9	https://www.amazon.com/s?rh=n:13337281&fs=true&page=9
Mixed Media	13337281	10	https://www.amazon.com/s?rh=n:13337281&fs=true&page=10
Calculators	172518	1	https://www.amazon.com/s?rh=n:172518&fs=true&page=1
Calculators	172518	2	https://www.amazon.com/s?rh=n:172518&fs=true&page=2
Calculators	172518	3	https://www.amazon.com/s?rh=n:172518&fs=true&page=3
Calculators	172518	4	https://www.amazon.com/s?rh=n:172518&fs=true&page=4
Calculators	172518	5	https://www.amazon.com/s?rh=n:172518&fs=true&page=5
Calculators	172518	6	https://www.amazon.com/s?rh=n:172518&fs=true&page=6
Calculators	172518	7	https://www.amazon.com/s?rh=n:172518&fs=true&page=7
Calculators	172518	8	https://www.amazon.com/s?rh=n:172518&fs=true&page=8
Calculators	172518	9	https://www.amazon.com/s?rh=n:172518&fs=true&page=9
Calculators	172518	10	https://www.amazon.com/s?rh=n:172518&fs=true&page=10
Document Cameras	5728045011	1	https://www.amazon.com/s?rh=n:5728045011&fs=true&page=1
Document Cameras	5728045011	2	https://www.amazon.com/s?rh=n:5728045011&fs=true&page=2
Document Cameras	5728045011	3	https://www.amazon.com/s?rh=n:5728045011&fs=true&page=3
Document Cameras	5728045011	4	https://www.amazon.com/s?rh=n:5728045011&fs=true&page=4
Document Cameras	5728045011	5	https://www.amazon.com/s?rh=n:5728045011&fs=true&page=5
Document Cameras	5728045011	6	https://www.amazon.com/s?rh=n:5728045011&fs=true&page=6
Document Cameras	5728045011	7	https://www.amazon.com/s?rh=n:5728045011&fs=true&page=7
Document Cameras	5728045011	8	https://www.amazon.com/s?rh=n:5728045011&fs=true&page=8
Document Cameras	5728045011	9	https://www.amazon.com/s?rh=n:5728045011&fs=true&page=9
Document Cameras	5728045011	10	https://www.amazon.com/s?rh=n:5728045011&fs=true&page=10
Electronic Dictionaries, Thesauri & Translators	11072581	1	https://www.amazon.com/s?rh=n:11072581&fs=true&page=1
Electronic Dictionaries, Thesauri & Translators	11072581	2	https://www.amazon.com/s?rh=n:11072581&fs=true&page=2
Electronic Dictionaries, Thesauri & Translators	11072581	3	https://www.amazon.com/s?rh=n:11072581&fs=true&page=3
Electronic Dictionaries, Thesauri & Translators	11072581	4	https://www.amazon.com/s?rh=n:11072581&fs=true&page=4
Electronic Dictionaries, Thesauri & Translators	11072581	5	https://www.amazon.com/s?rh=n:11072581&fs=true&page=5
Electronic Dictionaries, Thesauri & Translators	11072581	6	https://www.amazon.com/s?rh=n:11072581&fs=true&page=6
Electronic Dictionaries, Thesauri & Translators	11072581	7	https://www.amazon.com/s?rh=n:11072581&fs=true&page=7
Electronic Dictionaries, Thesauri & Translators	11072581	8	https://www.amazon.com/s?rh=n:11072581&fs=true&page=8
Electronic Dictionaries, Thesauri & Translators	11072581	9	https://www.amazon.com/s?rh=n:11072581&fs=true&page=9
Electronic Dictionaries, Thesauri & Translators	11072581	10	https://www.amazon.com/s?rh=n:11072581&fs=true&page=10
Fax Machines	172582	1	https://www.amazon.com/s?rh=n:172582&fs=true&page=1
Fax Machines	172582	2	https://www.amazon.com/s?rh=n:172582&fs=true&page=2
Fax Machines	172582	3	https://www.amazon.com/s?rh=n:172582&fs=true&page=3
Fax Machines	172582	4	https://www.amazon.com/s?rh=n:172582&fs=true&page=4
Fax Machines	172582	5	https://www.amazon.com/s?rh=n:172582&fs=true&page=5
Fax Machines	172582	6	https://www.amazon.com/s?rh=n:172582&fs=true&page=6
Fax Machines	172582	7	https://www.amazon.com/s?rh=n:172582&fs=true&page=7
Fax Machines	172582	8	https://www.amazon.com/s?rh=n:172582&fs=true&page=8
Fax Machines	172582	9	https://www.amazon.com/s?rh=n:172582&fs=true&page=9
Fax Machines	172582	10	https://www.amazon.com/s?rh=n:172582&fs=true&page=10
Other Office Equipment	281418	1	https://www.amazon.com/s?rh=n:281418&fs=true&page=1
Other Office Equipment	281418	2	https://www.amazon.com/s?rh=n:281418&fs=true&page=2
Other Office Equipment	281418	3	https://www.amazon.com/s?rh=n:281418&fs=true&page=3
Other Office Equipment	281418	4	https://www.amazon.com/s?rh=n:281418&fs=true&page=4
Other Office Equipment	281418	5	https://www.amazon.com/s?rh=n:281418&fs=true&page=5
Other Office Equipment	281418	6	https://www.amazon.com/s?rh=n:281418&fs=true&page=6
Other Office Equipment	281418	7	https://www.amazon.com/s?rh=n:281418&fs=true&page=7
Other Office Equipment	281418	8	https://www.amazon.com/s?rh=n:281418&fs=true&page=8
Other Office Equipment	281418	9	https://www.amazon.com/s?rh=n:281418&fs=true&page=9
Other Office Equipment	281418	10	https://www.amazon.com/s?rh=n:281418&fs=true&page=10
PDAs & Handhelds	172594	1	https://www.amazon.com/s?rh=n:172594&fs=true&page=1
PDAs & Handhelds	172594	2	https://www.amazon.com/s?rh=n:172594&fs=true&page=2
PDAs & Handhelds	172594	3	https://www.amazon.com/s?rh=n:172594&fs=true&page=3
PDAs & Handhelds	172594	4	https://www.amazon.com/s?rh=n:172594&fs=true&page=4
PDAs & Handhelds	172594	5	https://www.amazon.com/s?rh=n:172594&fs=true&page=5
PDAs & Handhelds	172594	6	https://www.amazon.com/s?rh=n:172594&fs=true&page=6
PDAs & Handhelds	172594	7	https://www.amazon.com/s?rh=n:172594&fs=true&page=7
PDAs & Handhelds	172594	8	https://www.amazon.com/s?rh=n:172594&fs=true&page=8
PDAs & Handhelds	172594	9	https://www.amazon.com/s?rh=n:172594&fs=true&page=9
PDAs & Handhelds	172594	10	https://www.amazon.com/s?rh=n:172594&fs=true&page=10
Point-of-Sale (POS) Equipment	15442734011	1	https://www.amazon.com/s?rh=n:15442734011&fs=true&page=1
Point-of-Sale (POS) Equipment	15442734011	2	https://www.amazon.com/s?rh=n:15442734011&fs=true&page=2
Point-of-Sale (POS) Equipment	15442734011	3	https://www.amazon.com/s?rh=n:15442734011&fs=true&page=3
Point-of-Sale (POS) Equipment	15442734011	4	https://www.amazon.com/s?rh=n:15442734011&fs=true&page=4
Point-of-Sale (POS) Equipment	15442734011	5	https://www.amazon.com/s?rh=n:15442734011&fs=true&page=5
Point-of-Sale (POS) Equipment	15442734011	6	https://www.amazon.com/s?rh=n:15442734011&fs=true&page=6
Point-of-Sale (POS) Equipment	15442734011	7	https://www.amazon.com/s?rh=n:15442734011&fs=true&page=7
Point-of-Sale (POS) Equipment	15442734011	8	https://www.amazon.com/s?rh=n:15442734011&fs=true&page=8
Point-of-Sale (POS) Equipment	15442734011	9	https://www.amazon.com/s?rh=n:15442734011&fs=true&page=9
Point-of-Sale (POS) Equipment	15442734011	10	https://www.amazon.com/s?rh=n:15442734011&fs=true&page=10
Presentation Products	300333	1	https://www.amazon.com/s?rh=n:300333&fs=true&page=1
Presentation Products	300333	2	https://www.amazon.com/s?rh=n:300333&fs=true&page=2
Presentation Products	300333	3	https://www.amazon.com/s?rh=n:300333&fs=true&page=3
Presentation Products	300333	4	https://www.amazon.com/s?rh=n:300333&fs=true&page=4
Presentation Products	300333	5	https://www.amazon.com/s?rh=n:300333&fs=true&page=5
Presentation Products	300333	6	https://www.amazon.com/s?rh=n:300333&fs=true&page=6
Presentation Products	300333	7	https://www.amazon.com/s?rh=n:300333&fs=true&page=7
Presentation Products	300333	8	https://www.amazon.com/s?rh=n:300333&fs=true&page=8
Presentation Products	300333	9	https://www.amazon.com/s?rh=n:300333&fs=true&page=9
Presentation Products	300333	10	https://www.amazon.com/s?rh=n:300333&fs=true&page=10
Printers	172635	1	https://www.amazon.com/s?rh=n:172635&fs=true&page=1
Printers	172635	2	https://www.amazon.com/s?rh=n:172635&fs=true&page=2
Printers	172635	3	https://www.amazon.com/s?rh=n:172635&fs=true&page=3
Printers	172635	4	https://www.amazon.com/s?rh=n:172635&fs=true&page=4
Printers	172635	5	https://www.amazon.com/s?rh=n:172635&fs=true&page=5
Printers	172635	6	https://www.amazon.com/s?rh=n:172635&fs=true&page=6
Printers	172635	7	https://www.amazon.com/s?rh=n:172635&fs=true&page=7
Printers	172635	8	https://www.amazon.com/s?rh=n:172635&fs=true&page=8
Printers	172635	9	https://www.amazon.com/s?rh=n:172635&fs=true&page=9
Printers	172635	10	https://www.amazon.com/s?rh=n:172635&fs=true&page=10
Printers & Accessories	9424016011	1	https://www.amazon.com/s?rh=n:9424016011&fs=true&page=1
Printers & Accessories	9424016011	2	https://www.amazon.com/s?rh=n:9424016011&fs=true&page=2
Printers & Accessories	9424016011	3	https://www.amazon.com/s?rh=n:9424016011&fs=true&page=3
Printers & Accessories	9424016011	4	https://www.amazon.com/s?rh=n:9424016011&fs=true&page=4
Printers & Accessories	9424016011	5	https://www.amazon.com/s?rh=n:9424016011&fs=true&page=5
Printers & Accessories	9424016011	6	https://www.amazon.com/s?rh=n:9424016011&fs=true&page=6
Printers & Accessories	9424016011	7	https://www.amazon.com/s?rh=n:9424016011&fs=true&page=7
Printers & Accessories	9424016011	8	https://www.amazon.com/s?rh=n:9424016011&fs=true&page=8
Printers & Accessories	9424016011	9	https://www.amazon.com/s?rh=n:9424016011&fs=true&page=9
Printers & Accessories	9424016011	10	https://www.amazon.com/s?rh=n:9424016011&fs=true&page=10
Scanners	172584	1	https://www.amazon.com/s?rh=n:172584&fs=true&page=1
Scanners	172584	2	https://www.amazon.com/s?rh=n:172584&fs=true&page=2
Scanners	172584	3	https://www.amazon.com/s?rh=n:172584&fs=true&page=3
Scanners	172584	4	https://www.amazon.com/s?rh=n:172584&fs=true&page=4
Scanners	172584	5	https://www.amazon.com/s?rh=n:172584&fs=true&page=5
Scanners	172584	6	https://www.amazon.com/s?rh=n:172584&fs=true&page=6
Scanners	172584	7	https://www.amazon.com/s?rh=n:172584&fs=true&page=7
Scanners	172584	8	https://www.amazon.com/s?rh=n:172584&fs=true&page=8
Scanners	172584	9	https://www.amazon.com/s?rh=n:172584&fs=true&page=9
Scanners	172584	10	https://www.amazon.com/s?rh=n:172584&fs=true&page=10
Scanners & Accessories	9277898011	1	https://www.amazon.com/s?rh=n:9277898011&fs=true&page=1
Scanners & Accessories	9277898011	2	https://www.amazon.com/s?rh=n:9277898011&fs=true&page=2
Scanners & Accessories	9277898011	3	https://www.amazon.com/s?rh=n:9277898011&fs=true&page=3
Scanners & Accessories	9277898011	4	https://www.amazon.com/s?rh=n:9277898011&fs=true&page=4
Scanners & Accessories	9277898011	5	https://www.amazon.com/s?rh=n:9277898011&fs=true&page=5
Scanners & Accessories	9277898011	6	https://www.amazon.com/s?rh=n:9277898011&fs=true&page=6
Scanners & Accessories	9277898011	7	https://www.amazon.com/s?rh=n:9277898011&fs=true&page=7
Scanners & Accessories	9277898011	8	https://www.amazon.com/s?rh=n:9277898011&fs=true&page=8
Scanners & Accessories	9277898011	9	https://www.amazon.com/s?rh=n:9277898011&fs=true&page=9
Scanners & Accessories	9277898011	10	https://www.amazon.com/s?rh=n:9277898011&fs=true&page=10
Telephones & Accessories	172606	1	https://www.amazon.com/s?rh=n:172606&fs=true&page=1
Telephones & Accessories	172606	2	https://www.amazon.com/s?rh=n:172606&fs=true&page=2
Telephones & Accessories	172606	3	https://www.amazon.com/s?rh=n:172606&fs=true&page=3
Telephones & Accessories	172606	4	https://www.amazon.com/s?rh=n:172606&fs=true&page=4
Telephones & Accessories	172606	5	https://www.amazon.com/s?rh=n:172606&fs=true&page=5
Telephones & Accessories	172606	6	https://www.amazon.com/s?rh=n:172606&fs=true&page=6
Telephones & Accessories	172606	7	https://www.amazon.com/s?rh=n:172606&fs=true&page=7
Telephones & Accessories	172606	8	https://www.amazon.com/s?rh=n:172606&fs=true&page=8
Telephones & Accessories	172606	9	https://www.amazon.com/s?rh=n:172606&fs=true&page=9
Telephones & Accessories	172606	10	https://www.amazon.com/s?rh=n:172606&fs=true&page=10
Video Projectors	300334	1	https://www.amazon.com/s?rh=n:300334&fs=true&page=1
Video Projectors	300334	2	https://www.amazon.com/s?rh=n:300334&fs=true&page=2
Video Projectors	300334	3	https://www.amazon.com/s?rh=n:300334&fs=true&page=3
Video Projectors	300334	4	https://www.amazon.com/s?rh=n:300334&fs=true&page=4
Video Projectors	300334	5	https://www.amazon.com/s?rh=n:300334&fs=true&page=5
Video Projectors	300334	6	https://www.amazon.com/s?rh=n:300334&fs=true&page=6
Video Projectors	300334	7	https://www.amazon.com/s?rh=n:300334&fs=true&page=7
Video Projectors	300334	8	https://www.amazon.com/s?rh=n:300334&fs=true&page=8
Video Projectors	300334	9	https://www.amazon.com/s?rh=n:300334&fs=true&page=9
Video Projectors	300334	10	https://www.amazon.com/s?rh=n:300334&fs=true&page=10
Video Projectors & Accessories	14759145011	1	https://www.amazon.com/s?rh=n:14759145011&fs=true&page=1
Video Projectors & Accessories	14759145011	2	https://www.amazon.com/s?rh=n:14759145011&fs=true&page=2
Video Projectors & Accessories	14759145011	3	https://www.amazon.com/s?rh=n:14759145011&fs=true&page=3
Video Projectors & Accessories	14759145011	4	https://www.amazon.com/s?rh=n:14759145011&fs=true&page=4
Video Projectors & Accessories	14759145011	5	https://www.amazon.com/s?rh=n:14759145011&fs=true&page=5
Video Projectors & Accessories	14759145011	6	https://www.amazon.com/s?rh=n:14759145011&fs=true&page=6
Video Projectors & Accessories	14759145011	7	https://www.amazon.com/s?rh=n:14759145011&fs=true&page=7
Video Projectors & Accessories	14759145011	8	https://www.amazon.com/s?rh=n:14759145011&fs=true&page=8
Video Projectors & Accessories	14759145011	9	https://www.amazon.com/s?rh=n:14759145011&fs=true&page=9
Video Projectors & Accessories	14759145011	10	https://www.amazon.com/s?rh=n:14759145011&fs=true&page=10
Copiers	172576	1	https://www.amazon.com/s?rh=n:172576&fs=true&page=1
Copiers	172576	2	https://www.amazon.com/s?rh=n:172576&fs=true&page=2
Copiers	172576	3	https://www.amazon.com/s?rh=n:172576&fs=true&page=3
Copiers	172576	4	https://www.amazon.com/s?rh=n:172576&fs=true&page=4
Copiers	172576	5	https://www.amazon.com/s?rh=n:172576&fs=true&page=5
Copiers	172576	6	https://www.amazon.com/s?rh=n:172576&fs=true&page=6
Copiers	172576	7	https://www.amazon.com/s?rh=n:172576&fs=true&page=7
Copiers	172576	8	https://www.amazon.com/s?rh=n:172576&fs=true&page=8
Copiers	172576	9	https://www.amazon.com/s?rh=n:172576&fs=true&page=9
Copiers	172576	10	https://www.amazon.com/s?rh=n:172576&fs=true&page=10
Accessories	11051400011	1	https://www.amazon.com/s?rh=n:11051400011&fs=true&page=1
Accessories	11051400011	2	https://www.amazon.com/s?rh=n:11051400011&fs=true&page=2
Accessories	11051400011	3	https://www.amazon.com/s?rh=n:11051400011&fs=true&page=3
Accessories	11051400011	4	https://www.amazon.com/s?rh=n:11051400011&fs=true&page=4
Accessories	11051400011	5	https://www.amazon.com/s?rh=n:11051400011&fs=true&page=5
Accessories	11051400011	6	https://www.amazon.com/s?rh=n:11051400011&fs=true&page=6
Accessories	11051400011	7	https://www.amazon.com/s?rh=n:11051400011&fs=true&page=7
Accessories	11051400011	8	https://www.amazon.com/s?rh=n:11051400011&fs=true&page=8
Accessories	11051400011	9	https://www.amazon.com/s?rh=n:11051400011&fs=true&page=9
Accessories	11051400011	10	https://www.amazon.com/s?rh=n:11051400011&fs=true&page=10
Anti-Chafing Products	19609244011	1	https://www.amazon.com/s?rh=n:19609244011&fs=true&page=1
Anti-Chafing Products	19609244011	2	https://www.amazon.com/s?rh=n:19609244011&fs=true&page=2
Anti-Chafing Products	19609244011	3	https://www.amazon.com/s?rh=n:19609244011&fs=true&page=3
Anti-Chafing Products	19609244011	4	https://www.amazon.com/s?rh=n:19609244011&fs=true&page=4
Anti-Chafing Products	19609244011	5	https://www.amazon.com/s?rh=n:19609244011&fs=true&page=5
Anti-Chafing Products	19609244011	6	https://www.amazon.com/s?rh=n:19609244011&fs=true&page=6
Anti-Chafing Products	19609244011	7	https://www.amazon.com/s?rh=n:19609244011&fs=true&page=7
Anti-Chafing Products	19609244011	8	https://www.amazon.com/s?rh=n:19609244011&fs=true&page=8
Anti-Chafing Products	19609244011	9	https://www.amazon.com/s?rh=n:19609244011&fs=true&page=9
Anti-Chafing Products	19609244011	10	https://www.amazon.com/s?rh=n:19609244011&fs=true&page=10
Ball Storage	12118748011	1	https://www.amazon.com/s?rh=n:12118748011&fs=true&page=1
Ball Storage	12118748011	2	https://www.amazon.com/s?rh=n:12118748011&fs=true&page=2
Ball Storage	12118748011	3	https://www.amazon.com/s?rh=n:12118748011&fs=true&page=3
Ball Storage	12118748011	4	https://www.amazon.com/s?rh=n:12118748011&fs=true&page=4
Ball Storage	12118748011	5	https://www.amazon.com/s?rh=n:12118748011&fs=true&page=5
Ball Storage	12118748011	6	https://www.amazon.com/s?rh=n:12118748011&fs=true&page=6
Ball Storage	12118748011	7	https://www.amazon.com/s?rh=n:12118748011&fs=true&page=7
Ball Storage	12118748011	8	https://www.amazon.com/s?rh=n:12118748011&fs=true&page=8
Ball Storage	12118748011	9	https://www.amazon.com/s?rh=n:12118748011&fs=true&page=9
Ball Storage	12118748011	10	https://www.amazon.com/s?rh=n:12118748011&fs=true&page=10
Car Racks & Carriers	491437011	1	https://www.amazon.com/s?rh=n:491437011&fs=true&page=1
Car Racks & Carriers	491437011	2	https://www.amazon.com/s?rh=n:491437011&fs=true&page=2
Car Racks & Carriers	491437011	3	https://www.amazon.com/s?rh=n:491437011&fs=true&page=3
Car Racks & Carriers	491437011	4	https://www.amazon.com/s?rh=n:491437011&fs=true&page=4
Car Racks & Carriers	491437011	5	https://www.amazon.com/s?rh=n:491437011&fs=true&page=5
Car Racks & Carriers	491437011	6	https://www.amazon.com/s?rh=n:491437011&fs=true&page=6
Car Racks & Carriers	491437011	7	https://www.amazon.com/s?rh=n:491437011&fs=true&page=7
Car Racks & Carriers	491437011	8	https://www.amazon.com/s?rh=n:491437011&fs=true&page=8
Car Racks & Carriers	491437011	9	https://www.amazon.com/s?rh=n:491437011&fs=true&page=9
Car Racks & Carriers	491437011	10	https://www.amazon.com/s?rh=n:491437011&fs=true&page=10
Casual Daypacks	2404179011	1	https://www.amazon.com/s?rh=n:2404179011&fs=true&page=1
Casual Daypacks	2404179011	2	https://www.amazon.com/s?rh=n:2404179011&fs=true&page=2
Casual Daypacks	2404179011	3	https://www.amazon.com/s?rh=n:2404179011&fs=true&page=3
Casual Daypacks	2404179011	4	https://www.amazon.com/s?rh=n:2404179011&fs=true&page=4
Casual Daypacks	2404179011	5	https://www.amazon.com/s?rh=n:2404179011&fs=true&page=5
Casual Daypacks	2404179011	6	https://www.amazon.com/s?rh=n:2404179011&fs=true&page=6
Casual Daypacks	2404179011	7	https://www.amazon.com/s?rh=n:2404179011&fs=true&page=7
Casual Daypacks	2404179011	8	https://www.amazon.com/s?rh=n:2404179011&fs=true&page=8
Casual Daypacks	2404179011	9	https://www.amazon.com/s?rh=n:2404179011&fs=true&page=9
Casual Daypacks	2404179011	10	https://www.amazon.com/s?rh=n:2404179011&fs=true&page=10
Coach & Referee Gear	3394821	1	https://www.amazon.com/s?rh=n:3394821&fs=true&page=1
Coach & Referee Gear	3394821	2	https://www.amazon.com/s?rh=n:3394821&fs=true&page=2
Coach & Referee Gear	3394821	3	https://www.amazon.com/s?rh=n:3394821&fs=true&page=3
Coach & Referee Gear	3394821	4	https://www.amazon.com/s?rh=n:3394821&fs=true&page=4
Coach & Referee Gear	3394821	5	https://www.amazon.com/s?rh=n:3394821&fs=true&page=5
Coach & Referee Gear	3394821	6	https://www.amazon.com/s?rh=n:3394821&fs=true&page=6
Coach & Referee Gear	3394821	7	https://www.amazon.com/s?rh=n:3394821&fs=true&page=7
Coach & Referee Gear	3394821	8	https://www.amazon.com/s?rh=n:3394821&fs=true&page=8
Coach & Referee Gear	3394821	9	https://www.amazon.com/s?rh=n:3394821&fs=true&page=9
Coach & Referee Gear	3394821	10	https://www.amazon.com/s?rh=n:3394821&fs=true&page=10
Electronics & Gadgets	219367011	1	https://www.amazon.com/s?rh=n:219367011&fs=true&page=1
Electronics & Gadgets	219367011	2	https://www.amazon.com/s?rh=n:219367011&fs=true&page=2
Electronics & Gadgets	219367011	3	https://www.amazon.com/s?rh=n:219367011&fs=true&page=3
Electronics & Gadgets	219367011	4	https://www.amazon.com/s?rh=n:219367011&fs=true&page=4
Electronics & Gadgets	219367011	5	https://www.amazon.com/s?rh=n:219367011&fs=true&page=5
Electronics & Gadgets	219367011	6	https://www.amazon.com/s?rh=n:219367011&fs=true&page=6
Electronics & Gadgets	219367011	7	https://www.amazon.com/s?rh=n:219367011&fs=true&page=7
Electronics & Gadgets	219367011	8	https://www.amazon.com/s?rh=n:219367011&fs=true&page=8
Electronics & Gadgets	219367011	9	https://www.amazon.com/s?rh=n:219367011&fs=true&page=9
Electronics & Gadgets	219367011	10	https://www.amazon.com/s?rh=n:219367011&fs=true&page=10
Field, Court & Rink Equipment	2344448011	1	https://www.amazon.com/s?rh=n:2344448011&fs=true&page=1
Field, Court & Rink Equipment	2344448011	2	https://www.amazon.com/s?rh=n:2344448011&fs=true&page=2
Field, Court & Rink Equipment	2344448011	3	https://www.amazon.com/s?rh=n:2344448011&fs=true&page=3
Field, Court & Rink Equipment	2344448011	4	https://www.amazon.com/s?rh=n:2344448011&fs=true&page=4
Field, Court & Rink Equipment	2344448011	5	https://www.amazon.com/s?rh=n:2344448011&fs=true&page=5
Field, Court & Rink Equipment	2344448011	6	https://www.amazon.com/s?rh=n:2344448011&fs=true&page=6
Field, Court & Rink Equipment	2344448011	7	https://www.amazon.com/s?rh=n:2344448011&fs=true&page=7
Field, Court & Rink Equipment	2344448011	8	https://www.amazon.com/s?rh=n:2344448011&fs=true&page=8
Field, Court & Rink Equipment	2344448011	9	https://www.amazon.com/s?rh=n:2344448011&fs=true&page=9
Field, Court & Rink Equipment	2344448011	10	https://www.amazon.com/s?rh=n:2344448011&fs=true&page=10
Gear Repair Equipment	10208184011	1	https://www.amazon.com/s?rh=n:10208184011&fs=true&page=1
Gear Repair Equipment	10208184011	2	https://www.amazon.com/s?rh=n:10208184011&fs=true&page=2
Gear Repair Equipment	10208184011	3	https://www.amazon.com/s?rh=n:10208184011&fs=true&page=3
Gear Repair Equipment	10208184011	4	https://www.amazon.com/s?rh=n:10208184011&fs=true&page=4
Gear Repair Equipment	10208184011	5	https://www.amazon.com/s?rh=n:10208184011&fs=true&page=5
Gear Repair Equipment	10208184011	6	https://www.amazon.com/s?rh=n:10208184011&fs=true&page=6
Gear Repair Equipment	10208184011	7	https://www.amazon.com/s?rh=n:10208184011&fs=true&page=7
Gear Repair Equipment	10208184011	8	https://www.amazon.com/s?rh=n:10208184011&fs=true&page=8
Gear Repair Equipment	10208184011	9	https://www.amazon.com/s?rh=n:10208184011&fs=true&page=9
Gear Repair Equipment	10208184011	10	https://www.amazon.com/s?rh=n:10208184011&fs=true&page=10
Gym Bags	15743181	1	https://www.amazon.com/s?rh=n:15743181&fs=true&page=1
Gym Bags	15743181	2	https://www.amazon.com/s?rh=n:15743181&fs=true&page=2
Gym Bags	15743181	3	https://www.amazon.com/s?rh=n:15743181&fs=true&page=3
Gym Bags	15743181	4	https://www.amazon.com/s?rh=n:15743181&fs=true&page=4
Gym Bags	15743181	5	https://www.amazon.com/s?rh=n:15743181&fs=true&page=5
Gym Bags	15743181	6	https://www.amazon.com/s?rh=n:15743181&fs=true&page=6
Gym Bags	15743181	7	https://www.amazon.com/s?rh=n:15743181&fs=true&page=7
Gym Bags	15743181	8	https://www.amazon.com/s?rh=n:15743181&fs=true&page=8
Gym Bags	15743181	9	https://www.amazon.com/s?rh=n:15743181&fs=true&page=9
Gym Bags	15743181	10	https://www.amazon.com/s?rh=n:15743181&fs=true&page=10
Reflective Gear	3395071	1	https://www.amazon.com/s?rh=n:3395071&fs=true&page=1
Reflective Gear	3395071	2	https://www.amazon.com/s?rh=n:3395071&fs=true&page=2
Reflective Gear	3395071	3	https://www.amazon.com/s?rh=n:3395071&fs=true&page=3
Reflective Gear	3395071	4	https://www.amazon.com/s?rh=n:3395071&fs=true&page=4
Reflective Gear	3395071	5	https://www.amazon.com/s?rh=n:3395071&fs=true&page=5
Reflective Gear	3395071	6	https://www.amazon.com/s?rh=n:3395071&fs=true&page=6
Reflective Gear	3395071	7	https://www.amazon.com/s?rh=n:3395071&fs=true&page=7
Reflective Gear	3395071	8	https://www.amazon.com/s?rh=n:3395071&fs=true&page=8
Reflective Gear	3395071	9	https://www.amazon.com/s?rh=n:3395071&fs=true&page=9
Reflective Gear	3395071	10	https://www.amazon.com/s?rh=n:3395071&fs=true&page=10
Sports Sunglasses	2204481011	1	https://www.amazon.com/s?rh=n:2204481011&fs=true&page=1
Sports Sunglasses	2204481011	2	https://www.amazon.com/s?rh=n:2204481011&fs=true&page=2
Sports Sunglasses	2204481011	3	https://www.amazon.com/s?rh=n:2204481011&fs=true&page=3
Sports Sunglasses	2204481011	4	https://www.amazon.com/s?rh=n:2204481011&fs=true&page=4
Sports Sunglasses	2204481011	5	https://www.amazon.com/s?rh=n:2204481011&fs=true&page=5
Sports Sunglasses	2204481011	6	https://www.amazon.com/s?rh=n:2204481011&fs=true&page=6
Sports Sunglasses	2204481011	7	https://www.amazon.com/s?rh=n:2204481011&fs=true&page=7
Sports Sunglasses	2204481011	8	https://www.amazon.com/s?rh=n:2204481011&fs=true&page=8
Sports Sunglasses	2204481011	9	https://www.amazon.com/s?rh=n:2204481011&fs=true&page=9
Sports Sunglasses	2204481011	10	https://www.amazon.com/s?rh=n:2204481011&fs=true&page=10
Sports Water Bottle Accessories	2403094011	1	https://www.amazon.com/s?rh=n:2403094011&fs=true&page=1
Sports Water Bottle Accessories	2403094011	2	https://www.amazon.com/s?rh=n:2403094011&fs=true&page=2
Sports Water Bottle Accessories	2403094011	3	https://www.amazon.com/s?rh=n:2403094011&fs=true&page=3
Sports Water Bottle Accessories	2403094011	4	https://www.amazon.com/s?rh=n:2403094011&fs=true&page=4
Sports Water Bottle Accessories	2403094011	5	https://www.amazon.com/s?rh=n:2403094011&fs=true&page=5
Sports Water Bottle Accessories	2403094011	6	https://www.amazon.com/s?rh=n:2403094011&fs=true&page=6
Sports Water Bottle Accessories	2403094011	7	https://www.amazon.com/s?rh=n:2403094011&fs=true&page=7
Sports Water Bottle Accessories	2403094011	8	https://www.amazon.com/s?rh=n:2403094011&fs=true&page=8
Sports Water Bottle Accessories	2403094011	9	https://www.amazon.com/s?rh=n:2403094011&fs=true&page=9
Sports Water Bottle Accessories	2403094011	10	https://www.amazon.com/s?rh=n:2403094011&fs=true&page=10
Sports Water Bottles	3395091	1	https://www.amazon.com/s?rh=n:3395091&fs=true&page=1
Sports Water Bottles	3395091	2	https://www.amazon.com/s?rh=n:3395091&fs=true&page=2
Sports Water Bottles	3395091	3	https://www.amazon.com/s?rh=n:3395091&fs=true&page=3
Sports Water Bottles	3395091	4	https://www.amazon.com/s?rh=n:3395091&fs=true&page=4
Sports Water Bottles	3395091	5	https://www.amazon.com/s?rh=n:3395091&fs=true&page=5
Sports Water Bottles	3395091	6	https://www.amazon.com/s?rh=n:3395091&fs=true&page=6
Sports Water Bottles	3395091	7	https://www.amazon.com/s?rh=n:3395091&fs=true&page=7
Sports Water Bottles	3395091	8	https://www.amazon.com/s?rh=n:3395091&fs=true&page=8
Sports Water Bottles	3395091	9	https://www.amazon.com/s?rh=n:3395091&fs=true&page=9
Sports Water Bottles	3395091	10	https://www.amazon.com/s?rh=n:3395091&fs=true&page=10
Inflation Devices & Accessories	2341089011	1	https://www.amazon.com/s?rh=n:2341089011&fs=true&page=1
Inflation Devices & Accessories	2341089011	2	https://www.amazon.com/s?rh=n:2341089011&fs=true&page=2
Inflation Devices & Accessories	2341089011	3	https://www.amazon.com/s?rh=n:2341089011&fs=true&page=3
Inflation Devices & Accessories	2341089011	4	https://www.amazon.com/s?rh=n:2341089011&fs=true&page=4
Inflation Devices & Accessories	2341089011	5	https://www.amazon.com/s?rh=n:2341089011&fs=true&page=5
Inflation Devices & Accessories	2341089011	6	https://www.amazon.com/s?rh=n:2341089011&fs=true&page=6
Inflation Devices & Accessories	2341089011	7	https://www.amazon.com/s?rh=n:2341089011&fs=true&page=7
Inflation Devices & Accessories	2341089011	8	https://www.amazon.com/s?rh=n:2341089011&fs=true&page=8
Inflation Devices & Accessories	2341089011	9	https://www.amazon.com/s?rh=n:2341089011&fs=true&page=9
Inflation Devices & Accessories	2341089011	10	https://www.amazon.com/s?rh=n:2341089011&fs=true&page=10
Trophies, Medals & Awards	2358926011	1	https://www.amazon.com/s?rh=n:2358926011&fs=true&page=1
Trophies, Medals & Awards	2358926011	2	https://www.amazon.com/s?rh=n:2358926011&fs=true&page=2
Trophies, Medals & Awards	2358926011	3	https://www.amazon.com/s?rh=n:2358926011&fs=true&page=3
Trophies, Medals & Awards	2358926011	4	https://www.amazon.com/s?rh=n:2358926011&fs=true&page=4
Trophies, Medals & Awards	2358926011	5	https://www.amazon.com/s?rh=n:2358926011&fs=true&page=5
Trophies, Medals & Awards	2358926011	6	https://www.amazon.com/s?rh=n:2358926011&fs=true&page=6
Trophies, Medals & Awards	2358926011	7	https://www.amazon.com/s?rh=n:2358926011&fs=true&page=7
Trophies, Medals & Awards	2358926011	8	https://www.amazon.com/s?rh=n:2358926011&fs=true&page=8
Trophies, Medals & Awards	2358926011	9	https://www.amazon.com/s?rh=n:2358926011&fs=true&page=9
Trophies, Medals & Awards	2358926011	10	https://www.amazon.com/s?rh=n:2358926011&fs=true&page=10
Backpacks	360832011	1	https://www.amazon.com/s?rh=n:360832011&fs=true&page=1
Backpacks	360832011	2	https://www.amazon.com/s?rh=n:360832011&fs=true&page=2
Backpacks	360832011	3	https://www.amazon.com/s?rh=n:360832011&fs=true&page=3
Backpacks	360832011	4	https://www.amazon.com/s?rh=n:360832011&fs=true&page=4
Backpacks	360832011	5	https://www.amazon.com/s?rh=n:360832011&fs=true&page=5
Backpacks	360832011	6	https://www.amazon.com/s?rh=n:360832011&fs=true&page=6
Backpacks	360832011	7	https://www.amazon.com/s?rh=n:360832011&fs=true&page=7
Backpacks	360832011	8	https://www.amazon.com/s?rh=n:360832011&fs=true&page=8
Backpacks	360832011	9	https://www.amazon.com/s?rh=n:360832011&fs=true&page=9
Backpacks	360832011	10	https://www.amazon.com/s?rh=n:360832011&fs=true&page=10
Auto Accessories	374773011	1	https://www.amazon.com/s?rh=n:374773011&fs=true&page=1
Auto Accessories	374773011	2	https://www.amazon.com/s?rh=n:374773011&fs=true&page=2
Auto Accessories	374773011	3	https://www.amazon.com/s?rh=n:374773011&fs=true&page=3
Auto Accessories	374773011	4	https://www.amazon.com/s?rh=n:374773011&fs=true&page=4
Auto Accessories	374773011	5	https://www.amazon.com/s?rh=n:374773011&fs=true&page=5
Auto Accessories	374773011	6	https://www.amazon.com/s?rh=n:374773011&fs=true&page=6
Auto Accessories	374773011	7	https://www.amazon.com/s?rh=n:374773011&fs=true&page=7
Auto Accessories	374773011	8	https://www.amazon.com/s?rh=n:374773011&fs=true&page=8
Auto Accessories	374773011	9	https://www.amazon.com/s?rh=n:374773011&fs=true&page=9
Auto Accessories	374773011	10	https://www.amazon.com/s?rh=n:374773011&fs=true&page=10
Bags, Packs & Accessories	5768574011	1	https://www.amazon.com/s?rh=n:5768574011&fs=true&page=1
Bags, Packs & Accessories	5768574011	2	https://www.amazon.com/s?rh=n:5768574011&fs=true&page=2
Bags, Packs & Accessories	5768574011	3	https://www.amazon.com/s?rh=n:5768574011&fs=true&page=3
Bags, Packs & Accessories	5768574011	4	https://www.amazon.com/s?rh=n:5768574011&fs=true&page=4
Bags, Packs & Accessories	5768574011	5	https://www.amazon.com/s?rh=n:5768574011&fs=true&page=5
Bags, Packs & Accessories	5768574011	6	https://www.amazon.com/s?rh=n:5768574011&fs=true&page=6
Bags, Packs & Accessories	5768574011	7	https://www.amazon.com/s?rh=n:5768574011&fs=true&page=7
Bags, Packs & Accessories	5768574011	8	https://www.amazon.com/s?rh=n:5768574011&fs=true&page=8
Bags, Packs & Accessories	5768574011	9	https://www.amazon.com/s?rh=n:5768574011&fs=true&page=9
Bags, Packs & Accessories	5768574011	10	https://www.amazon.com/s?rh=n:5768574011&fs=true&page=10
Caps & Hats	5768995011	1	https://www.amazon.com/s?rh=n:5768995011&fs=true&page=1
Caps & Hats	5768995011	2	https://www.amazon.com/s?rh=n:5768995011&fs=true&page=2
Caps & Hats	5768995011	3	https://www.amazon.com/s?rh=n:5768995011&fs=true&page=3
Caps & Hats	5768995011	4	https://www.amazon.com/s?rh=n:5768995011&fs=true&page=4
Caps & Hats	5768995011	5	https://www.amazon.com/s?rh=n:5768995011&fs=true&page=5
Caps & Hats	5768995011	6	https://www.amazon.com/s?rh=n:5768995011&fs=true&page=6
Caps & Hats	5768995011	7	https://www.amazon.com/s?rh=n:5768995011&fs=true&page=7
Caps & Hats	5768995011	8	https://www.amazon.com/s?rh=n:5768995011&fs=true&page=8
Caps & Hats	5768995011	9	https://www.amazon.com/s?rh=n:5768995011&fs=true&page=9
Caps & Hats	5768995011	10	https://www.amazon.com/s?rh=n:5768995011&fs=true&page=10
Clothing	374742011	1	https://www.amazon.com/s?rh=n:374742011&fs=true&page=1
Clothing	374742011	2	https://www.amazon.com/s?rh=n:374742011&fs=true&page=2
Clothing	374742011	3	https://www.amazon.com/s?rh=n:374742011&fs=true&page=3
Clothing	374742011	4	https://www.amazon.com/s?rh=n:374742011&fs=true&page=4
Clothing	374742011	5	https://www.amazon.com/s?rh=n:374742011&fs=true&page=5
Clothing	374742011	6	https://www.amazon.com/s?rh=n:374742011&fs=true&page=6
Clothing	374742011	7	https://www.amazon.com/s?rh=n:374742011&fs=true&page=7
Clothing	374742011	8	https://www.amazon.com/s?rh=n:374742011&fs=true&page=8
Clothing	374742011	9	https://www.amazon.com/s?rh=n:374742011&fs=true&page=9
Clothing	374742011	10	https://www.amazon.com/s?rh=n:374742011&fs=true&page=10
Clothing Accessories	2431377011	1	https://www.amazon.com/s?rh=n:2431377011&fs=true&page=1
Clothing Accessories	2431377011	2	https://www.amazon.com/s?rh=n:2431377011&fs=true&page=2
Clothing Accessories	2431377011	3	https://www.amazon.com/s?rh=n:2431377011&fs=true&page=3
Clothing Accessories	2431377011	4	https://www.amazon.com/s?rh=n:2431377011&fs=true&page=4
Clothing Accessories	2431377011	5	https://www.amazon.com/s?rh=n:2431377011&fs=true&page=5
Clothing Accessories	2431377011	6	https://www.amazon.com/s?rh=n:2431377011&fs=true&page=6
Clothing Accessories	2431377011	7	https://www.amazon.com/s?rh=n:2431377011&fs=true&page=7
Clothing Accessories	2431377011	8	https://www.amazon.com/s?rh=n:2431377011&fs=true&page=8
Clothing Accessories	2431377011	9	https://www.amazon.com/s?rh=n:2431377011&fs=true&page=9
Clothing Accessories	2431377011	10	https://www.amazon.com/s?rh=n:2431377011&fs=true&page=10
Electronics	2311740011	1	https://www.amazon.com/s?rh=n:2311740011&fs=true&page=1
Electronics	2311740011	2	https://www.amazon.com/s?rh=n:2311740011&fs=true&page=2
Electronics	2311740011	3	https://www.amazon.com/s?rh=n:2311740011&fs=true&page=3
Electronics	2311740011	4	https://www.amazon.com/s?rh=n:2311740011&fs=true&page=4
Electronics	2311740011	5	https://www.amazon.com/s?rh=n:2311740011&fs=true&page=5
Electronics	2311740011	6	https://www.amazon.com/s?rh=n:2311740011&fs=true&page=6
Electronics	2311740011	7	https://www.amazon.com/s?rh=n:2311740011&fs=true&page=7
Electronics	2311740011	8	https://www.amazon.com/s?rh=n:2311740011&fs=true&page=8
Electronics	2311740011	9	https://www.amazon.com/s?rh=n:2311740011&fs=true&page=9
Electronics	2311740011	10	https://www.amazon.com/s?rh=n:2311740011&fs=true&page=10
Fabric	18882554011	1	https://www.amazon.com/s?rh=n:18882554011&fs=true&page=1
Fabric	18882554011	2	https://www.amazon.com/s?rh=n:18882554011&fs=true&page=2
Fabric	18882554011	3	https://www.amazon.com/s?rh=n:18882554011&fs=true&page=3
Fabric	18882554011	4	https://www.amazon.com/s?rh=n:18882554011&fs=true&page=4
Fabric	18882554011	5	https://www.amazon.com/s?rh=n:18882554011&fs=true&page=5
Fabric	18882554011	6	https://www.amazon.com/s?rh=n:18882554011&fs=true&page=6
Fabric	18882554011	7	https://www.amazon.com/s?rh=n:18882554011&fs=true&page=7
Fabric	18882554011	8	https://www.amazon.com/s?rh=n:18882554011&fs=true&page=8
Fabric	18882554011	9	https://www.amazon.com/s?rh=n:18882554011&fs=true&page=9
Fabric	18882554011	10	https://www.amazon.com/s?rh=n:18882554011&fs=true&page=10
Footwear	374747011	1	https://www.amazon.com/s?rh=n:374747011&fs=true&page=1
Footwear	374747011	2	https://www.amazon.com/s?rh=n:374747011&fs=true&page=2
Footwear	374747011	3	https://www.amazon.com/s?rh=n:374747011&fs=true&page=3
Footwear	374747011	4	https://www.amazon.com/s?rh=n:374747011&fs=true&page=4
Footwear	374747011	5	https://www.amazon.com/s?rh=n:374747011&fs=true&page=5
Footwear	374747011	6	https://www.amazon.com/s?rh=n:374747011&fs=true&page=6
Footwear	374747011	7	https://www.amazon.com/s?rh=n:374747011&fs=true&page=7
Footwear	374747011	8	https://www.amazon.com/s?rh=n:374747011&fs=true&page=8
Footwear	374747011	9	https://www.amazon.com/s?rh=n:374747011&fs=true&page=9
Footwear	374747011	10	https://www.amazon.com/s?rh=n:374747011&fs=true&page=10
Gameday & Tailgating	375518011	1	https://www.amazon.com/s?rh=n:375518011&fs=true&page=1
Gameday & Tailgating	375518011	2	https://www.amazon.com/s?rh=n:375518011&fs=true&page=2
Gameday & Tailgating	375518011	3	https://www.amazon.com/s?rh=n:375518011&fs=true&page=3
Gameday & Tailgating	375518011	4	https://www.amazon.com/s?rh=n:375518011&fs=true&page=4
Gameday & Tailgating	375518011	5	https://www.amazon.com/s?rh=n:375518011&fs=true&page=5
Gameday & Tailgating	375518011	6	https://www.amazon.com/s?rh=n:375518011&fs=true&page=6
Gameday & Tailgating	375518011	7	https://www.amazon.com/s?rh=n:375518011&fs=true&page=7
Gameday & Tailgating	375518011	8	https://www.amazon.com/s?rh=n:375518011&fs=true&page=8
Gameday & Tailgating	375518011	9	https://www.amazon.com/s?rh=n:375518011&fs=true&page=9
Gameday & Tailgating	375518011	10	https://www.amazon.com/s?rh=n:375518011&fs=true&page=10
Golf Store	5769001011	1	https://www.amazon.com/s?rh=n:5769001011&fs=true&page=1
Golf Store	5769001011	2	https://www.amazon.com/s?rh=n:5769001011&fs=true&page=2
Golf Store	5769001011	3	https://www.amazon.com/s?rh=n:5769001011&fs=true&page=3
Golf Store	5769001011	4	https://www.amazon.com/s?rh=n:5769001011&fs=true&page=4
Golf Store	5769001011	5	https://www.amazon.com/s?rh=n:5769001011&fs=true&page=5
Golf Store	5769001011	6	https://www.amazon.com/s?rh=n:5769001011&fs=true&page=6
Golf Store	5769001011	7	https://www.amazon.com/s?rh=n:5769001011&fs=true&page=7
Golf Store	5769001011	8	https://www.amazon.com/s?rh=n:5769001011&fs=true&page=8
Golf Store	5769001011	9	https://www.amazon.com/s?rh=n:5769001011&fs=true&page=9
Golf Store	5769001011	10	https://www.amazon.com/s?rh=n:5769001011&fs=true&page=10
Home & Kitchen	374819011	1	https://www.amazon.com/s?rh=n:374819011&fs=true&page=1
Home & Kitchen	374819011	2	https://www.amazon.com/s?rh=n:374819011&fs=true&page=2
Home & Kitchen	374819011	3	https://www.amazon.com/s?rh=n:374819011&fs=true&page=3
Home & Kitchen	374819011	4	https://www.amazon.com/s?rh=n:374819011&fs=true&page=4
Home & Kitchen	374819011	5	https://www.amazon.com/s?rh=n:374819011&fs=true&page=5
Home & Kitchen	374819011	6	https://www.amazon.com/s?rh=n:374819011&fs=true&page=6
Home & Kitchen	374819011	7	https://www.amazon.com/s?rh=n:374819011&fs=true&page=7
Home & Kitchen	374819011	8	https://www.amazon.com/s?rh=n:374819011&fs=true&page=8
Home & Kitchen	374819011	9	https://www.amazon.com/s?rh=n:374819011&fs=true&page=9
Home & Kitchen	374819011	10	https://www.amazon.com/s?rh=n:374819011&fs=true&page=10
Jewelry & Watches	374916011	1	https://www.amazon.com/s?rh=n:374916011&fs=true&page=1
Jewelry & Watches	374916011	2	https://www.amazon.com/s?rh=n:374916011&fs=true&page=2
Jewelry & Watches	374916011	3	https://www.amazon.com/s?rh=n:374916011&fs=true&page=3
Jewelry & Watches	374916011	4	https://www.amazon.com/s?rh=n:374916011&fs=true&page=4
Jewelry & Watches	374916011	5	https://www.amazon.com/s?rh=n:374916011&fs=true&page=5
Jewelry & Watches	374916011	6	https://www.amazon.com/s?rh=n:374916011&fs=true&page=6
Jewelry & Watches	374916011	7	https://www.amazon.com/s?rh=n:374916011&fs=true&page=7
Jewelry & Watches	374916011	8	https://www.amazon.com/s?rh=n:374916011&fs=true&page=8
Jewelry & Watches	374916011	9	https://www.amazon.com/s?rh=n:374916011&fs=true&page=9
Jewelry & Watches	374916011	10	https://www.amazon.com/s?rh=n:374916011&fs=true&page=10
Office Products	2309018011	1	https://www.amazon.com/s?rh=n:2309018011&fs=true&page=1
Office Products	2309018011	2	https://www.amazon.com/s?rh=n:2309018011&fs=true&page=2
Office Products	2309018011	3	https://www.amazon.com/s?rh=n:2309018011&fs=true&page=3
Office Products	2309018011	4	https://www.amazon.com/s?rh=n:2309018011&fs=true&page=4
Office Products	2309018011	5	https://www.amazon.com/s?rh=n:2309018011&fs=true&page=5
Office Products	2309018011	6	https://www.amazon.com/s?rh=n:2309018011&fs=true&page=6
Office Products	2309018011	7	https://www.amazon.com/s?rh=n:2309018011&fs=true&page=7
Office Products	2309018011	8	https://www.amazon.com/s?rh=n:2309018011&fs=true&page=8
Office Products	2309018011	9	https://www.amazon.com/s?rh=n:2309018011&fs=true&page=9
Office Products	2309018011	10	https://www.amazon.com/s?rh=n:2309018011&fs=true&page=10
Patio, Lawn & Garden	374893011	1	https://www.amazon.com/s?rh=n:374893011&fs=true&page=1
Patio, Lawn & Garden	374893011	2	https://www.amazon.com/s?rh=n:374893011&fs=true&page=2
Patio, Lawn & Garden	374893011	3	https://www.amazon.com/s?rh=n:374893011&fs=true&page=3
Patio, Lawn & Garden	374893011	4	https://www.amazon.com/s?rh=n:374893011&fs=true&page=4
Patio, Lawn & Garden	374893011	5	https://www.amazon.com/s?rh=n:374893011&fs=true&page=5
Patio, Lawn & Garden	374893011	6	https://www.amazon.com/s?rh=n:374893011&fs=true&page=6
Patio, Lawn & Garden	374893011	7	https://www.amazon.com/s?rh=n:374893011&fs=true&page=7
Patio, Lawn & Garden	374893011	8	https://www.amazon.com/s?rh=n:374893011&fs=true&page=8
Patio, Lawn & Garden	374893011	9	https://www.amazon.com/s?rh=n:374893011&fs=true&page=9
Patio, Lawn & Garden	374893011	10	https://www.amazon.com/s?rh=n:374893011&fs=true&page=10
Pet Gear	5769002011	1	https://www.amazon.com/s?rh=n:5769002011&fs=true&page=1
Pet Gear	5769002011	2	https://www.amazon.com/s?rh=n:5769002011&fs=true&page=2
Pet Gear	5769002011	3	https://www.amazon.com/s?rh=n:5769002011&fs=true&page=3
Pet Gear	5769002011	4	https://www.amazon.com/s?rh=n:5769002011&fs=true&page=4
Pet Gear	5769002011	5	https://www.amazon.com/s?rh=n:5769002011&fs=true&page=5
Pet Gear	5769002011	6	https://www.amazon.com/s?rh=n:5769002011&fs=true&page=6
Pet Gear	5769002011	7	https://www.amazon.com/s?rh=n:5769002011&fs=true&page=7
Pet Gear	5769002011	8	https://www.amazon.com/s?rh=n:5769002011&fs=true&page=8
Pet Gear	5769002011	9	https://www.amazon.com/s?rh=n:5769002011&fs=true&page=9
Pet Gear	5769002011	10	https://www.amazon.com/s?rh=n:5769002011&fs=true&page=10
Sports Equipment	374927011	1	https://www.amazon.com/s?rh=n:374927011&fs=true&page=1
Sports Equipment	374927011	2	https://www.amazon.com/s?rh=n:374927011&fs=true&page=2
Sports Equipment	374927011	3	https://www.amazon.com/s?rh=n:374927011&fs=true&page=3
Sports Equipment	374927011	4	https://www.amazon.com/s?rh=n:374927011&fs=true&page=4
Sports Equipment	374927011	5	https://www.amazon.com/s?rh=n:374927011&fs=true&page=5
Sports Equipment	374927011	6	https://www.amazon.com/s?rh=n:374927011&fs=true&page=6
Sports Equipment	374927011	7	https://www.amazon.com/s?rh=n:374927011&fs=true&page=7
Sports Equipment	374927011	8	https://www.amazon.com/s?rh=n:374927011&fs=true&page=8
Sports Equipment	374927011	9	https://www.amazon.com/s?rh=n:374927011&fs=true&page=9
Sports Equipment	374927011	10	https://www.amazon.com/s?rh=n:374927011&fs=true&page=10
Sports Souvenirs	374783011	1	https://www.amazon.com/s?rh=n:374783011&fs=true&page=1
Sports Souvenirs	374783011	2	https://www.amazon.com/s?rh=n:374783011&fs=true&page=2
Sports Souvenirs	374783011	3	https://www.amazon.com/s?rh=n:374783011&fs=true&page=3
Sports Souvenirs	374783011	4	https://www.amazon.com/s?rh=n:374783011&fs=true&page=4
Sports Souvenirs	374783011	5	https://www.amazon.com/s?rh=n:374783011&fs=true&page=5
Sports Souvenirs	374783011	6	https://www.amazon.com/s?rh=n:374783011&fs=true&page=6
Sports Souvenirs	374783011	7	https://www.amazon.com/s?rh=n:374783011&fs=true&page=7
Sports Souvenirs	374783011	8	https://www.amazon.com/s?rh=n:374783011&fs=true&page=8
Sports Souvenirs	374783011	9	https://www.amazon.com/s?rh=n:374783011&fs=true&page=9
Sports Souvenirs	374783011	10	https://www.amazon.com/s?rh=n:374783011&fs=true&page=10
Tools & Home Improvement	2309443011	1	https://www.amazon.com/s?rh=n:2309443011&fs=true&page=1
Tools & Home Improvement	2309443011	2	https://www.amazon.com/s?rh=n:2309443011&fs=true&page=2
Tools & Home Improvement	2309443011	3	https://www.amazon.com/s?rh=n:2309443011&fs=true&page=3
Tools & Home Improvement	2309443011	4	https://www.amazon.com/s?rh=n:2309443011&fs=true&page=4
Tools & Home Improvement	2309443011	5	https://www.amazon.com/s?rh=n:2309443011&fs=true&page=5
Tools & Home Improvement	2309443011	6	https://www.amazon.com/s?rh=n:2309443011&fs=true&page=6
Tools & Home Improvement	2309443011	7	https://www.amazon.com/s?rh=n:2309443011&fs=true&page=7
Tools & Home Improvement	2309443011	8	https://www.amazon.com/s?rh=n:2309443011&fs=true&page=8
Tools & Home Improvement	2309443011	9	https://www.amazon.com/s?rh=n:2309443011&fs=true&page=9
Tools & Home Improvement	2309443011	10	https://www.amazon.com/s?rh=n:2309443011&fs=true&page=10
Toys & Game Room	375519011	1	https://www.amazon.com/s?rh=n:375519011&fs=true&page=1
Toys & Game Room	375519011	2	https://www.amazon.com/s?rh=n:375519011&fs=true&page=2
Toys & Game Room	375519011	3	https://www.amazon.com/s?rh=n:375519011&fs=true&page=3
Toys & Game Room	375519011	4	https://www.amazon.com/s?rh=n:375519011&fs=true&page=4
Toys & Game Room	375519011	5	https://www.amazon.com/s?rh=n:375519011&fs=true&page=5
Toys & Game Room	375519011	6	https://www.amazon.com/s?rh=n:375519011&fs=true&page=6
Toys & Game Room	375519011	7	https://www.amazon.com/s?rh=n:375519011&fs=true&page=7
Toys & Game Room	375519011	8	https://www.amazon.com/s?rh=n:375519011&fs=true&page=8
Toys & Game Room	375519011	9	https://www.amazon.com/s?rh=n:375519011&fs=true&page=9
Toys & Game Room	375519011	10	https://www.amazon.com/s?rh=n:375519011&fs=true&page=10
Video Games & Accessories	3209250011	1	https://www.amazon.com/s?rh=n:3209250011&fs=true&page=1
Video Games & Accessories	3209250011	2	https://www.amazon.com/s?rh=n:3209250011&fs=true&page=2
Video Games & Accessories	3209250011	3	https://www.amazon.com/s?rh=n:3209250011&fs=true&page=3
Video Games & Accessories	3209250011	4	https://www.amazon.com/s?rh=n:3209250011&fs=true&page=4
Video Games & Accessories	3209250011	5	https://www.amazon.com/s?rh=n:3209250011&fs=true&page=5
Video Games & Accessories	3209250011	6	https://www.amazon.com/s?rh=n:3209250011&fs=true&page=6
Video Games & Accessories	3209250011	7	https://www.amazon.com/s?rh=n:3209250011&fs=true&page=7
Video Games & Accessories	3209250011	8	https://www.amazon.com/s?rh=n:3209250011&fs=true&page=8
Video Games & Accessories	3209250011	9	https://www.amazon.com/s?rh=n:3209250011&fs=true&page=9
Video Games & Accessories	3209250011	10	https://www.amazon.com/s?rh=n:3209250011&fs=true&page=10
Cell Phone Accessories	3209246011	1	https://www.amazon.com/s?rh=n:3209246011&fs=true&page=1
Cell Phone Accessories	3209246011	2	https://www.amazon.com/s?rh=n:3209246011&fs=true&page=2
Cell Phone Accessories	3209246011	3	https://www.amazon.com/s?rh=n:3209246011&fs=true&page=3
Cell Phone Accessories	3209246011	4	https://www.amazon.com/s?rh=n:3209246011&fs=true&page=4
Cell Phone Accessories	3209246011	5	https://www.amazon.com/s?rh=n:3209246011&fs=true&page=5
Cell Phone Accessories	3209246011	6	https://www.amazon.com/s?rh=n:3209246011&fs=true&page=6
Cell Phone Accessories	3209246011	7	https://www.amazon.com/s?rh=n:3209246011&fs=true&page=7
Cell Phone Accessories	3209246011	8	https://www.amazon.com/s?rh=n:3209246011&fs=true&page=8
Cell Phone Accessories	3209246011	9	https://www.amazon.com/s?rh=n:3209246011&fs=true&page=9
Cell Phone Accessories	3209246011	10	https://www.amazon.com/s?rh=n:3209246011&fs=true&page=10
Booster Packs	19431306011	1	https://www.amazon.com/s?rh=n:19431306011&fs=true&page=1
Booster Packs	19431306011	2	https://www.amazon.com/s?rh=n:19431306011&fs=true&page=2
Booster Packs	19431306011	3	https://www.amazon.com/s?rh=n:19431306011&fs=true&page=3
Booster Packs	19431306011	4	https://www.amazon.com/s?rh=n:19431306011&fs=true&page=4
Booster Packs	19431306011	5	https://www.amazon.com/s?rh=n:19431306011&fs=true&page=5
Booster Packs	19431306011	6	https://www.amazon.com/s?rh=n:19431306011&fs=true&page=6
Booster Packs	19431306011	7	https://www.amazon.com/s?rh=n:19431306011&fs=true&page=7
Booster Packs	19431306011	8	https://www.amazon.com/s?rh=n:19431306011&fs=true&page=8
Booster Packs	19431306011	9	https://www.amazon.com/s?rh=n:19431306011&fs=true&page=9
Booster Packs	19431306011	10	https://www.amazon.com/s?rh=n:19431306011&fs=true&page=10
Counters	19431307011	1	https://www.amazon.com/s?rh=n:19431307011&fs=true&page=1
Counters	19431307011	2	https://www.amazon.com/s?rh=n:19431307011&fs=true&page=2
Counters	19431307011	3	https://www.amazon.com/s?rh=n:19431307011&fs=true&page=3
Counters	19431307011	4	https://www.amazon.com/s?rh=n:19431307011&fs=true&page=4
Counters	19431307011	5	https://www.amazon.com/s?rh=n:19431307011&fs=true&page=5
Counters	19431307011	6	https://www.amazon.com/s?rh=n:19431307011&fs=true&page=6
Counters	19431307011	7	https://www.amazon.com/s?rh=n:19431307011&fs=true&page=7
Counters	19431307011	8	https://www.amazon.com/s?rh=n:19431307011&fs=true&page=8
Counters	19431307011	9	https://www.amazon.com/s?rh=n:19431307011&fs=true&page=9
Counters	19431307011	10	https://www.amazon.com/s?rh=n:19431307011&fs=true&page=10
Decks & Sets	19431308011	1	https://www.amazon.com/s?rh=n:19431308011&fs=true&page=1
Decks & Sets	19431308011	2	https://www.amazon.com/s?rh=n:19431308011&fs=true&page=2
Decks & Sets	19431308011	3	https://www.amazon.com/s?rh=n:19431308011&fs=true&page=3
Decks & Sets	19431308011	4	https://www.amazon.com/s?rh=n:19431308011&fs=true&page=4
Decks & Sets	19431308011	5	https://www.amazon.com/s?rh=n:19431308011&fs=true&page=5
Decks & Sets	19431308011	6	https://www.amazon.com/s?rh=n:19431308011&fs=true&page=6
Decks & Sets	19431308011	7	https://www.amazon.com/s?rh=n:19431308011&fs=true&page=7
Decks & Sets	19431308011	8	https://www.amazon.com/s?rh=n:19431308011&fs=true&page=8
Decks & Sets	19431308011	9	https://www.amazon.com/s?rh=n:19431308011&fs=true&page=9
Decks & Sets	19431308011	10	https://www.amazon.com/s?rh=n:19431308011&fs=true&page=10
Playmats	19431309011	1	https://www.amazon.com/s?rh=n:19431309011&fs=true&page=1
Playmats	19431309011	2	https://www.amazon.com/s?rh=n:19431309011&fs=true&page=2
Playmats	19431309011	3	https://www.amazon.com/s?rh=n:19431309011&fs=true&page=3
Playmats	19431309011	4	https://www.amazon.com/s?rh=n:19431309011&fs=true&page=4
Playmats	19431309011	5	https://www.amazon.com/s?rh=n:19431309011&fs=true&page=5
Playmats	19431309011	6	https://www.amazon.com/s?rh=n:19431309011&fs=true&page=6
Playmats	19431309011	7	https://www.amazon.com/s?rh=n:19431309011&fs=true&page=7
Playmats	19431309011	8	https://www.amazon.com/s?rh=n:19431309011&fs=true&page=8
Playmats	19431309011	9	https://www.amazon.com/s?rh=n:19431309011&fs=true&page=9
Playmats	19431309011	10	https://www.amazon.com/s?rh=n:19431309011&fs=true&page=10
Role Playing Dice	1265808011	1	https://www.amazon.com/s?rh=n:1265808011&fs=true&page=1
Role Playing Dice	1265808011	2	https://www.amazon.com/s?rh=n:1265808011&fs=true&page=2
Role Playing Dice	1265808011	3	https://www.amazon.com/s?rh=n:1265808011&fs=true&page=3
Role Playing Dice	1265808011	4	https://www.amazon.com/s?rh=n:1265808011&fs=true&page=4
Role Playing Dice	1265808011	5	https://www.amazon.com/s?rh=n:1265808011&fs=true&page=5
Role Playing Dice	1265808011	6	https://www.amazon.com/s?rh=n:1265808011&fs=true&page=6
Role Playing Dice	1265808011	7	https://www.amazon.com/s?rh=n:1265808011&fs=true&page=7
Role Playing Dice	1265808011	8	https://www.amazon.com/s?rh=n:1265808011&fs=true&page=8
Role Playing Dice	1265808011	9	https://www.amazon.com/s?rh=n:1265808011&fs=true&page=9
Role Playing Dice	1265808011	10	https://www.amazon.com/s?rh=n:1265808011&fs=true&page=10
Singles	19431310011	1	https://www.amazon.com/s?rh=n:19431310011&fs=true&page=1
Singles	19431310011	2	https://www.amazon.com/s?rh=n:19431310011&fs=true&page=2
Singles	19431310011	3	https://www.amazon.com/s?rh=n:19431310011&fs=true&page=3
Singles	19431310011	4	https://www.amazon.com/s?rh=n:19431310011&fs=true&page=4
Singles	19431310011	5	https://www.amazon.com/s?rh=n:19431310011&fs=true&page=5
Singles	19431310011	6	https://www.amazon.com/s?rh=n:19431310011&fs=true&page=6
Singles	19431310011	7	https://www.amazon.com/s?rh=n:19431310011&fs=true&page=7
Singles	19431310011	8	https://www.amazon.com/s?rh=n:19431310011&fs=true&page=8
Singles	19431310011	9	https://www.amazon.com/s?rh=n:19431310011&fs=true&page=9
Singles	19431310011	10	https://www.amazon.com/s?rh=n:19431310011&fs=true&page=10
Boxes	2522048011	1	https://www.amazon.com/s?rh=n:2522048011&fs=true&page=1
Boxes	2522048011	2	https://www.amazon.com/s?rh=n:2522048011&fs=true&page=2
Boxes	2522048011	3	https://www.amazon.com/s?rh=n:2522048011&fs=true&page=3
Boxes	2522048011	4	https://www.amazon.com/s?rh=n:2522048011&fs=true&page=4
Boxes	2522048011	5	https://www.amazon.com/s?rh=n:2522048011&fs=true&page=5
Boxes	2522048011	6	https://www.amazon.com/s?rh=n:2522048011&fs=true&page=6
Boxes	2522048011	7	https://www.amazon.com/s?rh=n:2522048011&fs=true&page=7
Boxes	2522048011	8	https://www.amazon.com/s?rh=n:2522048011&fs=true&page=8
Boxes	2522048011	9	https://www.amazon.com/s?rh=n:2522048011&fs=true&page=9
Boxes	2522048011	10	https://www.amazon.com/s?rh=n:2522048011&fs=true&page=10
Card Screwdowns	19431292011	1	https://www.amazon.com/s?rh=n:19431292011&fs=true&page=1
Card Screwdowns	19431292011	2	https://www.amazon.com/s?rh=n:19431292011&fs=true&page=2
Card Screwdowns	19431292011	3	https://www.amazon.com/s?rh=n:19431292011&fs=true&page=3
Card Screwdowns	19431292011	4	https://www.amazon.com/s?rh=n:19431292011&fs=true&page=4
Card Screwdowns	19431292011	5	https://www.amazon.com/s?rh=n:19431292011&fs=true&page=5
Card Screwdowns	19431292011	6	https://www.amazon.com/s?rh=n:19431292011&fs=true&page=6
Card Screwdowns	19431292011	7	https://www.amazon.com/s?rh=n:19431292011&fs=true&page=7
Card Screwdowns	19431292011	8	https://www.amazon.com/s?rh=n:19431292011&fs=true&page=8
Card Screwdowns	19431292011	9	https://www.amazon.com/s?rh=n:19431292011&fs=true&page=9
Card Screwdowns	19431292011	10	https://www.amazon.com/s?rh=n:19431292011&fs=true&page=10
Card Sleeves	5374109011	1	https://www.amazon.com/s?rh=n:5374109011&fs=true&page=1
Card Sleeves	5374109011	2	https://www.amazon.com/s?rh=n:5374109011&fs=true&page=2
Card Sleeves	5374109011	3	https://www.amazon.com/s?rh=n:5374109011&fs=true&page=3
Card Sleeves	5374109011	4	https://www.amazon.com/s?rh=n:5374109011&fs=true&page=4
Card Sleeves	5374109011	5	https://www.amazon.com/s?rh=n:5374109011&fs=true&page=5
Card Sleeves	5374109011	6	https://www.amazon.com/s?rh=n:5374109011&fs=true&page=6
Card Sleeves	5374109011	7	https://www.amazon.com/s?rh=n:5374109011&fs=true&page=7
Card Sleeves	5374109011	8	https://www.amazon.com/s?rh=n:5374109011&fs=true&page=8
Card Sleeves	5374109011	9	https://www.amazon.com/s?rh=n:5374109011&fs=true&page=9
Card Sleeves	5374109011	10	https://www.amazon.com/s?rh=n:5374109011&fs=true&page=10
Display Cases	374791011	1	https://www.amazon.com/s?rh=n:374791011&fs=true&page=1
Display Cases	374791011	2	https://www.amazon.com/s?rh=n:374791011&fs=true&page=2
Display Cases	374791011	3	https://www.amazon.com/s?rh=n:374791011&fs=true&page=3
Display Cases	374791011	4	https://www.amazon.com/s?rh=n:374791011&fs=true&page=4
Display Cases	374791011	5	https://www.amazon.com/s?rh=n:374791011&fs=true&page=5
Display Cases	374791011	6	https://www.amazon.com/s?rh=n:374791011&fs=true&page=6
Display Cases	374791011	7	https://www.amazon.com/s?rh=n:374791011&fs=true&page=7
Display Cases	374791011	8	https://www.amazon.com/s?rh=n:374791011&fs=true&page=8
Display Cases	374791011	9	https://www.amazon.com/s?rh=n:374791011&fs=true&page=9
Display Cases	374791011	10	https://www.amazon.com/s?rh=n:374791011&fs=true&page=10
Card Albums	2522045011	1	https://www.amazon.com/s?rh=n:2522045011&fs=true&page=1
Card Albums	2522045011	2	https://www.amazon.com/s?rh=n:2522045011&fs=true&page=2
Card Albums	2522045011	3	https://www.amazon.com/s?rh=n:2522045011&fs=true&page=3
Card Albums	2522045011	4	https://www.amazon.com/s?rh=n:2522045011&fs=true&page=4
Card Albums	2522045011	5	https://www.amazon.com/s?rh=n:2522045011&fs=true&page=5
Card Albums	2522045011	6	https://www.amazon.com/s?rh=n:2522045011&fs=true&page=6
Card Albums	2522045011	7	https://www.amazon.com/s?rh=n:2522045011&fs=true&page=7
Card Albums	2522045011	8	https://www.amazon.com/s?rh=n:2522045011&fs=true&page=8
Card Albums	2522045011	9	https://www.amazon.com/s?rh=n:2522045011&fs=true&page=9
Card Albums	2522045011	10	https://www.amazon.com/s?rh=n:2522045011&fs=true&page=10
Athletic Tapes & Wraps	3775561	1	https://www.amazon.com/s?rh=n:3775561&fs=true&page=1
Athletic Tapes & Wraps	3775561	2	https://www.amazon.com/s?rh=n:3775561&fs=true&page=2
Athletic Tapes & Wraps	3775561	3	https://www.amazon.com/s?rh=n:3775561&fs=true&page=3
Athletic Tapes & Wraps	3775561	4	https://www.amazon.com/s?rh=n:3775561&fs=true&page=4
Athletic Tapes & Wraps	3775561	5	https://www.amazon.com/s?rh=n:3775561&fs=true&page=5
Athletic Tapes & Wraps	3775561	6	https://www.amazon.com/s?rh=n:3775561&fs=true&page=6
Athletic Tapes & Wraps	3775561	7	https://www.amazon.com/s?rh=n:3775561&fs=true&page=7
Athletic Tapes & Wraps	3775561	8	https://www.amazon.com/s?rh=n:3775561&fs=true&page=8
Athletic Tapes & Wraps	3775561	9	https://www.amazon.com/s?rh=n:3775561&fs=true&page=9
Athletic Tapes & Wraps	3775561	10	https://www.amazon.com/s?rh=n:3775561&fs=true&page=10
Bandages & Bandaging Supplies	3762711	1	https://www.amazon.com/s?rh=n:3762711&fs=true&page=1
Bandages & Bandaging Supplies	3762711	2	https://www.amazon.com/s?rh=n:3762711&fs=true&page=2
Bandages & Bandaging Supplies	3762711	3	https://www.amazon.com/s?rh=n:3762711&fs=true&page=3
Bandages & Bandaging Supplies	3762711	4	https://www.amazon.com/s?rh=n:3762711&fs=true&page=4
Bandages & Bandaging Supplies	3762711	5	https://www.amazon.com/s?rh=n:3762711&fs=true&page=5
Bandages & Bandaging Supplies	3762711	6	https://www.amazon.com/s?rh=n:3762711&fs=true&page=6
Bandages & Bandaging Supplies	3762711	7	https://www.amazon.com/s?rh=n:3762711&fs=true&page=7
Bandages & Bandaging Supplies	3762711	8	https://www.amazon.com/s?rh=n:3762711&fs=true&page=8
Bandages & Bandaging Supplies	3762711	9	https://www.amazon.com/s?rh=n:3762711&fs=true&page=9
Bandages & Bandaging Supplies	3762711	10	https://www.amazon.com/s?rh=n:3762711&fs=true&page=10
Braces, Splints & Supports	3775541	1	https://www.amazon.com/s?rh=n:3775541&fs=true&page=1
Braces, Splints & Supports	3775541	2	https://www.amazon.com/s?rh=n:3775541&fs=true&page=2
Braces, Splints & Supports	3775541	3	https://www.amazon.com/s?rh=n:3775541&fs=true&page=3
Braces, Splints & Supports	3775541	4	https://www.amazon.com/s?rh=n:3775541&fs=true&page=4
Braces, Splints & Supports	3775541	5	https://www.amazon.com/s?rh=n:3775541&fs=true&page=5
Braces, Splints & Supports	3775541	6	https://www.amazon.com/s?rh=n:3775541&fs=true&page=6
Braces, Splints & Supports	3775541	7	https://www.amazon.com/s?rh=n:3775541&fs=true&page=7
Braces, Splints & Supports	3775541	8	https://www.amazon.com/s?rh=n:3775541&fs=true&page=8
Braces, Splints & Supports	3775541	9	https://www.amazon.com/s?rh=n:3775541&fs=true&page=9
Braces, Splints & Supports	3775541	10	https://www.amazon.com/s?rh=n:3775541&fs=true&page=10
Mouthguards	3410701	1	https://www.amazon.com/s?rh=n:3410701&fs=true&page=1
Mouthguards	3410701	2	https://www.amazon.com/s?rh=n:3410701&fs=true&page=2
Mouthguards	3410701	3	https://www.amazon.com/s?rh=n:3410701&fs=true&page=3
Mouthguards	3410701	4	https://www.amazon.com/s?rh=n:3410701&fs=true&page=4
Mouthguards	3410701	5	https://www.amazon.com/s?rh=n:3410701&fs=true&page=5
Mouthguards	3410701	6	https://www.amazon.com/s?rh=n:3410701&fs=true&page=6
Mouthguards	3410701	7	https://www.amazon.com/s?rh=n:3410701&fs=true&page=7
Mouthguards	3410701	8	https://www.amazon.com/s?rh=n:3410701&fs=true&page=8
Mouthguards	3410701	9	https://www.amazon.com/s?rh=n:3410701&fs=true&page=9
Mouthguards	3410701	10	https://www.amazon.com/s?rh=n:3410701&fs=true&page=10
Padding Supplies	3422511	1	https://www.amazon.com/s?rh=n:3422511&fs=true&page=1
Padding Supplies	3422511	2	https://www.amazon.com/s?rh=n:3422511&fs=true&page=2
Padding Supplies	3422511	3	https://www.amazon.com/s?rh=n:3422511&fs=true&page=3
Padding Supplies	3422511	4	https://www.amazon.com/s?rh=n:3422511&fs=true&page=4
Padding Supplies	3422511	5	https://www.amazon.com/s?rh=n:3422511&fs=true&page=5
Padding Supplies	3422511	6	https://www.amazon.com/s?rh=n:3422511&fs=true&page=6
Padding Supplies	3422511	7	https://www.amazon.com/s?rh=n:3422511&fs=true&page=7
Padding Supplies	3422511	8	https://www.amazon.com/s?rh=n:3422511&fs=true&page=8
Padding Supplies	3422511	9	https://www.amazon.com/s?rh=n:3422511&fs=true&page=9
Padding Supplies	3422511	10	https://www.amazon.com/s?rh=n:3422511&fs=true&page=10
Air Compressors & Inflators	552660	1	https://www.amazon.com/s?rh=n:552660&fs=true&page=1
Air Compressors & Inflators	552660	2	https://www.amazon.com/s?rh=n:552660&fs=true&page=2
Air Compressors & Inflators	552660	3	https://www.amazon.com/s?rh=n:552660&fs=true&page=3
Air Compressors & Inflators	552660	4	https://www.amazon.com/s?rh=n:552660&fs=true&page=4
Air Compressors & Inflators	552660	5	https://www.amazon.com/s?rh=n:552660&fs=true&page=5
Air Compressors & Inflators	552660	6	https://www.amazon.com/s?rh=n:552660&fs=true&page=6
Air Compressors & Inflators	552660	7	https://www.amazon.com/s?rh=n:552660&fs=true&page=7
Air Compressors & Inflators	552660	8	https://www.amazon.com/s?rh=n:552660&fs=true&page=8
Air Compressors & Inflators	552660	9	https://www.amazon.com/s?rh=n:552660&fs=true&page=9
Air Compressors & Inflators	552660	10	https://www.amazon.com/s?rh=n:552660&fs=true&page=10
Caulking Guns	120225794011	1	https://www.amazon.com/s?rh=n:120225794011&fs=true&page=1
Caulking Guns	120225794011	2	https://www.amazon.com/s?rh=n:120225794011&fs=true&page=2
Caulking Guns	120225794011	3	https://www.amazon.com/s?rh=n:120225794011&fs=true&page=3
Caulking Guns	120225794011	4	https://www.amazon.com/s?rh=n:120225794011&fs=true&page=4
Caulking Guns	120225794011	5	https://www.amazon.com/s?rh=n:120225794011&fs=true&page=5
Caulking Guns	120225794011	6	https://www.amazon.com/s?rh=n:120225794011&fs=true&page=6
Caulking Guns	120225794011	7	https://www.amazon.com/s?rh=n:120225794011&fs=true&page=7
Caulking Guns	120225794011	8	https://www.amazon.com/s?rh=n:120225794011&fs=true&page=8
Caulking Guns	120225794011	9	https://www.amazon.com/s?rh=n:120225794011&fs=true&page=9
Caulking Guns	120225794011	10	https://www.amazon.com/s?rh=n:120225794011&fs=true&page=10
Chisels	120225790011	1	https://www.amazon.com/s?rh=n:120225790011&fs=true&page=1
Chisels	120225790011	2	https://www.amazon.com/s?rh=n:120225790011&fs=true&page=2
Chisels	120225790011	3	https://www.amazon.com/s?rh=n:120225790011&fs=true&page=3
Chisels	120225790011	4	https://www.amazon.com/s?rh=n:120225790011&fs=true&page=4
Chisels	120225790011	5	https://www.amazon.com/s?rh=n:120225790011&fs=true&page=5
Chisels	120225790011	6	https://www.amazon.com/s?rh=n:120225790011&fs=true&page=6
Chisels	120225790011	7	https://www.amazon.com/s?rh=n:120225790011&fs=true&page=7
Chisels	120225790011	8	https://www.amazon.com/s?rh=n:120225790011&fs=true&page=8
Chisels	120225790011	9	https://www.amazon.com/s?rh=n:120225790011&fs=true&page=9
Chisels	120225790011	10	https://www.amazon.com/s?rh=n:120225790011&fs=true&page=10
Collated Nails	552424	1	https://www.amazon.com/s?rh=n:552424&fs=true&page=1
Collated Nails	552424	2	https://www.amazon.com/s?rh=n:552424&fs=true&page=2
Collated Nails	552424	3	https://www.amazon.com/s?rh=n:552424&fs=true&page=3
Collated Nails	552424	4	https://www.amazon.com/s?rh=n:552424&fs=true&page=4
Collated Nails	552424	5	https://www.amazon.com/s?rh=n:552424&fs=true&page=5
Collated Nails	552424	6	https://www.amazon.com/s?rh=n:552424&fs=true&page=6
Collated Nails	552424	7	https://www.amazon.com/s?rh=n:552424&fs=true&page=7
Collated Nails	552424	8	https://www.amazon.com/s?rh=n:552424&fs=true&page=8
Collated Nails	552424	9	https://www.amazon.com/s?rh=n:552424&fs=true&page=9
Collated Nails	552424	10	https://www.amazon.com/s?rh=n:552424&fs=true&page=10
Combo Packs	120225791011	1	https://www.amazon.com/s?rh=n:120225791011&fs=true&page=1
Combo Packs	120225791011	2	https://www.amazon.com/s?rh=n:120225791011&fs=true&page=2
Combo Packs	120225791011	3	https://www.amazon.com/s?rh=n:120225791011&fs=true&page=3
Combo Packs	120225791011	4	https://www.amazon.com/s?rh=n:120225791011&fs=true&page=4
Combo Packs	120225791011	5	https://www.amazon.com/s?rh=n:120225791011&fs=true&page=5
Combo Packs	120225791011	6	https://www.amazon.com/s?rh=n:120225791011&fs=true&page=6
Combo Packs	120225791011	7	https://www.amazon.com/s?rh=n:120225791011&fs=true&page=7
Combo Packs	120225791011	8	https://www.amazon.com/s?rh=n:120225791011&fs=true&page=8
Combo Packs	120225791011	9	https://www.amazon.com/s?rh=n:120225791011&fs=true&page=9
Combo Packs	120225791011	10	https://www.amazon.com/s?rh=n:120225791011&fs=true&page=10
Power Sprayers	120225789011	1	https://www.amazon.com/s?rh=n:120225789011&fs=true&page=1
Power Sprayers	120225789011	2	https://www.amazon.com/s?rh=n:120225789011&fs=true&page=2
Power Sprayers	120225789011	3	https://www.amazon.com/s?rh=n:120225789011&fs=true&page=3
Power Sprayers	120225789011	4	https://www.amazon.com/s?rh=n:120225789011&fs=true&page=4
Power Sprayers	120225789011	5	https://www.amazon.com/s?rh=n:120225789011&fs=true&page=5
Power Sprayers	120225789011	6	https://www.amazon.com/s?rh=n:120225789011&fs=true&page=6
Power Sprayers	120225789011	7	https://www.amazon.com/s?rh=n:120225789011&fs=true&page=7
Power Sprayers	120225789011	8	https://www.amazon.com/s?rh=n:120225789011&fs=true&page=8
Power Sprayers	120225789011	9	https://www.amazon.com/s?rh=n:120225789011&fs=true&page=9
Power Sprayers	120225789011	10	https://www.amazon.com/s?rh=n:120225789011&fs=true&page=10
Ratchet Wrenches	120225787011	1	https://www.amazon.com/s?rh=n:120225787011&fs=true&page=1
Ratchet Wrenches	120225787011	2	https://www.amazon.com/s?rh=n:120225787011&fs=true&page=2
Ratchet Wrenches	120225787011	3	https://www.amazon.com/s?rh=n:120225787011&fs=true&page=3
Ratchet Wrenches	120225787011	4	https://www.amazon.com/s?rh=n:120225787011&fs=true&page=4
Ratchet Wrenches	120225787011	5	https://www.amazon.com/s?rh=n:120225787011&fs=true&page=5
Ratchet Wrenches	120225787011	6	https://www.amazon.com/s?rh=n:120225787011&fs=true&page=6
Ratchet Wrenches	120225787011	7	https://www.amazon.com/s?rh=n:120225787011&fs=true&page=7
Ratchet Wrenches	120225787011	8	https://www.amazon.com/s?rh=n:120225787011&fs=true&page=8
Ratchet Wrenches	120225787011	9	https://www.amazon.com/s?rh=n:120225787011&fs=true&page=9
Ratchet Wrenches	120225787011	10	https://www.amazon.com/s?rh=n:120225787011&fs=true&page=10
Sanders & Grinders	120225788011	1	https://www.amazon.com/s?rh=n:120225788011&fs=true&page=1
Sanders & Grinders	120225788011	2	https://www.amazon.com/s?rh=n:120225788011&fs=true&page=2
Sanders & Grinders	120225788011	3	https://www.amazon.com/s?rh=n:120225788011&fs=true&page=3
Sanders & Grinders	120225788011	4	https://www.amazon.com/s?rh=n:120225788011&fs=true&page=4
Sanders & Grinders	120225788011	5	https://www.amazon.com/s?rh=n:120225788011&fs=true&page=5
Sanders & Grinders	120225788011	6	https://www.amazon.com/s?rh=n:120225788011&fs=true&page=6
Sanders & Grinders	120225788011	7	https://www.amazon.com/s?rh=n:120225788011&fs=true&page=7
Sanders & Grinders	120225788011	8	https://www.amazon.com/s?rh=n:120225788011&fs=true&page=8
Sanders & Grinders	120225788011	9	https://www.amazon.com/s?rh=n:120225788011&fs=true&page=9
Sanders & Grinders	120225788011	10	https://www.amazon.com/s?rh=n:120225788011&fs=true&page=10
Saws	120225796011	1	https://www.amazon.com/s?rh=n:120225796011&fs=true&page=1
Saws	120225796011	2	https://www.amazon.com/s?rh=n:120225796011&fs=true&page=2
Saws	120225796011	3	https://www.amazon.com/s?rh=n:120225796011&fs=true&page=3
Saws	120225796011	4	https://www.amazon.com/s?rh=n:120225796011&fs=true&page=4
Saws	120225796011	5	https://www.amazon.com/s?rh=n:120225796011&fs=true&page=5
Saws	120225796011	6	https://www.amazon.com/s?rh=n:120225796011&fs=true&page=6
Saws	120225796011	7	https://www.amazon.com/s?rh=n:120225796011&fs=true&page=7
Saws	120225796011	8	https://www.amazon.com/s?rh=n:120225796011&fs=true&page=8
Saws	120225796011	9	https://www.amazon.com/s?rh=n:120225796011&fs=true&page=9
Saws	120225796011	10	https://www.amazon.com/s?rh=n:120225796011&fs=true&page=10
Screwdrivers	120225792011	1	https://www.amazon.com/s?rh=n:120225792011&fs=true&page=1
Screwdrivers	120225792011	2	https://www.amazon.com/s?rh=n:120225792011&fs=true&page=2
Screwdrivers	120225792011	3	https://www.amazon.com/s?rh=n:120225792011&fs=true&page=3
Screwdrivers	120225792011	4	https://www.amazon.com/s?rh=n:120225792011&fs=true&page=4
Screwdrivers	120225792011	5	https://www.amazon.com/s?rh=n:120225792011&fs=true&page=5
Screwdrivers	120225792011	6	https://www.amazon.com/s?rh=n:120225792011&fs=true&page=6
Screwdrivers	120225792011	7	https://www.amazon.com/s?rh=n:120225792011&fs=true&page=7
Screwdrivers	120225792011	8	https://www.amazon.com/s?rh=n:120225792011&fs=true&page=8
Screwdrivers	120225792011	9	https://www.amazon.com/s?rh=n:120225792011&fs=true&page=9
Screwdrivers	120225792011	10	https://www.amazon.com/s?rh=n:120225792011&fs=true&page=10
Staples	552454	1	https://www.amazon.com/s?rh=n:552454&fs=true&page=1
Staples	552454	2	https://www.amazon.com/s?rh=n:552454&fs=true&page=2
Staples	552454	3	https://www.amazon.com/s?rh=n:552454&fs=true&page=3
Staples	552454	4	https://www.amazon.com/s?rh=n:552454&fs=true&page=4
Staples	552454	5	https://www.amazon.com/s?rh=n:552454&fs=true&page=5
Staples	552454	6	https://www.amazon.com/s?rh=n:552454&fs=true&page=6
Staples	552454	7	https://www.amazon.com/s?rh=n:552454&fs=true&page=7
Staples	552454	8	https://www.amazon.com/s?rh=n:552454&fs=true&page=8
Staples	552454	9	https://www.amazon.com/s?rh=n:552454&fs=true&page=9
Staples	552454	10	https://www.amazon.com/s?rh=n:552454&fs=true&page=10
First Aid	3762591	1	https://www.amazon.com/s?rh=n:3762591&fs=true&page=1
First Aid	3762591	2	https://www.amazon.com/s?rh=n:3762591&fs=true&page=2
First Aid	3762591	3	https://www.amazon.com/s?rh=n:3762591&fs=true&page=3
First Aid	3762591	4	https://www.amazon.com/s?rh=n:3762591&fs=true&page=4
First Aid	3762591	5	https://www.amazon.com/s?rh=n:3762591&fs=true&page=5
First Aid	3762591	6	https://www.amazon.com/s?rh=n:3762591&fs=true&page=6
First Aid	3762591	7	https://www.amazon.com/s?rh=n:3762591&fs=true&page=7
First Aid	3762591	8	https://www.amazon.com/s?rh=n:3762591&fs=true&page=8
First Aid	3762591	9	https://www.amazon.com/s?rh=n:3762591&fs=true&page=9
First Aid	3762591	10	https://www.amazon.com/s?rh=n:3762591&fs=true&page=10
Texture Guns	120225795011	1	https://www.amazon.com/s?rh=n:120225795011&fs=true&page=1
Texture Guns	120225795011	2	https://www.amazon.com/s?rh=n:120225795011&fs=true&page=2
Texture Guns	120225795011	3	https://www.amazon.com/s?rh=n:120225795011&fs=true&page=3
Texture Guns	120225795011	4	https://www.amazon.com/s?rh=n:120225795011&fs=true&page=4
Texture Guns	120225795011	5	https://www.amazon.com/s?rh=n:120225795011&fs=true&page=5
Texture Guns	120225795011	6	https://www.amazon.com/s?rh=n:120225795011&fs=true&page=6
Texture Guns	120225795011	7	https://www.amazon.com/s?rh=n:120225795011&fs=true&page=7
Texture Guns	120225795011	8	https://www.amazon.com/s?rh=n:120225795011&fs=true&page=8
Texture Guns	120225795011	9	https://www.amazon.com/s?rh=n:120225795011&fs=true&page=9
Texture Guns	120225795011	10	https://www.amazon.com/s?rh=n:120225795011&fs=true&page=10
Blowguns	120225793011	1	https://www.amazon.com/s?rh=n:120225793011&fs=true&page=1
Blowguns	120225793011	2	https://www.amazon.com/s?rh=n:120225793011&fs=true&page=2
Blowguns	120225793011	3	https://www.amazon.com/s?rh=n:120225793011&fs=true&page=3
Blowguns	120225793011	4	https://www.amazon.com/s?rh=n:120225793011&fs=true&page=4
Blowguns	120225793011	5	https://www.amazon.com/s?rh=n:120225793011&fs=true&page=5
Blowguns	120225793011	6	https://www.amazon.com/s?rh=n:120225793011&fs=true&page=6
Blowguns	120225793011	7	https://www.amazon.com/s?rh=n:120225793011&fs=true&page=7
Blowguns	120225793011	8	https://www.amazon.com/s?rh=n:120225793011&fs=true&page=8
Blowguns	120225793011	9	https://www.amazon.com/s?rh=n:120225793011&fs=true&page=9
Blowguns	120225793011	10	https://www.amazon.com/s?rh=n:120225793011&fs=true&page=10
Paramedic & Sports Medicine	3422431	1	https://www.amazon.com/s?rh=n:3422431&fs=true&page=1
Paramedic & Sports Medicine	3422431	2	https://www.amazon.com/s?rh=n:3422431&fs=true&page=2
Paramedic & Sports Medicine	3422431	3	https://www.amazon.com/s?rh=n:3422431&fs=true&page=3
Paramedic & Sports Medicine	3422431	4	https://www.amazon.com/s?rh=n:3422431&fs=true&page=4
Paramedic & Sports Medicine	3422431	5	https://www.amazon.com/s?rh=n:3422431&fs=true&page=5
Paramedic & Sports Medicine	3422431	6	https://www.amazon.com/s?rh=n:3422431&fs=true&page=6
Paramedic & Sports Medicine	3422431	7	https://www.amazon.com/s?rh=n:3422431&fs=true&page=7
Paramedic & Sports Medicine	3422431	8	https://www.amazon.com/s?rh=n:3422431&fs=true&page=8
Paramedic & Sports Medicine	3422431	9	https://www.amazon.com/s?rh=n:3422431&fs=true&page=9
Paramedic & Sports Medicine	3422431	10	https://www.amazon.com/s?rh=n:3422431&fs=true&page=10
Collated Fasteners	552420	1	https://www.amazon.com/s?rh=n:552420&fs=true&page=1
Collated Fasteners	552420	2	https://www.amazon.com/s?rh=n:552420&fs=true&page=2
Collated Fasteners	552420	3	https://www.amazon.com/s?rh=n:552420&fs=true&page=3
Collated Fasteners	552420	4	https://www.amazon.com/s?rh=n:552420&fs=true&page=4
Collated Fasteners	552420	5	https://www.amazon.com/s?rh=n:552420&fs=true&page=5
Collated Fasteners	552420	6	https://www.amazon.com/s?rh=n:552420&fs=true&page=6
Collated Fasteners	552420	7	https://www.amazon.com/s?rh=n:552420&fs=true&page=7
Collated Fasteners	552420	8	https://www.amazon.com/s?rh=n:552420&fs=true&page=8
Collated Fasteners	552420	9	https://www.amazon.com/s?rh=n:552420&fs=true&page=9
Collated Fasteners	552420	10	https://www.amazon.com/s?rh=n:552420&fs=true&page=10
Air Conditioners & Accessories	19149191011	1	https://www.amazon.com/s?rh=n:19149191011&fs=true&page=1
Air Conditioners & Accessories	19149191011	2	https://www.amazon.com/s?rh=n:19149191011&fs=true&page=2
Air Conditioners & Accessories	19149191011	3	https://www.amazon.com/s?rh=n:19149191011&fs=true&page=3
Air Conditioners & Accessories	19149191011	4	https://www.amazon.com/s?rh=n:19149191011&fs=true&page=4
Air Conditioners & Accessories	19149191011	5	https://www.amazon.com/s?rh=n:19149191011&fs=true&page=5
Air Conditioners & Accessories	19149191011	6	https://www.amazon.com/s?rh=n:19149191011&fs=true&page=6
Air Conditioners & Accessories	19149191011	7	https://www.amazon.com/s?rh=n:19149191011&fs=true&page=7
Air Conditioners & Accessories	19149191011	8	https://www.amazon.com/s?rh=n:19149191011&fs=true&page=8
Air Conditioners & Accessories	19149191011	9	https://www.amazon.com/s?rh=n:19149191011&fs=true&page=9
Air Conditioners & Accessories	19149191011	10	https://www.amazon.com/s?rh=n:19149191011&fs=true&page=10
Large Appliance Accessories	3741181	1	https://www.amazon.com/s?rh=n:3741181&fs=true&page=1
Large Appliance Accessories	3741181	2	https://www.amazon.com/s?rh=n:3741181&fs=true&page=2
Large Appliance Accessories	3741181	3	https://www.amazon.com/s?rh=n:3741181&fs=true&page=3
Large Appliance Accessories	3741181	4	https://www.amazon.com/s?rh=n:3741181&fs=true&page=4
Large Appliance Accessories	3741181	5	https://www.amazon.com/s?rh=n:3741181&fs=true&page=5
Large Appliance Accessories	3741181	6	https://www.amazon.com/s?rh=n:3741181&fs=true&page=6
Large Appliance Accessories	3741181	7	https://www.amazon.com/s?rh=n:3741181&fs=true&page=7
Large Appliance Accessories	3741181	8	https://www.amazon.com/s?rh=n:3741181&fs=true&page=8
Large Appliance Accessories	3741181	9	https://www.amazon.com/s?rh=n:3741181&fs=true&page=9
Large Appliance Accessories	3741181	10	https://www.amazon.com/s?rh=n:3741181&fs=true&page=10
Ranges	3741411	1	https://www.amazon.com/s?rh=n:3741411&fs=true&page=1
Ranges	3741411	2	https://www.amazon.com/s?rh=n:3741411&fs=true&page=2
Ranges	3741411	3	https://www.amazon.com/s?rh=n:3741411&fs=true&page=3
Ranges	3741411	4	https://www.amazon.com/s?rh=n:3741411&fs=true&page=4
Ranges	3741411	5	https://www.amazon.com/s?rh=n:3741411&fs=true&page=5
Ranges	3741411	6	https://www.amazon.com/s?rh=n:3741411&fs=true&page=6
Ranges	3741411	7	https://www.amazon.com/s?rh=n:3741411&fs=true&page=7
Ranges	3741411	8	https://www.amazon.com/s?rh=n:3741411&fs=true&page=8
Ranges	3741411	9	https://www.amazon.com/s?rh=n:3741411&fs=true&page=9
Ranges	3741411	10	https://www.amazon.com/s?rh=n:3741411&fs=true&page=10
Refrigerator Filters	3741161	1	https://www.amazon.com/s?rh=n:3741161&fs=true&page=1
Refrigerator Filters	3741161	2	https://www.amazon.com/s?rh=n:3741161&fs=true&page=2
Refrigerator Filters	3741161	3	https://www.amazon.com/s?rh=n:3741161&fs=true&page=3
Refrigerator Filters	3741161	4	https://www.amazon.com/s?rh=n:3741161&fs=true&page=4
Refrigerator Filters	3741161	5	https://www.amazon.com/s?rh=n:3741161&fs=true&page=5
Refrigerator Filters	3741161	6	https://www.amazon.com/s?rh=n:3741161&fs=true&page=6
Refrigerator Filters	3741161	7	https://www.amazon.com/s?rh=n:3741161&fs=true&page=7
Refrigerator Filters	3741161	8	https://www.amazon.com/s?rh=n:3741161&fs=true&page=8
Refrigerator Filters	3741161	9	https://www.amazon.com/s?rh=n:3741161&fs=true&page=9
Refrigerator Filters	3741161	10	https://www.amazon.com/s?rh=n:3741161&fs=true&page=10
Wall Ovens	3741481	1	https://www.amazon.com/s?rh=n:3741481&fs=true&page=1
Wall Ovens	3741481	2	https://www.amazon.com/s?rh=n:3741481&fs=true&page=2
Wall Ovens	3741481	3	https://www.amazon.com/s?rh=n:3741481&fs=true&page=3
Wall Ovens	3741481	4	https://www.amazon.com/s?rh=n:3741481&fs=true&page=4
Wall Ovens	3741481	5	https://www.amazon.com/s?rh=n:3741481&fs=true&page=5
Wall Ovens	3741481	6	https://www.amazon.com/s?rh=n:3741481&fs=true&page=6
Wall Ovens	3741481	7	https://www.amazon.com/s?rh=n:3741481&fs=true&page=7
Wall Ovens	3741481	8	https://www.amazon.com/s?rh=n:3741481&fs=true&page=8
Wall Ovens	3741481	9	https://www.amazon.com/s?rh=n:3741481&fs=true&page=9
Wall Ovens	3741481	10	https://www.amazon.com/s?rh=n:3741481&fs=true&page=10
Washers & Dryers	2383576011	1	https://www.amazon.com/s?rh=n:2383576011&fs=true&page=1
Washers & Dryers	2383576011	2	https://www.amazon.com/s?rh=n:2383576011&fs=true&page=2
Washers & Dryers	2383576011	3	https://www.amazon.com/s?rh=n:2383576011&fs=true&page=3
Washers & Dryers	2383576011	4	https://www.amazon.com/s?rh=n:2383576011&fs=true&page=4
Washers & Dryers	2383576011	5	https://www.amazon.com/s?rh=n:2383576011&fs=true&page=5
Washers & Dryers	2383576011	6	https://www.amazon.com/s?rh=n:2383576011&fs=true&page=6
Washers & Dryers	2383576011	7	https://www.amazon.com/s?rh=n:2383576011&fs=true&page=7
Washers & Dryers	2383576011	8	https://www.amazon.com/s?rh=n:2383576011&fs=true&page=8
Washers & Dryers	2383576011	9	https://www.amazon.com/s?rh=n:2383576011&fs=true&page=9
Washers & Dryers	2383576011	10	https://www.amazon.com/s?rh=n:2383576011&fs=true&page=10
Wine Cellars	3741521	1	https://www.amazon.com/s?rh=n:3741521&fs=true&page=1
Wine Cellars	3741521	2	https://www.amazon.com/s?rh=n:3741521&fs=true&page=2
Wine Cellars	3741521	3	https://www.amazon.com/s?rh=n:3741521&fs=true&page=3
Wine Cellars	3741521	4	https://www.amazon.com/s?rh=n:3741521&fs=true&page=4
Wine Cellars	3741521	5	https://www.amazon.com/s?rh=n:3741521&fs=true&page=5
Wine Cellars	3741521	6	https://www.amazon.com/s?rh=n:3741521&fs=true&page=6
Wine Cellars	3741521	7	https://www.amazon.com/s?rh=n:3741521&fs=true&page=7
Wine Cellars	3741521	8	https://www.amazon.com/s?rh=n:3741521&fs=true&page=8
Wine Cellars	3741521	9	https://www.amazon.com/s?rh=n:3741521&fs=true&page=9
Wine Cellars	3741521	10	https://www.amazon.com/s?rh=n:3741521&fs=true&page=10
Combination Microwave & Wall Ovens	3741491	1	https://www.amazon.com/s?rh=n:3741491&fs=true&page=1
Combination Microwave & Wall Ovens	3741491	2	https://www.amazon.com/s?rh=n:3741491&fs=true&page=2
Combination Microwave & Wall Ovens	3741491	3	https://www.amazon.com/s?rh=n:3741491&fs=true&page=3
Combination Microwave & Wall Ovens	3741491	4	https://www.amazon.com/s?rh=n:3741491&fs=true&page=4
Combination Microwave & Wall Ovens	3741491	5	https://www.amazon.com/s?rh=n:3741491&fs=true&page=5
Combination Microwave & Wall Ovens	3741491	6	https://www.amazon.com/s?rh=n:3741491&fs=true&page=6
Combination Microwave & Wall Ovens	3741491	7	https://www.amazon.com/s?rh=n:3741491&fs=true&page=7
Combination Microwave & Wall Ovens	3741491	8	https://www.amazon.com/s?rh=n:3741491&fs=true&page=8
Combination Microwave & Wall Ovens	3741491	9	https://www.amazon.com/s?rh=n:3741491&fs=true&page=9
Combination Microwave & Wall Ovens	3741491	10	https://www.amazon.com/s?rh=n:3741491&fs=true&page=10
Double Wall Ovens	3741501	1	https://www.amazon.com/s?rh=n:3741501&fs=true&page=1
Double Wall Ovens	3741501	2	https://www.amazon.com/s?rh=n:3741501&fs=true&page=2
Double Wall Ovens	3741501	3	https://www.amazon.com/s?rh=n:3741501&fs=true&page=3
Double Wall Ovens	3741501	4	https://www.amazon.com/s?rh=n:3741501&fs=true&page=4
Double Wall Ovens	3741501	5	https://www.amazon.com/s?rh=n:3741501&fs=true&page=5
Double Wall Ovens	3741501	6	https://www.amazon.com/s?rh=n:3741501&fs=true&page=6
Double Wall Ovens	3741501	7	https://www.amazon.com/s?rh=n:3741501&fs=true&page=7
Double Wall Ovens	3741501	8	https://www.amazon.com/s?rh=n:3741501&fs=true&page=8
Double Wall Ovens	3741501	9	https://www.amazon.com/s?rh=n:3741501&fs=true&page=9
Double Wall Ovens	3741501	10	https://www.amazon.com/s?rh=n:3741501&fs=true&page=10
Single Wall Ovens	3741511	1	https://www.amazon.com/s?rh=n:3741511&fs=true&page=1
Single Wall Ovens	3741511	2	https://www.amazon.com/s?rh=n:3741511&fs=true&page=2
Single Wall Ovens	3741511	3	https://www.amazon.com/s?rh=n:3741511&fs=true&page=3
Single Wall Ovens	3741511	4	https://www.amazon.com/s?rh=n:3741511&fs=true&page=4
Single Wall Ovens	3741511	5	https://www.amazon.com/s?rh=n:3741511&fs=true&page=5
Single Wall Ovens	3741511	6	https://www.amazon.com/s?rh=n:3741511&fs=true&page=6
Single Wall Ovens	3741511	7	https://www.amazon.com/s?rh=n:3741511&fs=true&page=7
Single Wall Ovens	3741511	8	https://www.amazon.com/s?rh=n:3741511&fs=true&page=8
Single Wall Ovens	3741511	9	https://www.amazon.com/s?rh=n:3741511&fs=true&page=9
Single Wall Ovens	3741511	10	https://www.amazon.com/s?rh=n:3741511&fs=true&page=10
All-in-One Combination Washers & Dryers	13755271	1	https://www.amazon.com/s?rh=n:13755271&fs=true&page=1
All-in-One Combination Washers & Dryers	13755271	2	https://www.amazon.com/s?rh=n:13755271&fs=true&page=2
All-in-One Combination Washers & Dryers	13755271	3	https://www.amazon.com/s?rh=n:13755271&fs=true&page=3
All-in-One Combination Washers & Dryers	13755271	4	https://www.amazon.com/s?rh=n:13755271&fs=true&page=4
All-in-One Combination Washers & Dryers	13755271	5	https://www.amazon.com/s?rh=n:13755271&fs=true&page=5
All-in-One Combination Washers & Dryers	13755271	6	https://www.amazon.com/s?rh=n:13755271&fs=true&page=6
All-in-One Combination Washers & Dryers	13755271	7	https://www.amazon.com/s?rh=n:13755271&fs=true&page=7
All-in-One Combination Washers & Dryers	13755271	8	https://www.amazon.com/s?rh=n:13755271&fs=true&page=8
All-in-One Combination Washers & Dryers	13755271	9	https://www.amazon.com/s?rh=n:13755271&fs=true&page=9
All-in-One Combination Washers & Dryers	13755271	10	https://www.amazon.com/s?rh=n:13755271&fs=true&page=10
Dryers	13397481	1	https://www.amazon.com/s?rh=n:13397481&fs=true&page=1
Dryers	13397481	2	https://www.amazon.com/s?rh=n:13397481&fs=true&page=2
Dryers	13397481	3	https://www.amazon.com/s?rh=n:13397481&fs=true&page=3
Dryers	13397481	4	https://www.amazon.com/s?rh=n:13397481&fs=true&page=4
Dryers	13397481	5	https://www.amazon.com/s?rh=n:13397481&fs=true&page=5
Dryers	13397481	6	https://www.amazon.com/s?rh=n:13397481&fs=true&page=6
Dryers	13397481	7	https://www.amazon.com/s?rh=n:13397481&fs=true&page=7
Dryers	13397481	8	https://www.amazon.com/s?rh=n:13397481&fs=true&page=8
Dryers	13397481	9	https://www.amazon.com/s?rh=n:13397481&fs=true&page=9
Dryers	13397481	10	https://www.amazon.com/s?rh=n:13397481&fs=true&page=10
Portable Dryers	21490694011	1	https://www.amazon.com/s?rh=n:21490694011&fs=true&page=1
Portable Dryers	21490694011	2	https://www.amazon.com/s?rh=n:21490694011&fs=true&page=2
Portable Dryers	21490694011	3	https://www.amazon.com/s?rh=n:21490694011&fs=true&page=3
Portable Dryers	21490694011	4	https://www.amazon.com/s?rh=n:21490694011&fs=true&page=4
Portable Dryers	21490694011	5	https://www.amazon.com/s?rh=n:21490694011&fs=true&page=5
Portable Dryers	21490694011	6	https://www.amazon.com/s?rh=n:21490694011&fs=true&page=6
Portable Dryers	21490694011	7	https://www.amazon.com/s?rh=n:21490694011&fs=true&page=7
Portable Dryers	21490694011	8	https://www.amazon.com/s?rh=n:21490694011&fs=true&page=8
Portable Dryers	21490694011	9	https://www.amazon.com/s?rh=n:21490694011&fs=true&page=9
Portable Dryers	21490694011	10	https://www.amazon.com/s?rh=n:21490694011&fs=true&page=10
Portable Washers	9709422011	1	https://www.amazon.com/s?rh=n:9709422011&fs=true&page=1
Portable Washers	9709422011	2	https://www.amazon.com/s?rh=n:9709422011&fs=true&page=2
Portable Washers	9709422011	3	https://www.amazon.com/s?rh=n:9709422011&fs=true&page=3
Portable Washers	9709422011	4	https://www.amazon.com/s?rh=n:9709422011&fs=true&page=4
Portable Washers	9709422011	5	https://www.amazon.com/s?rh=n:9709422011&fs=true&page=5
Portable Washers	9709422011	6	https://www.amazon.com/s?rh=n:9709422011&fs=true&page=6
Portable Washers	9709422011	7	https://www.amazon.com/s?rh=n:9709422011&fs=true&page=7
Portable Washers	9709422011	8	https://www.amazon.com/s?rh=n:9709422011&fs=true&page=8
Portable Washers	9709422011	9	https://www.amazon.com/s?rh=n:9709422011&fs=true&page=9
Portable Washers	9709422011	10	https://www.amazon.com/s?rh=n:9709422011&fs=true&page=10
Stacked Washer & Dryer Units	2399957011	1	https://www.amazon.com/s?rh=n:2399957011&fs=true&page=1
Stacked Washer & Dryer Units	2399957011	2	https://www.amazon.com/s?rh=n:2399957011&fs=true&page=2
Stacked Washer & Dryer Units	2399957011	3	https://www.amazon.com/s?rh=n:2399957011&fs=true&page=3
Stacked Washer & Dryer Units	2399957011	4	https://www.amazon.com/s?rh=n:2399957011&fs=true&page=4
Stacked Washer & Dryer Units	2399957011	5	https://www.amazon.com/s?rh=n:2399957011&fs=true&page=5
Stacked Washer & Dryer Units	2399957011	6	https://www.amazon.com/s?rh=n:2399957011&fs=true&page=6
Stacked Washer & Dryer Units	2399957011	7	https://www.amazon.com/s?rh=n:2399957011&fs=true&page=7
Stacked Washer & Dryer Units	2399957011	8	https://www.amazon.com/s?rh=n:2399957011&fs=true&page=8
Stacked Washer & Dryer Units	2399957011	9	https://www.amazon.com/s?rh=n:2399957011&fs=true&page=9
Stacked Washer & Dryer Units	2399957011	10	https://www.amazon.com/s?rh=n:2399957011&fs=true&page=10
Building Materials	13397641	1	https://www.amazon.com/s?rh=n:13397641&fs=true&page=1
Building Materials	13397641	2	https://www.amazon.com/s?rh=n:13397641&fs=true&page=2
Building Materials	13397641	3	https://www.amazon.com/s?rh=n:13397641&fs=true&page=3
Building Materials	13397641	4	https://www.amazon.com/s?rh=n:13397641&fs=true&page=4
Building Materials	13397641	5	https://www.amazon.com/s?rh=n:13397641&fs=true&page=5
Building Materials	13397641	6	https://www.amazon.com/s?rh=n:13397641&fs=true&page=6
Building Materials	13397641	7	https://www.amazon.com/s?rh=n:13397641&fs=true&page=7
Building Materials	13397641	8	https://www.amazon.com/s?rh=n:13397641&fs=true&page=8
Building Materials	13397641	9	https://www.amazon.com/s?rh=n:13397641&fs=true&page=9
Building Materials	13397641	10	https://www.amazon.com/s?rh=n:13397641&fs=true&page=10
HVAC	495346	1	https://www.amazon.com/s?rh=n:495346&fs=true&page=1
HVAC	495346	2	https://www.amazon.com/s?rh=n:495346&fs=true&page=2
HVAC	495346	3	https://www.amazon.com/s?rh=n:495346&fs=true&page=3
HVAC	495346	4	https://www.amazon.com/s?rh=n:495346&fs=true&page=4
HVAC	495346	5	https://www.amazon.com/s?rh=n:495346&fs=true&page=5
HVAC	495346	6	https://www.amazon.com/s?rh=n:495346&fs=true&page=6
HVAC	495346	7	https://www.amazon.com/s?rh=n:495346&fs=true&page=7
HVAC	495346	8	https://www.amazon.com/s?rh=n:495346&fs=true&page=8
HVAC	495346	9	https://www.amazon.com/s?rh=n:495346&fs=true&page=9
HVAC	495346	10	https://www.amazon.com/s?rh=n:495346&fs=true&page=10
Job Site Lighting	553504	1	https://www.amazon.com/s?rh=n:553504&fs=true&page=1
Job Site Lighting	553504	2	https://www.amazon.com/s?rh=n:553504&fs=true&page=2
Job Site Lighting	553504	3	https://www.amazon.com/s?rh=n:553504&fs=true&page=3
Job Site Lighting	553504	4	https://www.amazon.com/s?rh=n:553504&fs=true&page=4
Job Site Lighting	553504	5	https://www.amazon.com/s?rh=n:553504&fs=true&page=5
Job Site Lighting	553504	6	https://www.amazon.com/s?rh=n:553504&fs=true&page=6
Job Site Lighting	553504	7	https://www.amazon.com/s?rh=n:553504&fs=true&page=7
Job Site Lighting	553504	8	https://www.amazon.com/s?rh=n:553504&fs=true&page=8
Job Site Lighting	553504	9	https://www.amazon.com/s?rh=n:553504&fs=true&page=9
Job Site Lighting	553504	10	https://www.amazon.com/s?rh=n:553504&fs=true&page=10
Ladders	553470	1	https://www.amazon.com/s?rh=n:553470&fs=true&page=1
Ladders	553470	2	https://www.amazon.com/s?rh=n:553470&fs=true&page=2
Ladders	553470	3	https://www.amazon.com/s?rh=n:553470&fs=true&page=3
Ladders	553470	4	https://www.amazon.com/s?rh=n:553470&fs=true&page=4
Ladders	553470	5	https://www.amazon.com/s?rh=n:553470&fs=true&page=5
Ladders	553470	6	https://www.amazon.com/s?rh=n:553470&fs=true&page=6
Ladders	553470	7	https://www.amazon.com/s?rh=n:553470&fs=true&page=7
Ladders	553470	8	https://www.amazon.com/s?rh=n:553470&fs=true&page=8
Ladders	553470	9	https://www.amazon.com/s?rh=n:553470&fs=true&page=9
Ladders	553470	10	https://www.amazon.com/s?rh=n:553470&fs=true&page=10
Material Handling	553516	1	https://www.amazon.com/s?rh=n:553516&fs=true&page=1
Material Handling	553516	2	https://www.amazon.com/s?rh=n:553516&fs=true&page=2
Material Handling	553516	3	https://www.amazon.com/s?rh=n:553516&fs=true&page=3
Material Handling	553516	4	https://www.amazon.com/s?rh=n:553516&fs=true&page=4
Material Handling	553516	5	https://www.amazon.com/s?rh=n:553516&fs=true&page=5
Material Handling	553516	6	https://www.amazon.com/s?rh=n:553516&fs=true&page=6
Material Handling	553516	7	https://www.amazon.com/s?rh=n:553516&fs=true&page=7
Material Handling	553516	8	https://www.amazon.com/s?rh=n:553516&fs=true&page=8
Material Handling	553516	9	https://www.amazon.com/s?rh=n:553516&fs=true&page=9
Material Handling	553516	10	https://www.amazon.com/s?rh=n:553516&fs=true&page=10
Washers	13397491	1	https://www.amazon.com/s?rh=n:13397491&fs=true&page=1
Washers	13397491	2	https://www.amazon.com/s?rh=n:13397491&fs=true&page=2
Washers	13397491	3	https://www.amazon.com/s?rh=n:13397491&fs=true&page=3
Washers	13397491	4	https://www.amazon.com/s?rh=n:13397491&fs=true&page=4
Washers	13397491	5	https://www.amazon.com/s?rh=n:13397491&fs=true&page=5
Washers	13397491	6	https://www.amazon.com/s?rh=n:13397491&fs=true&page=6
Washers	13397491	7	https://www.amazon.com/s?rh=n:13397491&fs=true&page=7
Washers	13397491	8	https://www.amazon.com/s?rh=n:13397491&fs=true&page=8
Washers	13397491	9	https://www.amazon.com/s?rh=n:13397491&fs=true&page=9
Washers	13397491	10	https://www.amazon.com/s?rh=n:13397491&fs=true&page=10
Biscuits & Plugs	16409481	1	https://www.amazon.com/s?rh=n:16409481&fs=true&page=1
Biscuits & Plugs	16409481	2	https://www.amazon.com/s?rh=n:16409481&fs=true&page=2
Biscuits & Plugs	16409481	3	https://www.amazon.com/s?rh=n:16409481&fs=true&page=3
Biscuits & Plugs	16409481	4	https://www.amazon.com/s?rh=n:16409481&fs=true&page=4
Biscuits & Plugs	16409481	5	https://www.amazon.com/s?rh=n:16409481&fs=true&page=5
Biscuits & Plugs	16409481	6	https://www.amazon.com/s?rh=n:16409481&fs=true&page=6
Biscuits & Plugs	16409481	7	https://www.amazon.com/s?rh=n:16409481&fs=true&page=7
Biscuits & Plugs	16409481	8	https://www.amazon.com/s?rh=n:16409481&fs=true&page=8
Biscuits & Plugs	16409481	9	https://www.amazon.com/s?rh=n:16409481&fs=true&page=9
Biscuits & Plugs	16409481	10	https://www.amazon.com/s?rh=n:16409481&fs=true&page=10
Brackets	16412271	1	https://www.amazon.com/s?rh=n:16412271&fs=true&page=1
Brackets	16412271	2	https://www.amazon.com/s?rh=n:16412271&fs=true&page=2
Brackets	16412271	3	https://www.amazon.com/s?rh=n:16412271&fs=true&page=3
Brackets	16412271	4	https://www.amazon.com/s?rh=n:16412271&fs=true&page=4
Brackets	16412271	5	https://www.amazon.com/s?rh=n:16412271&fs=true&page=5
Brackets	16412271	6	https://www.amazon.com/s?rh=n:16412271&fs=true&page=6
Brackets	16412271	7	https://www.amazon.com/s?rh=n:16412271&fs=true&page=7
Brackets	16412271	8	https://www.amazon.com/s?rh=n:16412271&fs=true&page=8
Brackets	16412271	9	https://www.amazon.com/s?rh=n:16412271&fs=true&page=9
Brackets	16412271	10	https://www.amazon.com/s?rh=n:16412271&fs=true&page=10
Bumpers	16412281	1	https://www.amazon.com/s?rh=n:16412281&fs=true&page=1
Bumpers	16412281	2	https://www.amazon.com/s?rh=n:16412281&fs=true&page=2
Bumpers	16412281	3	https://www.amazon.com/s?rh=n:16412281&fs=true&page=3
Bumpers	16412281	4	https://www.amazon.com/s?rh=n:16412281&fs=true&page=4
Bumpers	16412281	5	https://www.amazon.com/s?rh=n:16412281&fs=true&page=5
Bumpers	16412281	6	https://www.amazon.com/s?rh=n:16412281&fs=true&page=6
Bumpers	16412281	7	https://www.amazon.com/s?rh=n:16412281&fs=true&page=7
Bumpers	16412281	8	https://www.amazon.com/s?rh=n:16412281&fs=true&page=8
Bumpers	16412281	9	https://www.amazon.com/s?rh=n:16412281&fs=true&page=9
Bumpers	16412281	10	https://www.amazon.com/s?rh=n:16412281&fs=true&page=10
Casters	16412291	1	https://www.amazon.com/s?rh=n:16412291&fs=true&page=1
Casters	16412291	2	https://www.amazon.com/s?rh=n:16412291&fs=true&page=2
Casters	16412291	3	https://www.amazon.com/s?rh=n:16412291&fs=true&page=3
Casters	16412291	4	https://www.amazon.com/s?rh=n:16412291&fs=true&page=4
Casters	16412291	5	https://www.amazon.com/s?rh=n:16412291&fs=true&page=5
Casters	16412291	6	https://www.amazon.com/s?rh=n:16412291&fs=true&page=6
Casters	16412291	7	https://www.amazon.com/s?rh=n:16412291&fs=true&page=7
Casters	16412291	8	https://www.amazon.com/s?rh=n:16412291&fs=true&page=8
Casters	16412291	9	https://www.amazon.com/s?rh=n:16412291&fs=true&page=9
Casters	16412291	10	https://www.amazon.com/s?rh=n:16412291&fs=true&page=10
Catches	16412341	1	https://www.amazon.com/s?rh=n:16412341&fs=true&page=1
Catches	16412341	2	https://www.amazon.com/s?rh=n:16412341&fs=true&page=2
Catches	16412341	3	https://www.amazon.com/s?rh=n:16412341&fs=true&page=3
Catches	16412341	4	https://www.amazon.com/s?rh=n:16412341&fs=true&page=4
Catches	16412341	5	https://www.amazon.com/s?rh=n:16412341&fs=true&page=5
Catches	16412341	6	https://www.amazon.com/s?rh=n:16412341&fs=true&page=6
Catches	16412341	7	https://www.amazon.com/s?rh=n:16412341&fs=true&page=7
Catches	16412341	8	https://www.amazon.com/s?rh=n:16412341&fs=true&page=8
Catches	16412341	9	https://www.amazon.com/s?rh=n:16412341&fs=true&page=9
Catches	16412341	10	https://www.amazon.com/s?rh=n:16412341&fs=true&page=10
Chains	16412351	1	https://www.amazon.com/s?rh=n:16412351&fs=true&page=1
Chains	16412351	2	https://www.amazon.com/s?rh=n:16412351&fs=true&page=2
Chains	16412351	3	https://www.amazon.com/s?rh=n:16412351&fs=true&page=3
Chains	16412351	4	https://www.amazon.com/s?rh=n:16412351&fs=true&page=4
Chains	16412351	5	https://www.amazon.com/s?rh=n:16412351&fs=true&page=5
Chains	16412351	6	https://www.amazon.com/s?rh=n:16412351&fs=true&page=6
Chains	16412351	7	https://www.amazon.com/s?rh=n:16412351&fs=true&page=7
Chains	16412351	8	https://www.amazon.com/s?rh=n:16412351&fs=true&page=8
Chains	16412351	9	https://www.amazon.com/s?rh=n:16412351&fs=true&page=9
Chains	16412351	10	https://www.amazon.com/s?rh=n:16412351&fs=true&page=10
Flexible Support Arms	16412431	1	https://www.amazon.com/s?rh=n:16412431&fs=true&page=1
Flexible Support Arms	16412431	2	https://www.amazon.com/s?rh=n:16412431&fs=true&page=2
Flexible Support Arms	16412431	3	https://www.amazon.com/s?rh=n:16412431&fs=true&page=3
Flexible Support Arms	16412431	4	https://www.amazon.com/s?rh=n:16412431&fs=true&page=4
Flexible Support Arms	16412431	5	https://www.amazon.com/s?rh=n:16412431&fs=true&page=5
Flexible Support Arms	16412431	6	https://www.amazon.com/s?rh=n:16412431&fs=true&page=6
Flexible Support Arms	16412431	7	https://www.amazon.com/s?rh=n:16412431&fs=true&page=7
Flexible Support Arms	16412431	8	https://www.amazon.com/s?rh=n:16412431&fs=true&page=8
Flexible Support Arms	16412431	9	https://www.amazon.com/s?rh=n:16412431&fs=true&page=9
Flexible Support Arms	16412431	10	https://www.amazon.com/s?rh=n:16412431&fs=true&page=10
Grommets	16409771	1	https://www.amazon.com/s?rh=n:16409771&fs=true&page=1
Grommets	16409771	2	https://www.amazon.com/s?rh=n:16409771&fs=true&page=2
Grommets	16409771	3	https://www.amazon.com/s?rh=n:16409771&fs=true&page=3
Grommets	16409771	4	https://www.amazon.com/s?rh=n:16409771&fs=true&page=4
Grommets	16409771	5	https://www.amazon.com/s?rh=n:16409771&fs=true&page=5
Grommets	16409771	6	https://www.amazon.com/s?rh=n:16409771&fs=true&page=6
Grommets	16409771	7	https://www.amazon.com/s?rh=n:16409771&fs=true&page=7
Grommets	16409771	8	https://www.amazon.com/s?rh=n:16409771&fs=true&page=8
Grommets	16409771	9	https://www.amazon.com/s?rh=n:16409771&fs=true&page=9
Grommets	16409771	10	https://www.amazon.com/s?rh=n:16409771&fs=true&page=10
Handles & Pulls	16412441	1	https://www.amazon.com/s?rh=n:16412441&fs=true&page=1
Handles & Pulls	16412441	2	https://www.amazon.com/s?rh=n:16412441&fs=true&page=2
Handles & Pulls	16412441	3	https://www.amazon.com/s?rh=n:16412441&fs=true&page=3
Handles & Pulls	16412441	4	https://www.amazon.com/s?rh=n:16412441&fs=true&page=4
Handles & Pulls	16412441	5	https://www.amazon.com/s?rh=n:16412441&fs=true&page=5
Handles & Pulls	16412441	6	https://www.amazon.com/s?rh=n:16412441&fs=true&page=6
Handles & Pulls	16412441	7	https://www.amazon.com/s?rh=n:16412441&fs=true&page=7
Handles & Pulls	16412441	8	https://www.amazon.com/s?rh=n:16412441&fs=true&page=8
Handles & Pulls	16412441	9	https://www.amazon.com/s?rh=n:16412441&fs=true&page=9
Handles & Pulls	16412441	10	https://www.amazon.com/s?rh=n:16412441&fs=true&page=10
Hasps	511384	1	https://www.amazon.com/s?rh=n:511384&fs=true&page=1
Hasps	511384	2	https://www.amazon.com/s?rh=n:511384&fs=true&page=2
Hasps	511384	3	https://www.amazon.com/s?rh=n:511384&fs=true&page=3
Hasps	511384	4	https://www.amazon.com/s?rh=n:511384&fs=true&page=4
Hasps	511384	5	https://www.amazon.com/s?rh=n:511384&fs=true&page=5
Hasps	511384	6	https://www.amazon.com/s?rh=n:511384&fs=true&page=6
Hasps	511384	7	https://www.amazon.com/s?rh=n:511384&fs=true&page=7
Hasps	511384	8	https://www.amazon.com/s?rh=n:511384&fs=true&page=8
Hasps	511384	9	https://www.amazon.com/s?rh=n:511384&fs=true&page=9
Hasps	511384	10	https://www.amazon.com/s?rh=n:511384&fs=true&page=10
Hinges	16412531	1	https://www.amazon.com/s?rh=n:16412531&fs=true&page=1
Hinges	16412531	2	https://www.amazon.com/s?rh=n:16412531&fs=true&page=2
Hinges	16412531	3	https://www.amazon.com/s?rh=n:16412531&fs=true&page=3
Hinges	16412531	4	https://www.amazon.com/s?rh=n:16412531&fs=true&page=4
Hinges	16412531	5	https://www.amazon.com/s?rh=n:16412531&fs=true&page=5
Hinges	16412531	6	https://www.amazon.com/s?rh=n:16412531&fs=true&page=6
Hinges	16412531	7	https://www.amazon.com/s?rh=n:16412531&fs=true&page=7
Hinges	16412531	8	https://www.amazon.com/s?rh=n:16412531&fs=true&page=8
Hinges	16412531	9	https://www.amazon.com/s?rh=n:16412531&fs=true&page=9
Hinges	16412531	10	https://www.amazon.com/s?rh=n:16412531&fs=true&page=10
Hooks	16412711	1	https://www.amazon.com/s?rh=n:16412711&fs=true&page=1
Hooks	16412711	2	https://www.amazon.com/s?rh=n:16412711&fs=true&page=2
Hooks	16412711	3	https://www.amazon.com/s?rh=n:16412711&fs=true&page=3
Hooks	16412711	4	https://www.amazon.com/s?rh=n:16412711&fs=true&page=4
Hooks	16412711	5	https://www.amazon.com/s?rh=n:16412711&fs=true&page=5
Hooks	16412711	6	https://www.amazon.com/s?rh=n:16412711&fs=true&page=6
Hooks	16412711	7	https://www.amazon.com/s?rh=n:16412711&fs=true&page=7
Hooks	16412711	8	https://www.amazon.com/s?rh=n:16412711&fs=true&page=8
Hooks	16412711	9	https://www.amazon.com/s?rh=n:16412711&fs=true&page=9
Hooks	16412711	10	https://www.amazon.com/s?rh=n:16412711&fs=true&page=10
Knobs & Hand Wheels	16412791	1	https://www.amazon.com/s?rh=n:16412791&fs=true&page=1
Knobs & Hand Wheels	16412791	2	https://www.amazon.com/s?rh=n:16412791&fs=true&page=2
Knobs & Hand Wheels	16412791	3	https://www.amazon.com/s?rh=n:16412791&fs=true&page=3
Knobs & Hand Wheels	16412791	4	https://www.amazon.com/s?rh=n:16412791&fs=true&page=4
Knobs & Hand Wheels	16412791	5	https://www.amazon.com/s?rh=n:16412791&fs=true&page=5
Knobs & Hand Wheels	16412791	6	https://www.amazon.com/s?rh=n:16412791&fs=true&page=6
Knobs & Hand Wheels	16412791	7	https://www.amazon.com/s?rh=n:16412791&fs=true&page=7
Knobs & Hand Wheels	16412791	8	https://www.amazon.com/s?rh=n:16412791&fs=true&page=8
Knobs & Hand Wheels	16412791	9	https://www.amazon.com/s?rh=n:16412791&fs=true&page=9
Knobs & Hand Wheels	16412791	10	https://www.amazon.com/s?rh=n:16412791&fs=true&page=10
Latches	16412911	1	https://www.amazon.com/s?rh=n:16412911&fs=true&page=1
Latches	16412911	2	https://www.amazon.com/s?rh=n:16412911&fs=true&page=2
Latches	16412911	3	https://www.amazon.com/s?rh=n:16412911&fs=true&page=3
Latches	16412911	4	https://www.amazon.com/s?rh=n:16412911&fs=true&page=4
Latches	16412911	5	https://www.amazon.com/s?rh=n:16412911&fs=true&page=5
Latches	16412911	6	https://www.amazon.com/s?rh=n:16412911&fs=true&page=6
Latches	16412911	7	https://www.amazon.com/s?rh=n:16412911&fs=true&page=7
Latches	16412911	8	https://www.amazon.com/s?rh=n:16412911&fs=true&page=8
Latches	16412911	9	https://www.amazon.com/s?rh=n:16412911&fs=true&page=9
Latches	16412911	10	https://www.amazon.com/s?rh=n:16412911&fs=true&page=10
Lock Bolts	16409851	1	https://www.amazon.com/s?rh=n:16409851&fs=true&page=1
Lock Bolts	16409851	2	https://www.amazon.com/s?rh=n:16409851&fs=true&page=2
Lock Bolts	16409851	3	https://www.amazon.com/s?rh=n:16409851&fs=true&page=3
Lock Bolts	16409851	4	https://www.amazon.com/s?rh=n:16409851&fs=true&page=4
Lock Bolts	16409851	5	https://www.amazon.com/s?rh=n:16409851&fs=true&page=5
Lock Bolts	16409851	6	https://www.amazon.com/s?rh=n:16409851&fs=true&page=6
Lock Bolts	16409851	7	https://www.amazon.com/s?rh=n:16409851&fs=true&page=7
Lock Bolts	16409851	8	https://www.amazon.com/s?rh=n:16409851&fs=true&page=8
Lock Bolts	16409851	9	https://www.amazon.com/s?rh=n:16409851&fs=true&page=9
Lock Bolts	16409851	10	https://www.amazon.com/s?rh=n:16409851&fs=true&page=10
Shims & Shim Stock	16413251	1	https://www.amazon.com/s?rh=n:16413251&fs=true&page=1
Shims & Shim Stock	16413251	2	https://www.amazon.com/s?rh=n:16413251&fs=true&page=2
Shims & Shim Stock	16413251	3	https://www.amazon.com/s?rh=n:16413251&fs=true&page=3
Shims & Shim Stock	16413251	4	https://www.amazon.com/s?rh=n:16413251&fs=true&page=4
Shims & Shim Stock	16413251	5	https://www.amazon.com/s?rh=n:16413251&fs=true&page=5
Shims & Shim Stock	16413251	6	https://www.amazon.com/s?rh=n:16413251&fs=true&page=6
Shims & Shim Stock	16413251	7	https://www.amazon.com/s?rh=n:16413251&fs=true&page=7
Shims & Shim Stock	16413251	8	https://www.amazon.com/s?rh=n:16413251&fs=true&page=8
Shims & Shim Stock	16413251	9	https://www.amazon.com/s?rh=n:16413251&fs=true&page=9
Shims & Shim Stock	16413251	10	https://www.amazon.com/s?rh=n:16413251&fs=true&page=10
Snaps	16410641	1	https://www.amazon.com/s?rh=n:16410641&fs=true&page=1
Snaps	16410641	2	https://www.amazon.com/s?rh=n:16410641&fs=true&page=2
Snaps	16410641	3	https://www.amazon.com/s?rh=n:16410641&fs=true&page=3
Snaps	16410641	4	https://www.amazon.com/s?rh=n:16410641&fs=true&page=4
Snaps	16410641	5	https://www.amazon.com/s?rh=n:16410641&fs=true&page=5
Snaps	16410641	6	https://www.amazon.com/s?rh=n:16410641&fs=true&page=6
Snaps	16410641	7	https://www.amazon.com/s?rh=n:16410641&fs=true&page=7
Snaps	16410641	8	https://www.amazon.com/s?rh=n:16410641&fs=true&page=8
Snaps	16410641	9	https://www.amazon.com/s?rh=n:16410641&fs=true&page=9
Snaps	16410641	10	https://www.amazon.com/s?rh=n:16410641&fs=true&page=10
Drop-In Ranges	3741421	1	https://www.amazon.com/s?rh=n:3741421&fs=true&page=1
Drop-In Ranges	3741421	2	https://www.amazon.com/s?rh=n:3741421&fs=true&page=2
Drop-In Ranges	3741421	3	https://www.amazon.com/s?rh=n:3741421&fs=true&page=3
Drop-In Ranges	3741421	4	https://www.amazon.com/s?rh=n:3741421&fs=true&page=4
Drop-In Ranges	3741421	5	https://www.amazon.com/s?rh=n:3741421&fs=true&page=5
Drop-In Ranges	3741421	6	https://www.amazon.com/s?rh=n:3741421&fs=true&page=6
Drop-In Ranges	3741421	7	https://www.amazon.com/s?rh=n:3741421&fs=true&page=7
Drop-In Ranges	3741421	8	https://www.amazon.com/s?rh=n:3741421&fs=true&page=8
Drop-In Ranges	3741421	9	https://www.amazon.com/s?rh=n:3741421&fs=true&page=9
Drop-In Ranges	3741421	10	https://www.amazon.com/s?rh=n:3741421&fs=true&page=10
Freestanding Ranges	3741431	1	https://www.amazon.com/s?rh=n:3741431&fs=true&page=1
Freestanding Ranges	3741431	2	https://www.amazon.com/s?rh=n:3741431&fs=true&page=2
Freestanding Ranges	3741431	3	https://www.amazon.com/s?rh=n:3741431&fs=true&page=3
Freestanding Ranges	3741431	4	https://www.amazon.com/s?rh=n:3741431&fs=true&page=4
Freestanding Ranges	3741431	5	https://www.amazon.com/s?rh=n:3741431&fs=true&page=5
Freestanding Ranges	3741431	6	https://www.amazon.com/s?rh=n:3741431&fs=true&page=6
Freestanding Ranges	3741431	7	https://www.amazon.com/s?rh=n:3741431&fs=true&page=7
Freestanding Ranges	3741431	8	https://www.amazon.com/s?rh=n:3741431&fs=true&page=8
Freestanding Ranges	3741431	9	https://www.amazon.com/s?rh=n:3741431&fs=true&page=9
Freestanding Ranges	3741431	10	https://www.amazon.com/s?rh=n:3741431&fs=true&page=10
Scaffolding & Accessories	553490	1	https://www.amazon.com/s?rh=n:553490&fs=true&page=1
Scaffolding & Accessories	553490	2	https://www.amazon.com/s?rh=n:553490&fs=true&page=2
Scaffolding & Accessories	553490	3	https://www.amazon.com/s?rh=n:553490&fs=true&page=3
Scaffolding & Accessories	553490	4	https://www.amazon.com/s?rh=n:553490&fs=true&page=4
Scaffolding & Accessories	553490	5	https://www.amazon.com/s?rh=n:553490&fs=true&page=5
Scaffolding & Accessories	553490	6	https://www.amazon.com/s?rh=n:553490&fs=true&page=6
Scaffolding & Accessories	553490	7	https://www.amazon.com/s?rh=n:553490&fs=true&page=7
Scaffolding & Accessories	553490	8	https://www.amazon.com/s?rh=n:553490&fs=true&page=8
Scaffolding & Accessories	553490	9	https://www.amazon.com/s?rh=n:553490&fs=true&page=9
Scaffolding & Accessories	553490	10	https://www.amazon.com/s?rh=n:553490&fs=true&page=10
Spacers	6909200011	1	https://www.amazon.com/s?rh=n:6909200011&fs=true&page=1
Spacers	6909200011	2	https://www.amazon.com/s?rh=n:6909200011&fs=true&page=2
Spacers	6909200011	3	https://www.amazon.com/s?rh=n:6909200011&fs=true&page=3
Spacers	6909200011	4	https://www.amazon.com/s?rh=n:6909200011&fs=true&page=4
Spacers	6909200011	5	https://www.amazon.com/s?rh=n:6909200011&fs=true&page=5
Spacers	6909200011	6	https://www.amazon.com/s?rh=n:6909200011&fs=true&page=6
Spacers	6909200011	7	https://www.amazon.com/s?rh=n:6909200011&fs=true&page=7
Spacers	6909200011	8	https://www.amazon.com/s?rh=n:6909200011&fs=true&page=8
Spacers	6909200011	9	https://www.amazon.com/s?rh=n:6909200011&fs=true&page=9
Spacers	6909200011	10	https://www.amazon.com/s?rh=n:6909200011&fs=true&page=10
Slide-In Ranges	2399946011	1	https://www.amazon.com/s?rh=n:2399946011&fs=true&page=1
Slide-In Ranges	2399946011	2	https://www.amazon.com/s?rh=n:2399946011&fs=true&page=2
Slide-In Ranges	2399946011	3	https://www.amazon.com/s?rh=n:2399946011&fs=true&page=3
Slide-In Ranges	2399946011	4	https://www.amazon.com/s?rh=n:2399946011&fs=true&page=4
Slide-In Ranges	2399946011	5	https://www.amazon.com/s?rh=n:2399946011&fs=true&page=5
Slide-In Ranges	2399946011	6	https://www.amazon.com/s?rh=n:2399946011&fs=true&page=6
Slide-In Ranges	2399946011	7	https://www.amazon.com/s?rh=n:2399946011&fs=true&page=7
Slide-In Ranges	2399946011	8	https://www.amazon.com/s?rh=n:2399946011&fs=true&page=8
Slide-In Ranges	2399946011	9	https://www.amazon.com/s?rh=n:2399946011&fs=true&page=9
Slide-In Ranges	2399946011	10	https://www.amazon.com/s?rh=n:2399946011&fs=true&page=10
Trash Compactors	3741451	1	https://www.amazon.com/s?rh=n:3741451&fs=true&page=1
Trash Compactors	3741451	2	https://www.amazon.com/s?rh=n:3741451&fs=true&page=2
Trash Compactors	3741451	3	https://www.amazon.com/s?rh=n:3741451&fs=true&page=3
Trash Compactors	3741451	4	https://www.amazon.com/s?rh=n:3741451&fs=true&page=4
Trash Compactors	3741451	5	https://www.amazon.com/s?rh=n:3741451&fs=true&page=5
Trash Compactors	3741451	6	https://www.amazon.com/s?rh=n:3741451&fs=true&page=6
Trash Compactors	3741451	7	https://www.amazon.com/s?rh=n:3741451&fs=true&page=7
Trash Compactors	3741451	8	https://www.amazon.com/s?rh=n:3741451&fs=true&page=8
Trash Compactors	3741451	9	https://www.amazon.com/s?rh=n:3741451&fs=true&page=9
Trash Compactors	3741451	10	https://www.amazon.com/s?rh=n:3741451&fs=true&page=10
Anchors	16409341	1	https://www.amazon.com/s?rh=n:16409341&fs=true&page=1
Anchors	16409341	2	https://www.amazon.com/s?rh=n:16409341&fs=true&page=2
Anchors	16409341	3	https://www.amazon.com/s?rh=n:16409341&fs=true&page=3
Anchors	16409341	4	https://www.amazon.com/s?rh=n:16409341&fs=true&page=4
Anchors	16409341	5	https://www.amazon.com/s?rh=n:16409341&fs=true&page=5
Anchors	16409341	6	https://www.amazon.com/s?rh=n:16409341&fs=true&page=6
Anchors	16409341	7	https://www.amazon.com/s?rh=n:16409341&fs=true&page=7
Anchors	16409341	8	https://www.amazon.com/s?rh=n:16409341&fs=true&page=8
Anchors	16409341	9	https://www.amazon.com/s?rh=n:16409341&fs=true&page=9
Anchors	16409341	10	https://www.amazon.com/s?rh=n:16409341&fs=true&page=10
Bolts	17290024011	1	https://www.amazon.com/s?rh=n:17290024011&fs=true&page=1
Bolts	17290024011	2	https://www.amazon.com/s?rh=n:17290024011&fs=true&page=2
Bolts	17290024011	3	https://www.amazon.com/s?rh=n:17290024011&fs=true&page=3
Bolts	17290024011	4	https://www.amazon.com/s?rh=n:17290024011&fs=true&page=4
Bolts	17290024011	5	https://www.amazon.com/s?rh=n:17290024011&fs=true&page=5
Bolts	17290024011	6	https://www.amazon.com/s?rh=n:17290024011&fs=true&page=6
Bolts	17290024011	7	https://www.amazon.com/s?rh=n:17290024011&fs=true&page=7
Bolts	17290024011	8	https://www.amazon.com/s?rh=n:17290024011&fs=true&page=8
Bolts	17290024011	9	https://www.amazon.com/s?rh=n:17290024011&fs=true&page=9
Bolts	17290024011	10	https://www.amazon.com/s?rh=n:17290024011&fs=true&page=10
Braces & Joist Hangers	16412261	1	https://www.amazon.com/s?rh=n:16412261&fs=true&page=1
Braces & Joist Hangers	16412261	2	https://www.amazon.com/s?rh=n:16412261&fs=true&page=2
Braces & Joist Hangers	16412261	3	https://www.amazon.com/s?rh=n:16412261&fs=true&page=3
Braces & Joist Hangers	16412261	4	https://www.amazon.com/s?rh=n:16412261&fs=true&page=4
Braces & Joist Hangers	16412261	5	https://www.amazon.com/s?rh=n:16412261&fs=true&page=5
Braces & Joist Hangers	16412261	6	https://www.amazon.com/s?rh=n:16412261&fs=true&page=6
Braces & Joist Hangers	16412261	7	https://www.amazon.com/s?rh=n:16412261&fs=true&page=7
Braces & Joist Hangers	16412261	8	https://www.amazon.com/s?rh=n:16412261&fs=true&page=8
Braces & Joist Hangers	16412261	9	https://www.amazon.com/s?rh=n:16412261&fs=true&page=9
Braces & Joist Hangers	16412261	10	https://www.amazon.com/s?rh=n:16412261&fs=true&page=10
Nails	511338	1	https://www.amazon.com/s?rh=n:511338&fs=true&page=1
Nails	511338	2	https://www.amazon.com/s?rh=n:511338&fs=true&page=2
Nails	511338	3	https://www.amazon.com/s?rh=n:511338&fs=true&page=3
Nails	511338	4	https://www.amazon.com/s?rh=n:511338&fs=true&page=4
Nails	511338	5	https://www.amazon.com/s?rh=n:511338&fs=true&page=5
Nails	511338	6	https://www.amazon.com/s?rh=n:511338&fs=true&page=6
Nails	511338	7	https://www.amazon.com/s?rh=n:511338&fs=true&page=7
Nails	511338	8	https://www.amazon.com/s?rh=n:511338&fs=true&page=8
Nails	511338	9	https://www.amazon.com/s?rh=n:511338&fs=true&page=9
Nails	511338	10	https://www.amazon.com/s?rh=n:511338&fs=true&page=10
Nut & Bolt Assortment Sets	383887011	1	https://www.amazon.com/s?rh=n:383887011&fs=true&page=1
Nut & Bolt Assortment Sets	383887011	2	https://www.amazon.com/s?rh=n:383887011&fs=true&page=2
Nut & Bolt Assortment Sets	383887011	3	https://www.amazon.com/s?rh=n:383887011&fs=true&page=3
Nut & Bolt Assortment Sets	383887011	4	https://www.amazon.com/s?rh=n:383887011&fs=true&page=4
Nut & Bolt Assortment Sets	383887011	5	https://www.amazon.com/s?rh=n:383887011&fs=true&page=5
Nut & Bolt Assortment Sets	383887011	6	https://www.amazon.com/s?rh=n:383887011&fs=true&page=6
Nut & Bolt Assortment Sets	383887011	7	https://www.amazon.com/s?rh=n:383887011&fs=true&page=7
Nut & Bolt Assortment Sets	383887011	8	https://www.amazon.com/s?rh=n:383887011&fs=true&page=8
Nut & Bolt Assortment Sets	383887011	9	https://www.amazon.com/s?rh=n:383887011&fs=true&page=9
Nut & Bolt Assortment Sets	383887011	10	https://www.amazon.com/s?rh=n:383887011&fs=true&page=10
Nuts	16409861	1	https://www.amazon.com/s?rh=n:16409861&fs=true&page=1
Nuts	16409861	2	https://www.amazon.com/s?rh=n:16409861&fs=true&page=2
Nuts	16409861	3	https://www.amazon.com/s?rh=n:16409861&fs=true&page=3
Nuts	16409861	4	https://www.amazon.com/s?rh=n:16409861&fs=true&page=4
Nuts	16409861	5	https://www.amazon.com/s?rh=n:16409861&fs=true&page=5
Nuts	16409861	6	https://www.amazon.com/s?rh=n:16409861&fs=true&page=6
Nuts	16409861	7	https://www.amazon.com/s?rh=n:16409861&fs=true&page=7
Nuts	16409861	8	https://www.amazon.com/s?rh=n:16409861&fs=true&page=8
Nuts	16409861	9	https://www.amazon.com/s?rh=n:16409861&fs=true&page=9
Nuts	16409861	10	https://www.amazon.com/s?rh=n:16409861&fs=true&page=10
Pins	16410171	1	https://www.amazon.com/s?rh=n:16410171&fs=true&page=1
Pins	16410171	2	https://www.amazon.com/s?rh=n:16410171&fs=true&page=2
Pins	16410171	3	https://www.amazon.com/s?rh=n:16410171&fs=true&page=3
Pins	16410171	4	https://www.amazon.com/s?rh=n:16410171&fs=true&page=4
Pins	16410171	5	https://www.amazon.com/s?rh=n:16410171&fs=true&page=5
Pins	16410171	6	https://www.amazon.com/s?rh=n:16410171&fs=true&page=6
Pins	16410171	7	https://www.amazon.com/s?rh=n:16410171&fs=true&page=7
Pins	16410171	8	https://www.amazon.com/s?rh=n:16410171&fs=true&page=8
Pins	16410171	9	https://www.amazon.com/s?rh=n:16410171&fs=true&page=9
Pins	16410171	10	https://www.amazon.com/s?rh=n:16410171&fs=true&page=10
Retaining Rings	16410451	1	https://www.amazon.com/s?rh=n:16410451&fs=true&page=1
Retaining Rings	16410451	2	https://www.amazon.com/s?rh=n:16410451&fs=true&page=2
Retaining Rings	16410451	3	https://www.amazon.com/s?rh=n:16410451&fs=true&page=3
Retaining Rings	16410451	4	https://www.amazon.com/s?rh=n:16410451&fs=true&page=4
Retaining Rings	16410451	5	https://www.amazon.com/s?rh=n:16410451&fs=true&page=5
Retaining Rings	16410451	6	https://www.amazon.com/s?rh=n:16410451&fs=true&page=6
Retaining Rings	16410451	7	https://www.amazon.com/s?rh=n:16410451&fs=true&page=7
Retaining Rings	16410451	8	https://www.amazon.com/s?rh=n:16410451&fs=true&page=8
Retaining Rings	16410451	9	https://www.amazon.com/s?rh=n:16410451&fs=true&page=9
Retaining Rings	16410451	10	https://www.amazon.com/s?rh=n:16410451&fs=true&page=10
Rivets	16410461	1	https://www.amazon.com/s?rh=n:16410461&fs=true&page=1
Rivets	16410461	2	https://www.amazon.com/s?rh=n:16410461&fs=true&page=2
Rivets	16410461	3	https://www.amazon.com/s?rh=n:16410461&fs=true&page=3
Rivets	16410461	4	https://www.amazon.com/s?rh=n:16410461&fs=true&page=4
Rivets	16410461	5	https://www.amazon.com/s?rh=n:16410461&fs=true&page=5
Rivets	16410461	6	https://www.amazon.com/s?rh=n:16410461&fs=true&page=6
Rivets	16410461	7	https://www.amazon.com/s?rh=n:16410461&fs=true&page=7
Rivets	16410461	8	https://www.amazon.com/s?rh=n:16410461&fs=true&page=8
Rivets	16410461	9	https://www.amazon.com/s?rh=n:16410461&fs=true&page=9
Rivets	16410461	10	https://www.amazon.com/s?rh=n:16410461&fs=true&page=10
Screw & Bolt Assortment Sets	6809678011	1	https://www.amazon.com/s?rh=n:6809678011&fs=true&page=1
Screw & Bolt Assortment Sets	6809678011	2	https://www.amazon.com/s?rh=n:6809678011&fs=true&page=2
Screw & Bolt Assortment Sets	6809678011	3	https://www.amazon.com/s?rh=n:6809678011&fs=true&page=3
Screw & Bolt Assortment Sets	6809678011	4	https://www.amazon.com/s?rh=n:6809678011&fs=true&page=4
Screw & Bolt Assortment Sets	6809678011	5	https://www.amazon.com/s?rh=n:6809678011&fs=true&page=5
Screw & Bolt Assortment Sets	6809678011	6	https://www.amazon.com/s?rh=n:6809678011&fs=true&page=6
Screw & Bolt Assortment Sets	6809678011	7	https://www.amazon.com/s?rh=n:6809678011&fs=true&page=7
Screw & Bolt Assortment Sets	6809678011	8	https://www.amazon.com/s?rh=n:6809678011&fs=true&page=8
Screw & Bolt Assortment Sets	6809678011	9	https://www.amazon.com/s?rh=n:6809678011&fs=true&page=9
Screw & Bolt Assortment Sets	6809678011	10	https://www.amazon.com/s?rh=n:6809678011&fs=true&page=10
Screws	17290023011	1	https://www.amazon.com/s?rh=n:17290023011&fs=true&page=1
Screws	17290023011	2	https://www.amazon.com/s?rh=n:17290023011&fs=true&page=2
Screws	17290023011	3	https://www.amazon.com/s?rh=n:17290023011&fs=true&page=3
Screws	17290023011	4	https://www.amazon.com/s?rh=n:17290023011&fs=true&page=4
Screws	17290023011	5	https://www.amazon.com/s?rh=n:17290023011&fs=true&page=5
Screws	17290023011	6	https://www.amazon.com/s?rh=n:17290023011&fs=true&page=6
Screws	17290023011	7	https://www.amazon.com/s?rh=n:17290023011&fs=true&page=7
Screws	17290023011	8	https://www.amazon.com/s?rh=n:17290023011&fs=true&page=8
Screws	17290023011	9	https://www.amazon.com/s?rh=n:17290023011&fs=true&page=9
Screws	17290023011	10	https://www.amazon.com/s?rh=n:17290023011&fs=true&page=10
Spacers & Standoffs	16413321	1	https://www.amazon.com/s?rh=n:16413321&fs=true&page=1
Spacers & Standoffs	16413321	2	https://www.amazon.com/s?rh=n:16413321&fs=true&page=2
Spacers & Standoffs	16413321	3	https://www.amazon.com/s?rh=n:16413321&fs=true&page=3
Spacers & Standoffs	16413321	4	https://www.amazon.com/s?rh=n:16413321&fs=true&page=4
Spacers & Standoffs	16413321	5	https://www.amazon.com/s?rh=n:16413321&fs=true&page=5
Spacers & Standoffs	16413321	6	https://www.amazon.com/s?rh=n:16413321&fs=true&page=6
Spacers & Standoffs	16413321	7	https://www.amazon.com/s?rh=n:16413321&fs=true&page=7
Spacers & Standoffs	16413321	8	https://www.amazon.com/s?rh=n:16413321&fs=true&page=8
Spacers & Standoffs	16413321	9	https://www.amazon.com/s?rh=n:16413321&fs=true&page=9
Spacers & Standoffs	16413321	10	https://www.amazon.com/s?rh=n:16413321&fs=true&page=10
Staples	17290519011	1	https://www.amazon.com/s?rh=n:17290519011&fs=true&page=1
Staples	17290519011	2	https://www.amazon.com/s?rh=n:17290519011&fs=true&page=2
Staples	17290519011	3	https://www.amazon.com/s?rh=n:17290519011&fs=true&page=3
Staples	17290519011	4	https://www.amazon.com/s?rh=n:17290519011&fs=true&page=4
Staples	17290519011	5	https://www.amazon.com/s?rh=n:17290519011&fs=true&page=5
Staples	17290519011	6	https://www.amazon.com/s?rh=n:17290519011&fs=true&page=6
Staples	17290519011	7	https://www.amazon.com/s?rh=n:17290519011&fs=true&page=7
Staples	17290519011	8	https://www.amazon.com/s?rh=n:17290519011&fs=true&page=8
Staples	17290519011	9	https://www.amazon.com/s?rh=n:17290519011&fs=true&page=9
Staples	17290519011	10	https://www.amazon.com/s?rh=n:17290519011&fs=true&page=10
T-Nuts	16410131	1	https://www.amazon.com/s?rh=n:16410131&fs=true&page=1
T-Nuts	16410131	2	https://www.amazon.com/s?rh=n:16410131&fs=true&page=2
T-Nuts	16410131	3	https://www.amazon.com/s?rh=n:16410131&fs=true&page=3
T-Nuts	16410131	4	https://www.amazon.com/s?rh=n:16410131&fs=true&page=4
T-Nuts	16410131	5	https://www.amazon.com/s?rh=n:16410131&fs=true&page=5
T-Nuts	16410131	6	https://www.amazon.com/s?rh=n:16410131&fs=true&page=6
T-Nuts	16410131	7	https://www.amazon.com/s?rh=n:16410131&fs=true&page=7
T-Nuts	16410131	8	https://www.amazon.com/s?rh=n:16410131&fs=true&page=8
T-Nuts	16410131	9	https://www.amazon.com/s?rh=n:16410131&fs=true&page=9
T-Nuts	16410131	10	https://www.amazon.com/s?rh=n:16410131&fs=true&page=10
Threaded Inserts	16410701	1	https://www.amazon.com/s?rh=n:16410701&fs=true&page=1
Threaded Inserts	16410701	2	https://www.amazon.com/s?rh=n:16410701&fs=true&page=2
Threaded Inserts	16410701	3	https://www.amazon.com/s?rh=n:16410701&fs=true&page=3
Threaded Inserts	16410701	4	https://www.amazon.com/s?rh=n:16410701&fs=true&page=4
Threaded Inserts	16410701	5	https://www.amazon.com/s?rh=n:16410701&fs=true&page=5
Threaded Inserts	16410701	6	https://www.amazon.com/s?rh=n:16410701&fs=true&page=6
Threaded Inserts	16410701	7	https://www.amazon.com/s?rh=n:16410701&fs=true&page=7
Threaded Inserts	16410701	8	https://www.amazon.com/s?rh=n:16410701&fs=true&page=8
Threaded Inserts	16410701	9	https://www.amazon.com/s?rh=n:16410701&fs=true&page=9
Threaded Inserts	16410701	10	https://www.amazon.com/s?rh=n:16410701&fs=true&page=10
Threaded Rods & Studs	16410711	1	https://www.amazon.com/s?rh=n:16410711&fs=true&page=1
Threaded Rods & Studs	16410711	2	https://www.amazon.com/s?rh=n:16410711&fs=true&page=2
Threaded Rods & Studs	16410711	3	https://www.amazon.com/s?rh=n:16410711&fs=true&page=3
Threaded Rods & Studs	16410711	4	https://www.amazon.com/s?rh=n:16410711&fs=true&page=4
Threaded Rods & Studs	16410711	5	https://www.amazon.com/s?rh=n:16410711&fs=true&page=5
Threaded Rods & Studs	16410711	6	https://www.amazon.com/s?rh=n:16410711&fs=true&page=6
Threaded Rods & Studs	16410711	7	https://www.amazon.com/s?rh=n:16410711&fs=true&page=7
Threaded Rods & Studs	16410711	8	https://www.amazon.com/s?rh=n:16410711&fs=true&page=8
Threaded Rods & Studs	16410711	9	https://www.amazon.com/s?rh=n:16410711&fs=true&page=9
Threaded Rods & Studs	16410711	10	https://www.amazon.com/s?rh=n:16410711&fs=true&page=10
Washers	16410821	1	https://www.amazon.com/s?rh=n:16410821&fs=true&page=1
Washers	16410821	2	https://www.amazon.com/s?rh=n:16410821&fs=true&page=2
Washers	16410821	3	https://www.amazon.com/s?rh=n:16410821&fs=true&page=3
Washers	16410821	4	https://www.amazon.com/s?rh=n:16410821&fs=true&page=4
Washers	16410821	5	https://www.amazon.com/s?rh=n:16410821&fs=true&page=5
Washers	16410821	6	https://www.amazon.com/s?rh=n:16410821&fs=true&page=6
Washers	16410821	7	https://www.amazon.com/s?rh=n:16410821&fs=true&page=7
Washers	16410821	8	https://www.amazon.com/s?rh=n:16410821&fs=true&page=8
Washers	16410821	9	https://www.amazon.com/s?rh=n:16410821&fs=true&page=9
Washers	16410821	10	https://www.amazon.com/s?rh=n:16410821&fs=true&page=10
Breakers, Load Centers & Fuses	6369357011	1	https://www.amazon.com/s?rh=n:6369357011&fs=true&page=1
Breakers, Load Centers & Fuses	6369357011	2	https://www.amazon.com/s?rh=n:6369357011&fs=true&page=2
Breakers, Load Centers & Fuses	6369357011	3	https://www.amazon.com/s?rh=n:6369357011&fs=true&page=3
Breakers, Load Centers & Fuses	6369357011	4	https://www.amazon.com/s?rh=n:6369357011&fs=true&page=4
Breakers, Load Centers & Fuses	6369357011	5	https://www.amazon.com/s?rh=n:6369357011&fs=true&page=5
Breakers, Load Centers & Fuses	6369357011	6	https://www.amazon.com/s?rh=n:6369357011&fs=true&page=6
Breakers, Load Centers & Fuses	6369357011	7	https://www.amazon.com/s?rh=n:6369357011&fs=true&page=7
Breakers, Load Centers & Fuses	6369357011	8	https://www.amazon.com/s?rh=n:6369357011&fs=true&page=8
Breakers, Load Centers & Fuses	6369357011	9	https://www.amazon.com/s?rh=n:6369357011&fs=true&page=9
Breakers, Load Centers & Fuses	6369357011	10	https://www.amazon.com/s?rh=n:6369357011&fs=true&page=10
Cord Management	11042051	1	https://www.amazon.com/s?rh=n:11042051&fs=true&page=1
Cord Management	11042051	2	https://www.amazon.com/s?rh=n:11042051&fs=true&page=2
Cord Management	11042051	3	https://www.amazon.com/s?rh=n:11042051&fs=true&page=3
Cord Management	11042051	4	https://www.amazon.com/s?rh=n:11042051&fs=true&page=4
Cord Management	11042051	5	https://www.amazon.com/s?rh=n:11042051&fs=true&page=5
Cord Management	11042051	6	https://www.amazon.com/s?rh=n:11042051&fs=true&page=6
Cord Management	11042051	7	https://www.amazon.com/s?rh=n:11042051&fs=true&page=7
Cord Management	11042051	8	https://www.amazon.com/s?rh=n:11042051&fs=true&page=8
Cord Management	11042051	9	https://www.amazon.com/s?rh=n:11042051&fs=true&page=9
Cord Management	11042051	10	https://www.amazon.com/s?rh=n:11042051&fs=true&page=10
Cords, Adapters & Multi-Outlets	6396121011	1	https://www.amazon.com/s?rh=n:6396121011&fs=true&page=1
Cords, Adapters & Multi-Outlets	6396121011	2	https://www.amazon.com/s?rh=n:6396121011&fs=true&page=2
Cords, Adapters & Multi-Outlets	6396121011	3	https://www.amazon.com/s?rh=n:6396121011&fs=true&page=3
Cords, Adapters & Multi-Outlets	6396121011	4	https://www.amazon.com/s?rh=n:6396121011&fs=true&page=4
Cords, Adapters & Multi-Outlets	6396121011	5	https://www.amazon.com/s?rh=n:6396121011&fs=true&page=5
Cords, Adapters & Multi-Outlets	6396121011	6	https://www.amazon.com/s?rh=n:6396121011&fs=true&page=6
Cords, Adapters & Multi-Outlets	6396121011	7	https://www.amazon.com/s?rh=n:6396121011&fs=true&page=7
Cords, Adapters & Multi-Outlets	6396121011	8	https://www.amazon.com/s?rh=n:6396121011&fs=true&page=8
Cords, Adapters & Multi-Outlets	6396121011	9	https://www.amazon.com/s?rh=n:6396121011&fs=true&page=9
Cords, Adapters & Multi-Outlets	6396121011	10	https://www.amazon.com/s?rh=n:6396121011&fs=true&page=10
Door Chimes & Bells	495320	1	https://www.amazon.com/s?rh=n:495320&fs=true&page=1
Door Chimes & Bells	495320	2	https://www.amazon.com/s?rh=n:495320&fs=true&page=2
Door Chimes & Bells	495320	3	https://www.amazon.com/s?rh=n:495320&fs=true&page=3
Door Chimes & Bells	495320	4	https://www.amazon.com/s?rh=n:495320&fs=true&page=4
Door Chimes & Bells	495320	5	https://www.amazon.com/s?rh=n:495320&fs=true&page=5
Door Chimes & Bells	495320	6	https://www.amazon.com/s?rh=n:495320&fs=true&page=6
Door Chimes & Bells	495320	7	https://www.amazon.com/s?rh=n:495320&fs=true&page=7
Door Chimes & Bells	495320	8	https://www.amazon.com/s?rh=n:495320&fs=true&page=8
Door Chimes & Bells	495320	9	https://www.amazon.com/s?rh=n:495320&fs=true&page=9
Door Chimes & Bells	495320	10	https://www.amazon.com/s?rh=n:495320&fs=true&page=10
Electric Motors	3753381	1	https://www.amazon.com/s?rh=n:3753381&fs=true&page=1
Electric Motors	3753381	2	https://www.amazon.com/s?rh=n:3753381&fs=true&page=2
Electric Motors	3753381	3	https://www.amazon.com/s?rh=n:3753381&fs=true&page=3
Electric Motors	3753381	4	https://www.amazon.com/s?rh=n:3753381&fs=true&page=4
Electric Motors	3753381	5	https://www.amazon.com/s?rh=n:3753381&fs=true&page=5
Electric Motors	3753381	6	https://www.amazon.com/s?rh=n:3753381&fs=true&page=6
Electric Motors	3753381	7	https://www.amazon.com/s?rh=n:3753381&fs=true&page=7
Electric Motors	3753381	8	https://www.amazon.com/s?rh=n:3753381&fs=true&page=8
Electric Motors	3753381	9	https://www.amazon.com/s?rh=n:3753381&fs=true&page=9
Electric Motors	3753381	10	https://www.amazon.com/s?rh=n:3753381&fs=true&page=10
Electrical Boxes, Conduits & Fittings	6369359011	1	https://www.amazon.com/s?rh=n:6369359011&fs=true&page=1
Electrical Boxes, Conduits & Fittings	6369359011	2	https://www.amazon.com/s?rh=n:6369359011&fs=true&page=2
Electrical Boxes, Conduits & Fittings	6369359011	3	https://www.amazon.com/s?rh=n:6369359011&fs=true&page=3
Electrical Boxes, Conduits & Fittings	6369359011	4	https://www.amazon.com/s?rh=n:6369359011&fs=true&page=4
Electrical Boxes, Conduits & Fittings	6369359011	5	https://www.amazon.com/s?rh=n:6369359011&fs=true&page=5
Electrical Boxes, Conduits & Fittings	6369359011	6	https://www.amazon.com/s?rh=n:6369359011&fs=true&page=6
Electrical Boxes, Conduits & Fittings	6369359011	7	https://www.amazon.com/s?rh=n:6369359011&fs=true&page=7
Electrical Boxes, Conduits & Fittings	6369359011	8	https://www.amazon.com/s?rh=n:6369359011&fs=true&page=8
Electrical Boxes, Conduits & Fittings	6369359011	9	https://www.amazon.com/s?rh=n:6369359011&fs=true&page=9
Electrical Boxes, Conduits & Fittings	6369359011	10	https://www.amazon.com/s?rh=n:6369359011&fs=true&page=10
Electrical Connectors	6426213011	1	https://www.amazon.com/s?rh=n:6426213011&fs=true&page=1
Electrical Connectors	6426213011	2	https://www.amazon.com/s?rh=n:6426213011&fs=true&page=2
Electrical Connectors	6426213011	3	https://www.amazon.com/s?rh=n:6426213011&fs=true&page=3
Electrical Connectors	6426213011	4	https://www.amazon.com/s?rh=n:6426213011&fs=true&page=4
Electrical Connectors	6426213011	5	https://www.amazon.com/s?rh=n:6426213011&fs=true&page=5
Electrical Connectors	6426213011	6	https://www.amazon.com/s?rh=n:6426213011&fs=true&page=6
Electrical Connectors	6426213011	7	https://www.amazon.com/s?rh=n:6426213011&fs=true&page=7
Electrical Connectors	6426213011	8	https://www.amazon.com/s?rh=n:6426213011&fs=true&page=8
Electrical Connectors	6426213011	9	https://www.amazon.com/s?rh=n:6426213011&fs=true&page=9
Electrical Connectors	6426213011	10	https://www.amazon.com/s?rh=n:6426213011&fs=true&page=10
Electrical Wire	495310	1	https://www.amazon.com/s?rh=n:495310&fs=true&page=1
Electrical Wire	495310	2	https://www.amazon.com/s?rh=n:495310&fs=true&page=2
Electrical Wire	495310	3	https://www.amazon.com/s?rh=n:495310&fs=true&page=3
Electrical Wire	495310	4	https://www.amazon.com/s?rh=n:495310&fs=true&page=4
Electrical Wire	495310	5	https://www.amazon.com/s?rh=n:495310&fs=true&page=5
Electrical Wire	495310	6	https://www.amazon.com/s?rh=n:495310&fs=true&page=6
Electrical Wire	495310	7	https://www.amazon.com/s?rh=n:495310&fs=true&page=7
Electrical Wire	495310	8	https://www.amazon.com/s?rh=n:495310&fs=true&page=8
Electrical Wire	495310	9	https://www.amazon.com/s?rh=n:495310&fs=true&page=9
Electrical Wire	495310	10	https://www.amazon.com/s?rh=n:495310&fs=true&page=10
Extension Cords	495312	1	https://www.amazon.com/s?rh=n:495312&fs=true&page=1
Extension Cords	495312	2	https://www.amazon.com/s?rh=n:495312&fs=true&page=2
Extension Cords	495312	3	https://www.amazon.com/s?rh=n:495312&fs=true&page=3
Extension Cords	495312	4	https://www.amazon.com/s?rh=n:495312&fs=true&page=4
Extension Cords	495312	5	https://www.amazon.com/s?rh=n:495312&fs=true&page=5
Extension Cords	495312	6	https://www.amazon.com/s?rh=n:495312&fs=true&page=6
Extension Cords	495312	7	https://www.amazon.com/s?rh=n:495312&fs=true&page=7
Extension Cords	495312	8	https://www.amazon.com/s?rh=n:495312&fs=true&page=8
Extension Cords	495312	9	https://www.amazon.com/s?rh=n:495312&fs=true&page=9
Extension Cords	495312	10	https://www.amazon.com/s?rh=n:495312&fs=true&page=10
Home Automation Devices	6478739011	1	https://www.amazon.com/s?rh=n:6478739011&fs=true&page=1
Home Automation Devices	6478739011	2	https://www.amazon.com/s?rh=n:6478739011&fs=true&page=2
Home Automation Devices	6478739011	3	https://www.amazon.com/s?rh=n:6478739011&fs=true&page=3
Home Automation Devices	6478739011	4	https://www.amazon.com/s?rh=n:6478739011&fs=true&page=4
Home Automation Devices	6478739011	5	https://www.amazon.com/s?rh=n:6478739011&fs=true&page=5
Home Automation Devices	6478739011	6	https://www.amazon.com/s?rh=n:6478739011&fs=true&page=6
Home Automation Devices	6478739011	7	https://www.amazon.com/s?rh=n:6478739011&fs=true&page=7
Home Automation Devices	6478739011	8	https://www.amazon.com/s?rh=n:6478739011&fs=true&page=8
Home Automation Devices	6478739011	9	https://www.amazon.com/s?rh=n:6478739011&fs=true&page=9
Home Automation Devices	6478739011	10	https://www.amazon.com/s?rh=n:6478739011&fs=true&page=10
Light Sockets	14328101	1	https://www.amazon.com/s?rh=n:14328101&fs=true&page=1
Light Sockets	14328101	2	https://www.amazon.com/s?rh=n:14328101&fs=true&page=2
Light Sockets	14328101	3	https://www.amazon.com/s?rh=n:14328101&fs=true&page=3
Light Sockets	14328101	4	https://www.amazon.com/s?rh=n:14328101&fs=true&page=4
Light Sockets	14328101	5	https://www.amazon.com/s?rh=n:14328101&fs=true&page=5
Light Sockets	14328101	6	https://www.amazon.com/s?rh=n:14328101&fs=true&page=6
Light Sockets	14328101	7	https://www.amazon.com/s?rh=n:14328101&fs=true&page=7
Light Sockets	14328101	8	https://www.amazon.com/s?rh=n:14328101&fs=true&page=8
Light Sockets	14328101	9	https://www.amazon.com/s?rh=n:14328101&fs=true&page=9
Light Sockets	14328101	10	https://www.amazon.com/s?rh=n:14328101&fs=true&page=10
Outlets & Accessories	495334	1	https://www.amazon.com/s?rh=n:495334&fs=true&page=1
Outlets & Accessories	495334	2	https://www.amazon.com/s?rh=n:495334&fs=true&page=2
Outlets & Accessories	495334	3	https://www.amazon.com/s?rh=n:495334&fs=true&page=3
Outlets & Accessories	495334	4	https://www.amazon.com/s?rh=n:495334&fs=true&page=4
Outlets & Accessories	495334	5	https://www.amazon.com/s?rh=n:495334&fs=true&page=5
Outlets & Accessories	495334	6	https://www.amazon.com/s?rh=n:495334&fs=true&page=6
Outlets & Accessories	495334	7	https://www.amazon.com/s?rh=n:495334&fs=true&page=7
Outlets & Accessories	495334	8	https://www.amazon.com/s?rh=n:495334&fs=true&page=8
Outlets & Accessories	495334	9	https://www.amazon.com/s?rh=n:495334&fs=true&page=9
Outlets & Accessories	495334	10	https://www.amazon.com/s?rh=n:495334&fs=true&page=10
Plugs	6396120011	1	https://www.amazon.com/s?rh=n:6396120011&fs=true&page=1
Plugs	6396120011	2	https://www.amazon.com/s?rh=n:6396120011&fs=true&page=2
Plugs	6396120011	3	https://www.amazon.com/s?rh=n:6396120011&fs=true&page=3
Plugs	6396120011	4	https://www.amazon.com/s?rh=n:6396120011&fs=true&page=4
Plugs	6396120011	5	https://www.amazon.com/s?rh=n:6396120011&fs=true&page=5
Plugs	6396120011	6	https://www.amazon.com/s?rh=n:6396120011&fs=true&page=6
Plugs	6396120011	7	https://www.amazon.com/s?rh=n:6396120011&fs=true&page=7
Plugs	6396120011	8	https://www.amazon.com/s?rh=n:6396120011&fs=true&page=8
Plugs	6396120011	9	https://www.amazon.com/s?rh=n:6396120011&fs=true&page=9
Plugs	6396120011	10	https://www.amazon.com/s?rh=n:6396120011&fs=true&page=10
Power Strips & Surge Protectors	17854127011	1	https://www.amazon.com/s?rh=n:17854127011&fs=true&page=1
Power Strips & Surge Protectors	17854127011	2	https://www.amazon.com/s?rh=n:17854127011&fs=true&page=2
Power Strips & Surge Protectors	17854127011	3	https://www.amazon.com/s?rh=n:17854127011&fs=true&page=3
Power Strips & Surge Protectors	17854127011	4	https://www.amazon.com/s?rh=n:17854127011&fs=true&page=4
Power Strips & Surge Protectors	17854127011	5	https://www.amazon.com/s?rh=n:17854127011&fs=true&page=5
Power Strips & Surge Protectors	17854127011	6	https://www.amazon.com/s?rh=n:17854127011&fs=true&page=6
Power Strips & Surge Protectors	17854127011	7	https://www.amazon.com/s?rh=n:17854127011&fs=true&page=7
Power Strips & Surge Protectors	17854127011	8	https://www.amazon.com/s?rh=n:17854127011&fs=true&page=8
Power Strips & Surge Protectors	17854127011	9	https://www.amazon.com/s?rh=n:17854127011&fs=true&page=9
Power Strips & Surge Protectors	17854127011	10	https://www.amazon.com/s?rh=n:17854127011&fs=true&page=10
Recessed Lighting	3736711	1	https://www.amazon.com/s?rh=n:3736711&fs=true&page=1
Recessed Lighting	3736711	2	https://www.amazon.com/s?rh=n:3736711&fs=true&page=2
Recessed Lighting	3736711	3	https://www.amazon.com/s?rh=n:3736711&fs=true&page=3
Recessed Lighting	3736711	4	https://www.amazon.com/s?rh=n:3736711&fs=true&page=4
Recessed Lighting	3736711	5	https://www.amazon.com/s?rh=n:3736711&fs=true&page=5
Recessed Lighting	3736711	6	https://www.amazon.com/s?rh=n:3736711&fs=true&page=6
Recessed Lighting	3736711	7	https://www.amazon.com/s?rh=n:3736711&fs=true&page=7
Recessed Lighting	3736711	8	https://www.amazon.com/s?rh=n:3736711&fs=true&page=8
Recessed Lighting	3736711	9	https://www.amazon.com/s?rh=n:3736711&fs=true&page=9
Recessed Lighting	3736711	10	https://www.amazon.com/s?rh=n:3736711&fs=true&page=10
Switches & Dimmers	495324	1	https://www.amazon.com/s?rh=n:495324&fs=true&page=1
Switches & Dimmers	495324	2	https://www.amazon.com/s?rh=n:495324&fs=true&page=2
Switches & Dimmers	495324	3	https://www.amazon.com/s?rh=n:495324&fs=true&page=3
Switches & Dimmers	495324	4	https://www.amazon.com/s?rh=n:495324&fs=true&page=4
Switches & Dimmers	495324	5	https://www.amazon.com/s?rh=n:495324&fs=true&page=5
Switches & Dimmers	495324	6	https://www.amazon.com/s?rh=n:495324&fs=true&page=6
Switches & Dimmers	495324	7	https://www.amazon.com/s?rh=n:495324&fs=true&page=7
Switches & Dimmers	495324	8	https://www.amazon.com/s?rh=n:495324&fs=true&page=8
Switches & Dimmers	495324	9	https://www.amazon.com/s?rh=n:495324&fs=true&page=9
Switches & Dimmers	495324	10	https://www.amazon.com/s?rh=n:495324&fs=true&page=10
Testers	495336	1	https://www.amazon.com/s?rh=n:495336&fs=true&page=1
Testers	495336	2	https://www.amazon.com/s?rh=n:495336&fs=true&page=2
Testers	495336	3	https://www.amazon.com/s?rh=n:495336&fs=true&page=3
Testers	495336	4	https://www.amazon.com/s?rh=n:495336&fs=true&page=4
Testers	495336	5	https://www.amazon.com/s?rh=n:495336&fs=true&page=5
Testers	495336	6	https://www.amazon.com/s?rh=n:495336&fs=true&page=6
Testers	495336	7	https://www.amazon.com/s?rh=n:495336&fs=true&page=7
Testers	495336	8	https://www.amazon.com/s?rh=n:495336&fs=true&page=8
Testers	495336	9	https://www.amazon.com/s?rh=n:495336&fs=true&page=9
Testers	495336	10	https://www.amazon.com/s?rh=n:495336&fs=true&page=10
Timers	495340	1	https://www.amazon.com/s?rh=n:495340&fs=true&page=1
Timers	495340	2	https://www.amazon.com/s?rh=n:495340&fs=true&page=2
Timers	495340	3	https://www.amazon.com/s?rh=n:495340&fs=true&page=3
Timers	495340	4	https://www.amazon.com/s?rh=n:495340&fs=true&page=4
Timers	495340	5	https://www.amazon.com/s?rh=n:495340&fs=true&page=5
Timers	495340	6	https://www.amazon.com/s?rh=n:495340&fs=true&page=6
Timers	495340	7	https://www.amazon.com/s?rh=n:495340&fs=true&page=7
Timers	495340	8	https://www.amazon.com/s?rh=n:495340&fs=true&page=8
Timers	495340	9	https://www.amazon.com/s?rh=n:495340&fs=true&page=9
Timers	495340	10	https://www.amazon.com/s?rh=n:495340&fs=true&page=10
Tools & Hardware	6396126011	1	https://www.amazon.com/s?rh=n:6396126011&fs=true&page=1
Tools & Hardware	6396126011	2	https://www.amazon.com/s?rh=n:6396126011&fs=true&page=2
Tools & Hardware	6396126011	3	https://www.amazon.com/s?rh=n:6396126011&fs=true&page=3
Tools & Hardware	6396126011	4	https://www.amazon.com/s?rh=n:6396126011&fs=true&page=4
Tools & Hardware	6396126011	5	https://www.amazon.com/s?rh=n:6396126011&fs=true&page=5
Tools & Hardware	6396126011	6	https://www.amazon.com/s?rh=n:6396126011&fs=true&page=6
Tools & Hardware	6396126011	7	https://www.amazon.com/s?rh=n:6396126011&fs=true&page=7
Tools & Hardware	6396126011	8	https://www.amazon.com/s?rh=n:6396126011&fs=true&page=8
Tools & Hardware	6396126011	9	https://www.amazon.com/s?rh=n:6396126011&fs=true&page=9
Tools & Hardware	6396126011	10	https://www.amazon.com/s?rh=n:6396126011&fs=true&page=10
Travel Adapters	10967761	1	https://www.amazon.com/s?rh=n:10967761&fs=true&page=1
Travel Adapters	10967761	2	https://www.amazon.com/s?rh=n:10967761&fs=true&page=2
Travel Adapters	10967761	3	https://www.amazon.com/s?rh=n:10967761&fs=true&page=3
Travel Adapters	10967761	4	https://www.amazon.com/s?rh=n:10967761&fs=true&page=4
Travel Adapters	10967761	5	https://www.amazon.com/s?rh=n:10967761&fs=true&page=5
Travel Adapters	10967761	6	https://www.amazon.com/s?rh=n:10967761&fs=true&page=6
Travel Adapters	10967761	7	https://www.amazon.com/s?rh=n:10967761&fs=true&page=7
Travel Adapters	10967761	8	https://www.amazon.com/s?rh=n:10967761&fs=true&page=8
Travel Adapters	10967761	9	https://www.amazon.com/s?rh=n:10967761&fs=true&page=9
Travel Adapters	10967761	10	https://www.amazon.com/s?rh=n:10967761&fs=true&page=10
Wall Plates & Accessories	6497674011	1	https://www.amazon.com/s?rh=n:6497674011&fs=true&page=1
Wall Plates & Accessories	6497674011	2	https://www.amazon.com/s?rh=n:6497674011&fs=true&page=2
Wall Plates & Accessories	6497674011	3	https://www.amazon.com/s?rh=n:6497674011&fs=true&page=3
Wall Plates & Accessories	6497674011	4	https://www.amazon.com/s?rh=n:6497674011&fs=true&page=4
Wall Plates & Accessories	6497674011	5	https://www.amazon.com/s?rh=n:6497674011&fs=true&page=5
Wall Plates & Accessories	6497674011	6	https://www.amazon.com/s?rh=n:6497674011&fs=true&page=6
Wall Plates & Accessories	6497674011	7	https://www.amazon.com/s?rh=n:6497674011&fs=true&page=7
Wall Plates & Accessories	6497674011	8	https://www.amazon.com/s?rh=n:6497674011&fs=true&page=8
Wall Plates & Accessories	6497674011	9	https://www.amazon.com/s?rh=n:6497674011&fs=true&page=9
Wall Plates & Accessories	6497674011	10	https://www.amazon.com/s?rh=n:6497674011&fs=true&page=10
Adhesives & Sealers	13397651	1	https://www.amazon.com/s?rh=n:13397651&fs=true&page=1
Adhesives & Sealers	13397651	2	https://www.amazon.com/s?rh=n:13397651&fs=true&page=2
Adhesives & Sealers	13397651	3	https://www.amazon.com/s?rh=n:13397651&fs=true&page=3
Adhesives & Sealers	13397651	4	https://www.amazon.com/s?rh=n:13397651&fs=true&page=4
Adhesives & Sealers	13397651	5	https://www.amazon.com/s?rh=n:13397651&fs=true&page=5
Adhesives & Sealers	13397651	6	https://www.amazon.com/s?rh=n:13397651&fs=true&page=6
Adhesives & Sealers	13397651	7	https://www.amazon.com/s?rh=n:13397651&fs=true&page=7
Adhesives & Sealers	13397651	8	https://www.amazon.com/s?rh=n:13397651&fs=true&page=8
Adhesives & Sealers	13397651	9	https://www.amazon.com/s?rh=n:13397651&fs=true&page=9
Adhesives & Sealers	13397651	10	https://www.amazon.com/s?rh=n:13397651&fs=true&page=10
Bathroom Hardware	3755001	1	https://www.amazon.com/s?rh=n:3755001&fs=true&page=1
Bathroom Hardware	3755001	2	https://www.amazon.com/s?rh=n:3755001&fs=true&page=2
Bathroom Hardware	3755001	3	https://www.amazon.com/s?rh=n:3755001&fs=true&page=3
Bathroom Hardware	3755001	4	https://www.amazon.com/s?rh=n:3755001&fs=true&page=4
Bathroom Hardware	3755001	5	https://www.amazon.com/s?rh=n:3755001&fs=true&page=5
Bathroom Hardware	3755001	6	https://www.amazon.com/s?rh=n:3755001&fs=true&page=6
Bathroom Hardware	3755001	7	https://www.amazon.com/s?rh=n:3755001&fs=true&page=7
Bathroom Hardware	3755001	8	https://www.amazon.com/s?rh=n:3755001&fs=true&page=8
Bathroom Hardware	3755001	9	https://www.amazon.com/s?rh=n:3755001&fs=true&page=9
Bathroom Hardware	3755001	10	https://www.amazon.com/s?rh=n:3755001&fs=true&page=10
Cabinet Hardware	2380871011	1	https://www.amazon.com/s?rh=n:2380871011&fs=true&page=1
Cabinet Hardware	2380871011	2	https://www.amazon.com/s?rh=n:2380871011&fs=true&page=2
Cabinet Hardware	2380871011	3	https://www.amazon.com/s?rh=n:2380871011&fs=true&page=3
Cabinet Hardware	2380871011	4	https://www.amazon.com/s?rh=n:2380871011&fs=true&page=4
Cabinet Hardware	2380871011	5	https://www.amazon.com/s?rh=n:2380871011&fs=true&page=5
Cabinet Hardware	2380871011	6	https://www.amazon.com/s?rh=n:2380871011&fs=true&page=6
Cabinet Hardware	2380871011	7	https://www.amazon.com/s?rh=n:2380871011&fs=true&page=7
Cabinet Hardware	2380871011	8	https://www.amazon.com/s?rh=n:2380871011&fs=true&page=8
Cabinet Hardware	2380871011	9	https://www.amazon.com/s?rh=n:2380871011&fs=true&page=9
Cabinet Hardware	2380871011	10	https://www.amazon.com/s?rh=n:2380871011&fs=true&page=10
Clock Hardware	17568921011	1	https://www.amazon.com/s?rh=n:17568921011&fs=true&page=1
Clock Hardware	17568921011	2	https://www.amazon.com/s?rh=n:17568921011&fs=true&page=2
Clock Hardware	17568921011	3	https://www.amazon.com/s?rh=n:17568921011&fs=true&page=3
Clock Hardware	17568921011	4	https://www.amazon.com/s?rh=n:17568921011&fs=true&page=4
Clock Hardware	17568921011	5	https://www.amazon.com/s?rh=n:17568921011&fs=true&page=5
Clock Hardware	17568921011	6	https://www.amazon.com/s?rh=n:17568921011&fs=true&page=6
Clock Hardware	17568921011	7	https://www.amazon.com/s?rh=n:17568921011&fs=true&page=7
Clock Hardware	17568921011	8	https://www.amazon.com/s?rh=n:17568921011&fs=true&page=8
Clock Hardware	17568921011	9	https://www.amazon.com/s?rh=n:17568921011&fs=true&page=9
Clock Hardware	17568921011	10	https://www.amazon.com/s?rh=n:17568921011&fs=true&page=10
Door Hardware & Locks	511276	1	https://www.amazon.com/s?rh=n:511276&fs=true&page=1
Door Hardware & Locks	511276	2	https://www.amazon.com/s?rh=n:511276&fs=true&page=2
Door Hardware & Locks	511276	3	https://www.amazon.com/s?rh=n:511276&fs=true&page=3
Door Hardware & Locks	511276	4	https://www.amazon.com/s?rh=n:511276&fs=true&page=4
Door Hardware & Locks	511276	5	https://www.amazon.com/s?rh=n:511276&fs=true&page=5
Door Hardware & Locks	511276	6	https://www.amazon.com/s?rh=n:511276&fs=true&page=6
Door Hardware & Locks	511276	7	https://www.amazon.com/s?rh=n:511276&fs=true&page=7
Door Hardware & Locks	511276	8	https://www.amazon.com/s?rh=n:511276&fs=true&page=8
Door Hardware & Locks	511276	9	https://www.amazon.com/s?rh=n:511276&fs=true&page=9
Door Hardware & Locks	511276	10	https://www.amazon.com/s?rh=n:511276&fs=true&page=10
Fasteners	383599011	1	https://www.amazon.com/s?rh=n:383599011&fs=true&page=1
Fasteners	383599011	2	https://www.amazon.com/s?rh=n:383599011&fs=true&page=2
Fasteners	383599011	3	https://www.amazon.com/s?rh=n:383599011&fs=true&page=3
Fasteners	383599011	4	https://www.amazon.com/s?rh=n:383599011&fs=true&page=4
Fasteners	383599011	5	https://www.amazon.com/s?rh=n:383599011&fs=true&page=5
Fasteners	383599011	6	https://www.amazon.com/s?rh=n:383599011&fs=true&page=6
Fasteners	383599011	7	https://www.amazon.com/s?rh=n:383599011&fs=true&page=7
Fasteners	383599011	8	https://www.amazon.com/s?rh=n:383599011&fs=true&page=8
Fasteners	383599011	9	https://www.amazon.com/s?rh=n:383599011&fs=true&page=9
Fasteners	383599011	10	https://www.amazon.com/s?rh=n:383599011&fs=true&page=10
Flashlights	3180261	1	https://www.amazon.com/s?rh=n:3180261&fs=true&page=1
Flashlights	3180261	2	https://www.amazon.com/s?rh=n:3180261&fs=true&page=2
Flashlights	3180261	3	https://www.amazon.com/s?rh=n:3180261&fs=true&page=3
Flashlights	3180261	4	https://www.amazon.com/s?rh=n:3180261&fs=true&page=4
Flashlights	3180261	5	https://www.amazon.com/s?rh=n:3180261&fs=true&page=5
Flashlights	3180261	6	https://www.amazon.com/s?rh=n:3180261&fs=true&page=6
Flashlights	3180261	7	https://www.amazon.com/s?rh=n:3180261&fs=true&page=7
Flashlights	3180261	8	https://www.amazon.com/s?rh=n:3180261&fs=true&page=8
Flashlights	3180261	9	https://www.amazon.com/s?rh=n:3180261&fs=true&page=9
Flashlights	3180261	10	https://www.amazon.com/s?rh=n:3180261&fs=true&page=10
Furniture Hardware	2380872011	1	https://www.amazon.com/s?rh=n:2380872011&fs=true&page=1
Furniture Hardware	2380872011	2	https://www.amazon.com/s?rh=n:2380872011&fs=true&page=2
Furniture Hardware	2380872011	3	https://www.amazon.com/s?rh=n:2380872011&fs=true&page=3
Furniture Hardware	2380872011	4	https://www.amazon.com/s?rh=n:2380872011&fs=true&page=4
Furniture Hardware	2380872011	5	https://www.amazon.com/s?rh=n:2380872011&fs=true&page=5
Furniture Hardware	2380872011	6	https://www.amazon.com/s?rh=n:2380872011&fs=true&page=6
Furniture Hardware	2380872011	7	https://www.amazon.com/s?rh=n:2380872011&fs=true&page=7
Furniture Hardware	2380872011	8	https://www.amazon.com/s?rh=n:2380872011&fs=true&page=8
Furniture Hardware	2380872011	9	https://www.amazon.com/s?rh=n:2380872011&fs=true&page=9
Furniture Hardware	2380872011	10	https://www.amazon.com/s?rh=n:2380872011&fs=true&page=10
Gate Hardware	511364	1	https://www.amazon.com/s?rh=n:511364&fs=true&page=1
Gate Hardware	511364	2	https://www.amazon.com/s?rh=n:511364&fs=true&page=2
Gate Hardware	511364	3	https://www.amazon.com/s?rh=n:511364&fs=true&page=3
Gate Hardware	511364	4	https://www.amazon.com/s?rh=n:511364&fs=true&page=4
Gate Hardware	511364	5	https://www.amazon.com/s?rh=n:511364&fs=true&page=5
Gate Hardware	511364	6	https://www.amazon.com/s?rh=n:511364&fs=true&page=6
Gate Hardware	511364	7	https://www.amazon.com/s?rh=n:511364&fs=true&page=7
Gate Hardware	511364	8	https://www.amazon.com/s?rh=n:511364&fs=true&page=8
Gate Hardware	511364	9	https://www.amazon.com/s?rh=n:511364&fs=true&page=9
Gate Hardware	511364	10	https://www.amazon.com/s?rh=n:511364&fs=true&page=10
House Numbers, Plaques & Signs	21579610011	1	https://www.amazon.com/s?rh=n:21579610011&fs=true&page=1
House Numbers, Plaques & Signs	21579610011	2	https://www.amazon.com/s?rh=n:21579610011&fs=true&page=2
House Numbers, Plaques & Signs	21579610011	3	https://www.amazon.com/s?rh=n:21579610011&fs=true&page=3
House Numbers, Plaques & Signs	21579610011	4	https://www.amazon.com/s?rh=n:21579610011&fs=true&page=4
House Numbers, Plaques & Signs	21579610011	5	https://www.amazon.com/s?rh=n:21579610011&fs=true&page=5
House Numbers, Plaques & Signs	21579610011	6	https://www.amazon.com/s?rh=n:21579610011&fs=true&page=6
House Numbers, Plaques & Signs	21579610011	7	https://www.amazon.com/s?rh=n:21579610011&fs=true&page=7
House Numbers, Plaques & Signs	21579610011	8	https://www.amazon.com/s?rh=n:21579610011&fs=true&page=8
House Numbers, Plaques & Signs	21579610011	9	https://www.amazon.com/s?rh=n:21579610011&fs=true&page=9
House Numbers, Plaques & Signs	21579610011	10	https://www.amazon.com/s?rh=n:21579610011&fs=true&page=10
Mailboxes & Accessories	3742321	1	https://www.amazon.com/s?rh=n:3742321&fs=true&page=1
Mailboxes & Accessories	3742321	2	https://www.amazon.com/s?rh=n:3742321&fs=true&page=2
Mailboxes & Accessories	3742321	3	https://www.amazon.com/s?rh=n:3742321&fs=true&page=3
Mailboxes & Accessories	3742321	4	https://www.amazon.com/s?rh=n:3742321&fs=true&page=4
Mailboxes & Accessories	3742321	5	https://www.amazon.com/s?rh=n:3742321&fs=true&page=5
Mailboxes & Accessories	3742321	6	https://www.amazon.com/s?rh=n:3742321&fs=true&page=6
Mailboxes & Accessories	3742321	7	https://www.amazon.com/s?rh=n:3742321&fs=true&page=7
Mailboxes & Accessories	3742321	8	https://www.amazon.com/s?rh=n:3742321&fs=true&page=8
Mailboxes & Accessories	3742321	9	https://www.amazon.com/s?rh=n:3742321&fs=true&page=9
Mailboxes & Accessories	3742321	10	https://www.amazon.com/s?rh=n:3742321&fs=true&page=10
Padlocks & Hasps	511378	1	https://www.amazon.com/s?rh=n:511378&fs=true&page=1
Padlocks & Hasps	511378	2	https://www.amazon.com/s?rh=n:511378&fs=true&page=2
Padlocks & Hasps	511378	3	https://www.amazon.com/s?rh=n:511378&fs=true&page=3
Padlocks & Hasps	511378	4	https://www.amazon.com/s?rh=n:511378&fs=true&page=4
Padlocks & Hasps	511378	5	https://www.amazon.com/s?rh=n:511378&fs=true&page=5
Padlocks & Hasps	511378	6	https://www.amazon.com/s?rh=n:511378&fs=true&page=6
Padlocks & Hasps	511378	7	https://www.amazon.com/s?rh=n:511378&fs=true&page=7
Padlocks & Hasps	511378	8	https://www.amazon.com/s?rh=n:511378&fs=true&page=8
Padlocks & Hasps	511378	9	https://www.amazon.com/s?rh=n:511378&fs=true&page=9
Padlocks & Hasps	511378	10	https://www.amazon.com/s?rh=n:511378&fs=true&page=10
Plugs	2257857011	1	https://www.amazon.com/s?rh=n:2257857011&fs=true&page=1
Plugs	2257857011	2	https://www.amazon.com/s?rh=n:2257857011&fs=true&page=2
Plugs	2257857011	3	https://www.amazon.com/s?rh=n:2257857011&fs=true&page=3
Plugs	2257857011	4	https://www.amazon.com/s?rh=n:2257857011&fs=true&page=4
Plugs	2257857011	5	https://www.amazon.com/s?rh=n:2257857011&fs=true&page=5
Plugs	2257857011	6	https://www.amazon.com/s?rh=n:2257857011&fs=true&page=6
Plugs	2257857011	7	https://www.amazon.com/s?rh=n:2257857011&fs=true&page=7
Plugs	2257857011	8	https://www.amazon.com/s?rh=n:2257857011&fs=true&page=8
Plugs	2257857011	9	https://www.amazon.com/s?rh=n:2257857011&fs=true&page=9
Plugs	2257857011	10	https://www.amazon.com/s?rh=n:2257857011&fs=true&page=10
Shelf Brackets & Supports	517826	1	https://www.amazon.com/s?rh=n:517826&fs=true&page=1
Shelf Brackets & Supports	517826	2	https://www.amazon.com/s?rh=n:517826&fs=true&page=2
Shelf Brackets & Supports	517826	3	https://www.amazon.com/s?rh=n:517826&fs=true&page=3
Shelf Brackets & Supports	517826	4	https://www.amazon.com/s?rh=n:517826&fs=true&page=4
Shelf Brackets & Supports	517826	5	https://www.amazon.com/s?rh=n:517826&fs=true&page=5
Shelf Brackets & Supports	517826	6	https://www.amazon.com/s?rh=n:517826&fs=true&page=6
Shelf Brackets & Supports	517826	7	https://www.amazon.com/s?rh=n:517826&fs=true&page=7
Shelf Brackets & Supports	517826	8	https://www.amazon.com/s?rh=n:517826&fs=true&page=8
Shelf Brackets & Supports	517826	9	https://www.amazon.com/s?rh=n:517826&fs=true&page=9
Shelf Brackets & Supports	517826	10	https://www.amazon.com/s?rh=n:517826&fs=true&page=10
Tarps & Tie-Downs	511388	1	https://www.amazon.com/s?rh=n:511388&fs=true&page=1
Tarps & Tie-Downs	511388	2	https://www.amazon.com/s?rh=n:511388&fs=true&page=2
Tarps & Tie-Downs	511388	3	https://www.amazon.com/s?rh=n:511388&fs=true&page=3
Tarps & Tie-Downs	511388	4	https://www.amazon.com/s?rh=n:511388&fs=true&page=4
Tarps & Tie-Downs	511388	5	https://www.amazon.com/s?rh=n:511388&fs=true&page=5
Tarps & Tie-Downs	511388	6	https://www.amazon.com/s?rh=n:511388&fs=true&page=6
Tarps & Tie-Downs	511388	7	https://www.amazon.com/s?rh=n:511388&fs=true&page=7
Tarps & Tie-Downs	511388	8	https://www.amazon.com/s?rh=n:511388&fs=true&page=8
Tarps & Tie-Downs	511388	9	https://www.amazon.com/s?rh=n:511388&fs=true&page=9
Tarps & Tie-Downs	511388	10	https://www.amazon.com/s?rh=n:511388&fs=true&page=10
Ballasts	5789850011	1	https://www.amazon.com/s?rh=n:5789850011&fs=true&page=1
Ballasts	5789850011	2	https://www.amazon.com/s?rh=n:5789850011&fs=true&page=2
Ballasts	5789850011	3	https://www.amazon.com/s?rh=n:5789850011&fs=true&page=3
Ballasts	5789850011	4	https://www.amazon.com/s?rh=n:5789850011&fs=true&page=4
Ballasts	5789850011	5	https://www.amazon.com/s?rh=n:5789850011&fs=true&page=5
Ballasts	5789850011	6	https://www.amazon.com/s?rh=n:5789850011&fs=true&page=6
Ballasts	5789850011	7	https://www.amazon.com/s?rh=n:5789850011&fs=true&page=7
Ballasts	5789850011	8	https://www.amazon.com/s?rh=n:5789850011&fs=true&page=8
Ballasts	5789850011	9	https://www.amazon.com/s?rh=n:5789850011&fs=true&page=9
Ballasts	5789850011	10	https://www.amazon.com/s?rh=n:5789850011&fs=true&page=10
Window Hardware	517828	1	https://www.amazon.com/s?rh=n:517828&fs=true&page=1
Window Hardware	517828	2	https://www.amazon.com/s?rh=n:517828&fs=true&page=2
Window Hardware	517828	3	https://www.amazon.com/s?rh=n:517828&fs=true&page=3
Window Hardware	517828	4	https://www.amazon.com/s?rh=n:517828&fs=true&page=4
Window Hardware	517828	5	https://www.amazon.com/s?rh=n:517828&fs=true&page=5
Window Hardware	517828	6	https://www.amazon.com/s?rh=n:517828&fs=true&page=6
Window Hardware	517828	7	https://www.amazon.com/s?rh=n:517828&fs=true&page=7
Window Hardware	517828	8	https://www.amazon.com/s?rh=n:517828&fs=true&page=8
Window Hardware	517828	9	https://www.amazon.com/s?rh=n:517828&fs=true&page=9
Window Hardware	517828	10	https://www.amazon.com/s?rh=n:517828&fs=true&page=10
Picture Hangers	511352	1	https://www.amazon.com/s?rh=n:511352&fs=true&page=1
Picture Hangers	511352	2	https://www.amazon.com/s?rh=n:511352&fs=true&page=2
Picture Hangers	511352	3	https://www.amazon.com/s?rh=n:511352&fs=true&page=3
Picture Hangers	511352	4	https://www.amazon.com/s?rh=n:511352&fs=true&page=4
Picture Hangers	511352	5	https://www.amazon.com/s?rh=n:511352&fs=true&page=5
Picture Hangers	511352	6	https://www.amazon.com/s?rh=n:511352&fs=true&page=6
Picture Hangers	511352	7	https://www.amazon.com/s?rh=n:511352&fs=true&page=7
Picture Hangers	511352	8	https://www.amazon.com/s?rh=n:511352&fs=true&page=8
Picture Hangers	511352	9	https://www.amazon.com/s?rh=n:511352&fs=true&page=9
Picture Hangers	511352	10	https://www.amazon.com/s?rh=n:511352&fs=true&page=10
Dimensional Measurement	4989299011	1	https://www.amazon.com/s?rh=n:4989299011&fs=true&page=1
Dimensional Measurement	4989299011	2	https://www.amazon.com/s?rh=n:4989299011&fs=true&page=2
Dimensional Measurement	4989299011	3	https://www.amazon.com/s?rh=n:4989299011&fs=true&page=3
Dimensional Measurement	4989299011	4	https://www.amazon.com/s?rh=n:4989299011&fs=true&page=4
Dimensional Measurement	4989299011	5	https://www.amazon.com/s?rh=n:4989299011&fs=true&page=5
Dimensional Measurement	4989299011	6	https://www.amazon.com/s?rh=n:4989299011&fs=true&page=6
Dimensional Measurement	4989299011	7	https://www.amazon.com/s?rh=n:4989299011&fs=true&page=7
Dimensional Measurement	4989299011	8	https://www.amazon.com/s?rh=n:4989299011&fs=true&page=8
Dimensional Measurement	4989299011	9	https://www.amazon.com/s?rh=n:4989299011&fs=true&page=9
Dimensional Measurement	4989299011	10	https://www.amazon.com/s?rh=n:4989299011&fs=true&page=10
Calipers	256411011	1	https://www.amazon.com/s?rh=n:256411011&fs=true&page=1
Calipers	256411011	2	https://www.amazon.com/s?rh=n:256411011&fs=true&page=2
Calipers	256411011	3	https://www.amazon.com/s?rh=n:256411011&fs=true&page=3
Calipers	256411011	4	https://www.amazon.com/s?rh=n:256411011&fs=true&page=4
Calipers	256411011	5	https://www.amazon.com/s?rh=n:256411011&fs=true&page=5
Calipers	256411011	6	https://www.amazon.com/s?rh=n:256411011&fs=true&page=6
Calipers	256411011	7	https://www.amazon.com/s?rh=n:256411011&fs=true&page=7
Calipers	256411011	8	https://www.amazon.com/s?rh=n:256411011&fs=true&page=8
Calipers	256411011	9	https://www.amazon.com/s?rh=n:256411011&fs=true&page=9
Calipers	256411011	10	https://www.amazon.com/s?rh=n:256411011&fs=true&page=10
Laser Levels & Accessories	11646386011	1	https://www.amazon.com/s?rh=n:11646386011&fs=true&page=1
Laser Levels & Accessories	11646386011	2	https://www.amazon.com/s?rh=n:11646386011&fs=true&page=2
Laser Levels & Accessories	11646386011	3	https://www.amazon.com/s?rh=n:11646386011&fs=true&page=3
Laser Levels & Accessories	11646386011	4	https://www.amazon.com/s?rh=n:11646386011&fs=true&page=4
Laser Levels & Accessories	11646386011	5	https://www.amazon.com/s?rh=n:11646386011&fs=true&page=5
Laser Levels & Accessories	11646386011	6	https://www.amazon.com/s?rh=n:11646386011&fs=true&page=6
Laser Levels & Accessories	11646386011	7	https://www.amazon.com/s?rh=n:11646386011&fs=true&page=7
Laser Levels & Accessories	11646386011	8	https://www.amazon.com/s?rh=n:11646386011&fs=true&page=8
Laser Levels & Accessories	11646386011	9	https://www.amazon.com/s?rh=n:11646386011&fs=true&page=9
Laser Levels & Accessories	11646386011	10	https://www.amazon.com/s?rh=n:11646386011&fs=true&page=10
Levels	553256	1	https://www.amazon.com/s?rh=n:553256&fs=true&page=1
Levels	553256	2	https://www.amazon.com/s?rh=n:553256&fs=true&page=2
Levels	553256	3	https://www.amazon.com/s?rh=n:553256&fs=true&page=3
Levels	553256	4	https://www.amazon.com/s?rh=n:553256&fs=true&page=4
Levels	553256	5	https://www.amazon.com/s?rh=n:553256&fs=true&page=5
Levels	553256	6	https://www.amazon.com/s?rh=n:553256&fs=true&page=6
Levels	553256	7	https://www.amazon.com/s?rh=n:553256&fs=true&page=7
Levels	553256	8	https://www.amazon.com/s?rh=n:553256&fs=true&page=8
Levels	553256	9	https://www.amazon.com/s?rh=n:553256&fs=true&page=9
Levels	553256	10	https://www.amazon.com/s?rh=n:553256&fs=true&page=10
Linear Measurement	11646393011	1	https://www.amazon.com/s?rh=n:11646393011&fs=true&page=1
Linear Measurement	11646393011	2	https://www.amazon.com/s?rh=n:11646393011&fs=true&page=2
Linear Measurement	11646393011	3	https://www.amazon.com/s?rh=n:11646393011&fs=true&page=3
Linear Measurement	11646393011	4	https://www.amazon.com/s?rh=n:11646393011&fs=true&page=4
Linear Measurement	11646393011	5	https://www.amazon.com/s?rh=n:11646393011&fs=true&page=5
Linear Measurement	11646393011	6	https://www.amazon.com/s?rh=n:11646393011&fs=true&page=6
Linear Measurement	11646393011	7	https://www.amazon.com/s?rh=n:11646393011&fs=true&page=7
Linear Measurement	11646393011	8	https://www.amazon.com/s?rh=n:11646393011&fs=true&page=8
Linear Measurement	11646393011	9	https://www.amazon.com/s?rh=n:11646393011&fs=true&page=9
Linear Measurement	11646393011	10	https://www.amazon.com/s?rh=n:11646393011&fs=true&page=10
Marking Tools	553268	1	https://www.amazon.com/s?rh=n:553268&fs=true&page=1
Marking Tools	553268	2	https://www.amazon.com/s?rh=n:553268&fs=true&page=2
Marking Tools	553268	3	https://www.amazon.com/s?rh=n:553268&fs=true&page=3
Marking Tools	553268	4	https://www.amazon.com/s?rh=n:553268&fs=true&page=4
Marking Tools	553268	5	https://www.amazon.com/s?rh=n:553268&fs=true&page=5
Marking Tools	553268	6	https://www.amazon.com/s?rh=n:553268&fs=true&page=6
Marking Tools	553268	7	https://www.amazon.com/s?rh=n:553268&fs=true&page=7
Marking Tools	553268	8	https://www.amazon.com/s?rh=n:553268&fs=true&page=8
Marking Tools	553268	9	https://www.amazon.com/s?rh=n:553268&fs=true&page=9
Marking Tools	553268	10	https://www.amazon.com/s?rh=n:553268&fs=true&page=10
Measuring Wheels	3753421	1	https://www.amazon.com/s?rh=n:3753421&fs=true&page=1
Measuring Wheels	3753421	2	https://www.amazon.com/s?rh=n:3753421&fs=true&page=2
Measuring Wheels	3753421	3	https://www.amazon.com/s?rh=n:3753421&fs=true&page=3
Measuring Wheels	3753421	4	https://www.amazon.com/s?rh=n:3753421&fs=true&page=4
Measuring Wheels	3753421	5	https://www.amazon.com/s?rh=n:3753421&fs=true&page=5
Measuring Wheels	3753421	6	https://www.amazon.com/s?rh=n:3753421&fs=true&page=6
Measuring Wheels	3753421	7	https://www.amazon.com/s?rh=n:3753421&fs=true&page=7
Measuring Wheels	3753421	8	https://www.amazon.com/s?rh=n:3753421&fs=true&page=8
Measuring Wheels	3753421	9	https://www.amazon.com/s?rh=n:3753421&fs=true&page=9
Measuring Wheels	3753421	10	https://www.amazon.com/s?rh=n:3753421&fs=true&page=10
Pipe Locators	3006708011	1	https://www.amazon.com/s?rh=n:3006708011&fs=true&page=1
Pipe Locators	3006708011	2	https://www.amazon.com/s?rh=n:3006708011&fs=true&page=2
Pipe Locators	3006708011	3	https://www.amazon.com/s?rh=n:3006708011&fs=true&page=3
Pipe Locators	3006708011	4	https://www.amazon.com/s?rh=n:3006708011&fs=true&page=4
Pipe Locators	3006708011	5	https://www.amazon.com/s?rh=n:3006708011&fs=true&page=5
Pipe Locators	3006708011	6	https://www.amazon.com/s?rh=n:3006708011&fs=true&page=6
Pipe Locators	3006708011	7	https://www.amazon.com/s?rh=n:3006708011&fs=true&page=7
Pipe Locators	3006708011	8	https://www.amazon.com/s?rh=n:3006708011&fs=true&page=8
Pipe Locators	3006708011	9	https://www.amazon.com/s?rh=n:3006708011&fs=true&page=9
Pipe Locators	3006708011	10	https://www.amazon.com/s?rh=n:3006708011&fs=true&page=10
Plumb Bobs	3006709011	1	https://www.amazon.com/s?rh=n:3006709011&fs=true&page=1
Plumb Bobs	3006709011	2	https://www.amazon.com/s?rh=n:3006709011&fs=true&page=2
Plumb Bobs	3006709011	3	https://www.amazon.com/s?rh=n:3006709011&fs=true&page=3
Plumb Bobs	3006709011	4	https://www.amazon.com/s?rh=n:3006709011&fs=true&page=4
Plumb Bobs	3006709011	5	https://www.amazon.com/s?rh=n:3006709011&fs=true&page=5
Plumb Bobs	3006709011	6	https://www.amazon.com/s?rh=n:3006709011&fs=true&page=6
Plumb Bobs	3006709011	7	https://www.amazon.com/s?rh=n:3006709011&fs=true&page=7
Plumb Bobs	3006709011	8	https://www.amazon.com/s?rh=n:3006709011&fs=true&page=8
Plumb Bobs	3006709011	9	https://www.amazon.com/s?rh=n:3006709011&fs=true&page=9
Plumb Bobs	3006709011	10	https://www.amazon.com/s?rh=n:3006709011&fs=true&page=10
Protractors	553274	1	https://www.amazon.com/s?rh=n:553274&fs=true&page=1
Protractors	553274	2	https://www.amazon.com/s?rh=n:553274&fs=true&page=2
Protractors	553274	3	https://www.amazon.com/s?rh=n:553274&fs=true&page=3
Protractors	553274	4	https://www.amazon.com/s?rh=n:553274&fs=true&page=4
Protractors	553274	5	https://www.amazon.com/s?rh=n:553274&fs=true&page=5
Protractors	553274	6	https://www.amazon.com/s?rh=n:553274&fs=true&page=6
Protractors	553274	7	https://www.amazon.com/s?rh=n:553274&fs=true&page=7
Protractors	553274	8	https://www.amazon.com/s?rh=n:553274&fs=true&page=8
Protractors	553274	9	https://www.amazon.com/s?rh=n:553274&fs=true&page=9
Protractors	553274	10	https://www.amazon.com/s?rh=n:553274&fs=true&page=10
Saw Gauges	552474	1	https://www.amazon.com/s?rh=n:552474&fs=true&page=1
Saw Gauges	552474	2	https://www.amazon.com/s?rh=n:552474&fs=true&page=2
Saw Gauges	552474	3	https://www.amazon.com/s?rh=n:552474&fs=true&page=3
Saw Gauges	552474	4	https://www.amazon.com/s?rh=n:552474&fs=true&page=4
Saw Gauges	552474	5	https://www.amazon.com/s?rh=n:552474&fs=true&page=5
Saw Gauges	552474	6	https://www.amazon.com/s?rh=n:552474&fs=true&page=6
Saw Gauges	552474	7	https://www.amazon.com/s?rh=n:552474&fs=true&page=7
Saw Gauges	552474	8	https://www.amazon.com/s?rh=n:552474&fs=true&page=8
Saw Gauges	552474	9	https://www.amazon.com/s?rh=n:552474&fs=true&page=9
Saw Gauges	552474	10	https://www.amazon.com/s?rh=n:552474&fs=true&page=10
Scanners & Testers	2380875011	1	https://www.amazon.com/s?rh=n:2380875011&fs=true&page=1
Scanners & Testers	2380875011	2	https://www.amazon.com/s?rh=n:2380875011&fs=true&page=2
Scanners & Testers	2380875011	3	https://www.amazon.com/s?rh=n:2380875011&fs=true&page=3
Scanners & Testers	2380875011	4	https://www.amazon.com/s?rh=n:2380875011&fs=true&page=4
Scanners & Testers	2380875011	5	https://www.amazon.com/s?rh=n:2380875011&fs=true&page=5
Scanners & Testers	2380875011	6	https://www.amazon.com/s?rh=n:2380875011&fs=true&page=6
Scanners & Testers	2380875011	7	https://www.amazon.com/s?rh=n:2380875011&fs=true&page=7
Scanners & Testers	2380875011	8	https://www.amazon.com/s?rh=n:2380875011&fs=true&page=8
Scanners & Testers	2380875011	9	https://www.amazon.com/s?rh=n:2380875011&fs=true&page=9
Scanners & Testers	2380875011	10	https://www.amazon.com/s?rh=n:2380875011&fs=true&page=10
Carpentry Squares	3006710011	1	https://www.amazon.com/s?rh=n:3006710011&fs=true&page=1
Carpentry Squares	3006710011	2	https://www.amazon.com/s?rh=n:3006710011&fs=true&page=2
Carpentry Squares	3006710011	3	https://www.amazon.com/s?rh=n:3006710011&fs=true&page=3
Carpentry Squares	3006710011	4	https://www.amazon.com/s?rh=n:3006710011&fs=true&page=4
Carpentry Squares	3006710011	5	https://www.amazon.com/s?rh=n:3006710011&fs=true&page=5
Carpentry Squares	3006710011	6	https://www.amazon.com/s?rh=n:3006710011&fs=true&page=6
Carpentry Squares	3006710011	7	https://www.amazon.com/s?rh=n:3006710011&fs=true&page=7
Carpentry Squares	3006710011	8	https://www.amazon.com/s?rh=n:3006710011&fs=true&page=8
Carpentry Squares	3006710011	9	https://www.amazon.com/s?rh=n:3006710011&fs=true&page=9
Carpentry Squares	3006710011	10	https://www.amazon.com/s?rh=n:3006710011&fs=true&page=10
Sound & Noise Meters	7701920011	1	https://www.amazon.com/s?rh=n:7701920011&fs=true&page=1
Sound & Noise Meters	7701920011	2	https://www.amazon.com/s?rh=n:7701920011&fs=true&page=2
Sound & Noise Meters	7701920011	3	https://www.amazon.com/s?rh=n:7701920011&fs=true&page=3
Sound & Noise Meters	7701920011	4	https://www.amazon.com/s?rh=n:7701920011&fs=true&page=4
Sound & Noise Meters	7701920011	5	https://www.amazon.com/s?rh=n:7701920011&fs=true&page=5
Sound & Noise Meters	7701920011	6	https://www.amazon.com/s?rh=n:7701920011&fs=true&page=6
Sound & Noise Meters	7701920011	7	https://www.amazon.com/s?rh=n:7701920011&fs=true&page=7
Sound & Noise Meters	7701920011	8	https://www.amazon.com/s?rh=n:7701920011&fs=true&page=8
Sound & Noise Meters	7701920011	9	https://www.amazon.com/s?rh=n:7701920011&fs=true&page=9
Sound & Noise Meters	7701920011	10	https://www.amazon.com/s?rh=n:7701920011&fs=true&page=10
Airflow & Air Quality	5006563011	1	https://www.amazon.com/s?rh=n:5006563011&fs=true&page=1
Airflow & Air Quality	5006563011	2	https://www.amazon.com/s?rh=n:5006563011&fs=true&page=2
Airflow & Air Quality	5006563011	3	https://www.amazon.com/s?rh=n:5006563011&fs=true&page=3
Airflow & Air Quality	5006563011	4	https://www.amazon.com/s?rh=n:5006563011&fs=true&page=4
Airflow & Air Quality	5006563011	5	https://www.amazon.com/s?rh=n:5006563011&fs=true&page=5
Airflow & Air Quality	5006563011	6	https://www.amazon.com/s?rh=n:5006563011&fs=true&page=6
Airflow & Air Quality	5006563011	7	https://www.amazon.com/s?rh=n:5006563011&fs=true&page=7
Airflow & Air Quality	5006563011	8	https://www.amazon.com/s?rh=n:5006563011&fs=true&page=8
Airflow & Air Quality	5006563011	9	https://www.amazon.com/s?rh=n:5006563011&fs=true&page=9
Airflow & Air Quality	5006563011	10	https://www.amazon.com/s?rh=n:5006563011&fs=true&page=10
Calibration	4989307011	1	https://www.amazon.com/s?rh=n:4989307011&fs=true&page=1
Calibration	4989307011	2	https://www.amazon.com/s?rh=n:4989307011&fs=true&page=2
Calibration	4989307011	3	https://www.amazon.com/s?rh=n:4989307011&fs=true&page=3
Calibration	4989307011	4	https://www.amazon.com/s?rh=n:4989307011&fs=true&page=4
Calibration	4989307011	5	https://www.amazon.com/s?rh=n:4989307011&fs=true&page=5
Calibration	4989307011	6	https://www.amazon.com/s?rh=n:4989307011&fs=true&page=6
Calibration	4989307011	7	https://www.amazon.com/s?rh=n:4989307011&fs=true&page=7
Calibration	4989307011	8	https://www.amazon.com/s?rh=n:4989307011&fs=true&page=8
Calibration	4989307011	9	https://www.amazon.com/s?rh=n:4989307011&fs=true&page=9
Calibration	4989307011	10	https://www.amazon.com/s?rh=n:4989307011&fs=true&page=10
Electrical Testing	5011659011	1	https://www.amazon.com/s?rh=n:5011659011&fs=true&page=1
Electrical Testing	5011659011	2	https://www.amazon.com/s?rh=n:5011659011&fs=true&page=2
Electrical Testing	5011659011	3	https://www.amazon.com/s?rh=n:5011659011&fs=true&page=3
Electrical Testing	5011659011	4	https://www.amazon.com/s?rh=n:5011659011&fs=true&page=4
Electrical Testing	5011659011	5	https://www.amazon.com/s?rh=n:5011659011&fs=true&page=5
Electrical Testing	5011659011	6	https://www.amazon.com/s?rh=n:5011659011&fs=true&page=6
Electrical Testing	5011659011	7	https://www.amazon.com/s?rh=n:5011659011&fs=true&page=7
Electrical Testing	5011659011	8	https://www.amazon.com/s?rh=n:5011659011&fs=true&page=8
Electrical Testing	5011659011	9	https://www.amazon.com/s?rh=n:5011659011&fs=true&page=9
Electrical Testing	5011659011	10	https://www.amazon.com/s?rh=n:5011659011&fs=true&page=10
Inspection & Analysis	4989315011	1	https://www.amazon.com/s?rh=n:4989315011&fs=true&page=1
Inspection & Analysis	4989315011	2	https://www.amazon.com/s?rh=n:4989315011&fs=true&page=2
Inspection & Analysis	4989315011	3	https://www.amazon.com/s?rh=n:4989315011&fs=true&page=3
Inspection & Analysis	4989315011	4	https://www.amazon.com/s?rh=n:4989315011&fs=true&page=4
Inspection & Analysis	4989315011	5	https://www.amazon.com/s?rh=n:4989315011&fs=true&page=5
Inspection & Analysis	4989315011	6	https://www.amazon.com/s?rh=n:4989315011&fs=true&page=6
Inspection & Analysis	4989315011	7	https://www.amazon.com/s?rh=n:4989315011&fs=true&page=7
Inspection & Analysis	4989315011	8	https://www.amazon.com/s?rh=n:4989315011&fs=true&page=8
Inspection & Analysis	4989315011	9	https://www.amazon.com/s?rh=n:4989315011&fs=true&page=9
Inspection & Analysis	4989315011	10	https://www.amazon.com/s?rh=n:4989315011&fs=true&page=10
Light Measurement	393278011	1	https://www.amazon.com/s?rh=n:393278011&fs=true&page=1
Light Measurement	393278011	2	https://www.amazon.com/s?rh=n:393278011&fs=true&page=2
Light Measurement	393278011	3	https://www.amazon.com/s?rh=n:393278011&fs=true&page=3
Light Measurement	393278011	4	https://www.amazon.com/s?rh=n:393278011&fs=true&page=4
Light Measurement	393278011	5	https://www.amazon.com/s?rh=n:393278011&fs=true&page=5
Light Measurement	393278011	6	https://www.amazon.com/s?rh=n:393278011&fs=true&page=6
Light Measurement	393278011	7	https://www.amazon.com/s?rh=n:393278011&fs=true&page=7
Light Measurement	393278011	8	https://www.amazon.com/s?rh=n:393278011&fs=true&page=8
Light Measurement	393278011	9	https://www.amazon.com/s?rh=n:393278011&fs=true&page=9
Light Measurement	393278011	10	https://www.amazon.com/s?rh=n:393278011&fs=true&page=10
Motion, Speed & Force	5006560011	1	https://www.amazon.com/s?rh=n:5006560011&fs=true&page=1
Motion, Speed & Force	5006560011	2	https://www.amazon.com/s?rh=n:5006560011&fs=true&page=2
Motion, Speed & Force	5006560011	3	https://www.amazon.com/s?rh=n:5006560011&fs=true&page=3
Motion, Speed & Force	5006560011	4	https://www.amazon.com/s?rh=n:5006560011&fs=true&page=4
Motion, Speed & Force	5006560011	5	https://www.amazon.com/s?rh=n:5006560011&fs=true&page=5
Motion, Speed & Force	5006560011	6	https://www.amazon.com/s?rh=n:5006560011&fs=true&page=6
Motion, Speed & Force	5006560011	7	https://www.amazon.com/s?rh=n:5006560011&fs=true&page=7
Motion, Speed & Force	5006560011	8	https://www.amazon.com/s?rh=n:5006560011&fs=true&page=8
Motion, Speed & Force	5006560011	9	https://www.amazon.com/s?rh=n:5006560011&fs=true&page=9
Motion, Speed & Force	5006560011	10	https://www.amazon.com/s?rh=n:5006560011&fs=true&page=10
Network & Cable Testers	7701919011	1	https://www.amazon.com/s?rh=n:7701919011&fs=true&page=1
Network & Cable Testers	7701919011	2	https://www.amazon.com/s?rh=n:7701919011&fs=true&page=2
Network & Cable Testers	7701919011	3	https://www.amazon.com/s?rh=n:7701919011&fs=true&page=3
Network & Cable Testers	7701919011	4	https://www.amazon.com/s?rh=n:7701919011&fs=true&page=4
Network & Cable Testers	7701919011	5	https://www.amazon.com/s?rh=n:7701919011&fs=true&page=5
Network & Cable Testers	7701919011	6	https://www.amazon.com/s?rh=n:7701919011&fs=true&page=6
Network & Cable Testers	7701919011	7	https://www.amazon.com/s?rh=n:7701919011&fs=true&page=7
Network & Cable Testers	7701919011	8	https://www.amazon.com/s?rh=n:7701919011&fs=true&page=8
Network & Cable Testers	7701919011	9	https://www.amazon.com/s?rh=n:7701919011&fs=true&page=9
Network & Cable Testers	7701919011	10	https://www.amazon.com/s?rh=n:7701919011&fs=true&page=10
Pressure & Vacuum	5006545011	1	https://www.amazon.com/s?rh=n:5006545011&fs=true&page=1
Pressure & Vacuum	5006545011	2	https://www.amazon.com/s?rh=n:5006545011&fs=true&page=2
Pressure & Vacuum	5006545011	3	https://www.amazon.com/s?rh=n:5006545011&fs=true&page=3
Pressure & Vacuum	5006545011	4	https://www.amazon.com/s?rh=n:5006545011&fs=true&page=4
Pressure & Vacuum	5006545011	5	https://www.amazon.com/s?rh=n:5006545011&fs=true&page=5
Pressure & Vacuum	5006545011	6	https://www.amazon.com/s?rh=n:5006545011&fs=true&page=6
Pressure & Vacuum	5006545011	7	https://www.amazon.com/s?rh=n:5006545011&fs=true&page=7
Pressure & Vacuum	5006545011	8	https://www.amazon.com/s?rh=n:5006545011&fs=true&page=8
Pressure & Vacuum	5006545011	9	https://www.amazon.com/s?rh=n:5006545011&fs=true&page=9
Pressure & Vacuum	5006545011	10	https://www.amazon.com/s?rh=n:5006545011&fs=true&page=10
Recorders & Data Acquisition	5006548011	1	https://www.amazon.com/s?rh=n:5006548011&fs=true&page=1
Recorders & Data Acquisition	5006548011	2	https://www.amazon.com/s?rh=n:5006548011&fs=true&page=2
Recorders & Data Acquisition	5006548011	3	https://www.amazon.com/s?rh=n:5006548011&fs=true&page=3
Recorders & Data Acquisition	5006548011	4	https://www.amazon.com/s?rh=n:5006548011&fs=true&page=4
Recorders & Data Acquisition	5006548011	5	https://www.amazon.com/s?rh=n:5006548011&fs=true&page=5
Recorders & Data Acquisition	5006548011	6	https://www.amazon.com/s?rh=n:5006548011&fs=true&page=6
Recorders & Data Acquisition	5006548011	7	https://www.amazon.com/s?rh=n:5006548011&fs=true&page=7
Recorders & Data Acquisition	5006548011	8	https://www.amazon.com/s?rh=n:5006548011&fs=true&page=8
Recorders & Data Acquisition	5006548011	9	https://www.amazon.com/s?rh=n:5006548011&fs=true&page=9
Recorders & Data Acquisition	5006548011	10	https://www.amazon.com/s?rh=n:5006548011&fs=true&page=10
Scales & Balances	4989331011	1	https://www.amazon.com/s?rh=n:4989331011&fs=true&page=1
Scales & Balances	4989331011	2	https://www.amazon.com/s?rh=n:4989331011&fs=true&page=2
Scales & Balances	4989331011	3	https://www.amazon.com/s?rh=n:4989331011&fs=true&page=3
Scales & Balances	4989331011	4	https://www.amazon.com/s?rh=n:4989331011&fs=true&page=4
Scales & Balances	4989331011	5	https://www.amazon.com/s?rh=n:4989331011&fs=true&page=5
Scales & Balances	4989331011	6	https://www.amazon.com/s?rh=n:4989331011&fs=true&page=6
Scales & Balances	4989331011	7	https://www.amazon.com/s?rh=n:4989331011&fs=true&page=7
Scales & Balances	4989331011	8	https://www.amazon.com/s?rh=n:4989331011&fs=true&page=8
Scales & Balances	4989331011	9	https://www.amazon.com/s?rh=n:4989331011&fs=true&page=9
Scales & Balances	4989331011	10	https://www.amazon.com/s?rh=n:4989331011&fs=true&page=10
Sensors	306923011	1	https://www.amazon.com/s?rh=n:306923011&fs=true&page=1
Sensors	306923011	2	https://www.amazon.com/s?rh=n:306923011&fs=true&page=2
Sensors	306923011	3	https://www.amazon.com/s?rh=n:306923011&fs=true&page=3
Sensors	306923011	4	https://www.amazon.com/s?rh=n:306923011&fs=true&page=4
Sensors	306923011	5	https://www.amazon.com/s?rh=n:306923011&fs=true&page=5
Sensors	306923011	6	https://www.amazon.com/s?rh=n:306923011&fs=true&page=6
Sensors	306923011	7	https://www.amazon.com/s?rh=n:306923011&fs=true&page=7
Sensors	306923011	8	https://www.amazon.com/s?rh=n:306923011&fs=true&page=8
Sensors	306923011	9	https://www.amazon.com/s?rh=n:306923011&fs=true&page=9
Sensors	306923011	10	https://www.amazon.com/s?rh=n:306923011&fs=true&page=10
Substance Analysis Instrumentation	19568045011	1	https://www.amazon.com/s?rh=n:19568045011&fs=true&page=1
Substance Analysis Instrumentation	19568045011	2	https://www.amazon.com/s?rh=n:19568045011&fs=true&page=2
Substance Analysis Instrumentation	19568045011	3	https://www.amazon.com/s?rh=n:19568045011&fs=true&page=3
Substance Analysis Instrumentation	19568045011	4	https://www.amazon.com/s?rh=n:19568045011&fs=true&page=4
Substance Analysis Instrumentation	19568045011	5	https://www.amazon.com/s?rh=n:19568045011&fs=true&page=5
Substance Analysis Instrumentation	19568045011	6	https://www.amazon.com/s?rh=n:19568045011&fs=true&page=6
Substance Analysis Instrumentation	19568045011	7	https://www.amazon.com/s?rh=n:19568045011&fs=true&page=7
Substance Analysis Instrumentation	19568045011	8	https://www.amazon.com/s?rh=n:19568045011&fs=true&page=8
Substance Analysis Instrumentation	19568045011	9	https://www.amazon.com/s?rh=n:19568045011&fs=true&page=9
Substance Analysis Instrumentation	19568045011	10	https://www.amazon.com/s?rh=n:19568045011&fs=true&page=10
Surface & Hardness Testing	4989319011	1	https://www.amazon.com/s?rh=n:4989319011&fs=true&page=1
Surface & Hardness Testing	4989319011	2	https://www.amazon.com/s?rh=n:4989319011&fs=true&page=2
Surface & Hardness Testing	4989319011	3	https://www.amazon.com/s?rh=n:4989319011&fs=true&page=3
Surface & Hardness Testing	4989319011	4	https://www.amazon.com/s?rh=n:4989319011&fs=true&page=4
Surface & Hardness Testing	4989319011	5	https://www.amazon.com/s?rh=n:4989319011&fs=true&page=5
Surface & Hardness Testing	4989319011	6	https://www.amazon.com/s?rh=n:4989319011&fs=true&page=6
Surface & Hardness Testing	4989319011	7	https://www.amazon.com/s?rh=n:4989319011&fs=true&page=7
Surface & Hardness Testing	4989319011	8	https://www.amazon.com/s?rh=n:4989319011&fs=true&page=8
Surface & Hardness Testing	4989319011	9	https://www.amazon.com/s?rh=n:4989319011&fs=true&page=9
Surface & Hardness Testing	4989319011	10	https://www.amazon.com/s?rh=n:4989319011&fs=true&page=10
Temperature & Humidity	5006566011	1	https://www.amazon.com/s?rh=n:5006566011&fs=true&page=1
Temperature & Humidity	5006566011	2	https://www.amazon.com/s?rh=n:5006566011&fs=true&page=2
Temperature & Humidity	5006566011	3	https://www.amazon.com/s?rh=n:5006566011&fs=true&page=3
Temperature & Humidity	5006566011	4	https://www.amazon.com/s?rh=n:5006566011&fs=true&page=4
Temperature & Humidity	5006566011	5	https://www.amazon.com/s?rh=n:5006566011&fs=true&page=5
Temperature & Humidity	5006566011	6	https://www.amazon.com/s?rh=n:5006566011&fs=true&page=6
Temperature & Humidity	5006566011	7	https://www.amazon.com/s?rh=n:5006566011&fs=true&page=7
Temperature & Humidity	5006566011	8	https://www.amazon.com/s?rh=n:5006566011&fs=true&page=8
Temperature & Humidity	5006566011	9	https://www.amazon.com/s?rh=n:5006566011&fs=true&page=9
Temperature & Humidity	5006566011	10	https://www.amazon.com/s?rh=n:5006566011&fs=true&page=10
Drain Cleaning Equipment	680332011	1	https://www.amazon.com/s?rh=n:680332011&fs=true&page=1
Drain Cleaning Equipment	680332011	2	https://www.amazon.com/s?rh=n:680332011&fs=true&page=2
Drain Cleaning Equipment	680332011	3	https://www.amazon.com/s?rh=n:680332011&fs=true&page=3
Drain Cleaning Equipment	680332011	4	https://www.amazon.com/s?rh=n:680332011&fs=true&page=4
Drain Cleaning Equipment	680332011	5	https://www.amazon.com/s?rh=n:680332011&fs=true&page=5
Drain Cleaning Equipment	680332011	6	https://www.amazon.com/s?rh=n:680332011&fs=true&page=6
Drain Cleaning Equipment	680332011	7	https://www.amazon.com/s?rh=n:680332011&fs=true&page=7
Drain Cleaning Equipment	680332011	8	https://www.amazon.com/s?rh=n:680332011&fs=true&page=8
Drain Cleaning Equipment	680332011	9	https://www.amazon.com/s?rh=n:680332011&fs=true&page=9
Drain Cleaning Equipment	680332011	10	https://www.amazon.com/s?rh=n:680332011&fs=true&page=10
Faucet Parts	680334011	1	https://www.amazon.com/s?rh=n:680334011&fs=true&page=1
Faucet Parts	680334011	2	https://www.amazon.com/s?rh=n:680334011&fs=true&page=2
Faucet Parts	680334011	3	https://www.amazon.com/s?rh=n:680334011&fs=true&page=3
Faucet Parts	680334011	4	https://www.amazon.com/s?rh=n:680334011&fs=true&page=4
Faucet Parts	680334011	5	https://www.amazon.com/s?rh=n:680334011&fs=true&page=5
Faucet Parts	680334011	6	https://www.amazon.com/s?rh=n:680334011&fs=true&page=6
Faucet Parts	680334011	7	https://www.amazon.com/s?rh=n:680334011&fs=true&page=7
Faucet Parts	680334011	8	https://www.amazon.com/s?rh=n:680334011&fs=true&page=8
Faucet Parts	680334011	9	https://www.amazon.com/s?rh=n:680334011&fs=true&page=9
Faucet Parts	680334011	10	https://www.amazon.com/s?rh=n:680334011&fs=true&page=10
Garbage Disposals & Parts	680343011	1	https://www.amazon.com/s?rh=n:680343011&fs=true&page=1
Garbage Disposals & Parts	680343011	2	https://www.amazon.com/s?rh=n:680343011&fs=true&page=2
Garbage Disposals & Parts	680343011	3	https://www.amazon.com/s?rh=n:680343011&fs=true&page=3
Garbage Disposals & Parts	680343011	4	https://www.amazon.com/s?rh=n:680343011&fs=true&page=4
Garbage Disposals & Parts	680343011	5	https://www.amazon.com/s?rh=n:680343011&fs=true&page=5
Garbage Disposals & Parts	680343011	6	https://www.amazon.com/s?rh=n:680343011&fs=true&page=6
Garbage Disposals & Parts	680343011	7	https://www.amazon.com/s?rh=n:680343011&fs=true&page=7
Garbage Disposals & Parts	680343011	8	https://www.amazon.com/s?rh=n:680343011&fs=true&page=8
Garbage Disposals & Parts	680343011	9	https://www.amazon.com/s?rh=n:680343011&fs=true&page=9
Garbage Disposals & Parts	680343011	10	https://www.amazon.com/s?rh=n:680343011&fs=true&page=10
Pipes, Pipe Fittings & Accessories	680333011	1	https://www.amazon.com/s?rh=n:680333011&fs=true&page=1
Pipes, Pipe Fittings & Accessories	680333011	2	https://www.amazon.com/s?rh=n:680333011&fs=true&page=2
Pipes, Pipe Fittings & Accessories	680333011	3	https://www.amazon.com/s?rh=n:680333011&fs=true&page=3
Pipes, Pipe Fittings & Accessories	680333011	4	https://www.amazon.com/s?rh=n:680333011&fs=true&page=4
Pipes, Pipe Fittings & Accessories	680333011	5	https://www.amazon.com/s?rh=n:680333011&fs=true&page=5
Pipes, Pipe Fittings & Accessories	680333011	6	https://www.amazon.com/s?rh=n:680333011&fs=true&page=6
Pipes, Pipe Fittings & Accessories	680333011	7	https://www.amazon.com/s?rh=n:680333011&fs=true&page=7
Pipes, Pipe Fittings & Accessories	680333011	8	https://www.amazon.com/s?rh=n:680333011&fs=true&page=8
Pipes, Pipe Fittings & Accessories	680333011	9	https://www.amazon.com/s?rh=n:680333011&fs=true&page=9
Pipes, Pipe Fittings & Accessories	680333011	10	https://www.amazon.com/s?rh=n:680333011&fs=true&page=10
Toilet Parts	680991011	1	https://www.amazon.com/s?rh=n:680991011&fs=true&page=1
Toilet Parts	680991011	2	https://www.amazon.com/s?rh=n:680991011&fs=true&page=2
Toilet Parts	680991011	3	https://www.amazon.com/s?rh=n:680991011&fs=true&page=3
Toilet Parts	680991011	4	https://www.amazon.com/s?rh=n:680991011&fs=true&page=4
Toilet Parts	680991011	5	https://www.amazon.com/s?rh=n:680991011&fs=true&page=5
Toilet Parts	680991011	6	https://www.amazon.com/s?rh=n:680991011&fs=true&page=6
Toilet Parts	680991011	7	https://www.amazon.com/s?rh=n:680991011&fs=true&page=7
Toilet Parts	680991011	8	https://www.amazon.com/s?rh=n:680991011&fs=true&page=8
Toilet Parts	680991011	9	https://www.amazon.com/s?rh=n:680991011&fs=true&page=9
Toilet Parts	680991011	10	https://www.amazon.com/s?rh=n:680991011&fs=true&page=10
Valves	3227016011	1	https://www.amazon.com/s?rh=n:3227016011&fs=true&page=1
Valves	3227016011	2	https://www.amazon.com/s?rh=n:3227016011&fs=true&page=2
Valves	3227016011	3	https://www.amazon.com/s?rh=n:3227016011&fs=true&page=3
Valves	3227016011	4	https://www.amazon.com/s?rh=n:3227016011&fs=true&page=4
Valves	3227016011	5	https://www.amazon.com/s?rh=n:3227016011&fs=true&page=5
Valves	3227016011	6	https://www.amazon.com/s?rh=n:3227016011&fs=true&page=6
Valves	3227016011	7	https://www.amazon.com/s?rh=n:3227016011&fs=true&page=7
Valves	3227016011	8	https://www.amazon.com/s?rh=n:3227016011&fs=true&page=8
Valves	3227016011	9	https://www.amazon.com/s?rh=n:3227016011&fs=true&page=9
Valves	3227016011	10	https://www.amazon.com/s?rh=n:3227016011&fs=true&page=10
Water Heaters & Parts	3227006011	1	https://www.amazon.com/s?rh=n:3227006011&fs=true&page=1
Water Heaters & Parts	3227006011	2	https://www.amazon.com/s?rh=n:3227006011&fs=true&page=2
Water Heaters & Parts	3227006011	3	https://www.amazon.com/s?rh=n:3227006011&fs=true&page=3
Water Heaters & Parts	3227006011	4	https://www.amazon.com/s?rh=n:3227006011&fs=true&page=4
Water Heaters & Parts	3227006011	5	https://www.amazon.com/s?rh=n:3227006011&fs=true&page=5
Water Heaters & Parts	3227006011	6	https://www.amazon.com/s?rh=n:3227006011&fs=true&page=6
Water Heaters & Parts	3227006011	7	https://www.amazon.com/s?rh=n:3227006011&fs=true&page=7
Water Heaters & Parts	3227006011	8	https://www.amazon.com/s?rh=n:3227006011&fs=true&page=8
Water Heaters & Parts	3227006011	9	https://www.amazon.com/s?rh=n:3227006011&fs=true&page=9
Water Heaters & Parts	3227006011	10	https://www.amazon.com/s?rh=n:3227006011&fs=true&page=10
Water Pumps, Parts & Accessories	601479011	1	https://www.amazon.com/s?rh=n:601479011&fs=true&page=1
Water Pumps, Parts & Accessories	601479011	2	https://www.amazon.com/s?rh=n:601479011&fs=true&page=2
Water Pumps, Parts & Accessories	601479011	3	https://www.amazon.com/s?rh=n:601479011&fs=true&page=3
Water Pumps, Parts & Accessories	601479011	4	https://www.amazon.com/s?rh=n:601479011&fs=true&page=4
Water Pumps, Parts & Accessories	601479011	5	https://www.amazon.com/s?rh=n:601479011&fs=true&page=5
Water Pumps, Parts & Accessories	601479011	6	https://www.amazon.com/s?rh=n:601479011&fs=true&page=6
Water Pumps, Parts & Accessories	601479011	7	https://www.amazon.com/s?rh=n:601479011&fs=true&page=7
Water Pumps, Parts & Accessories	601479011	8	https://www.amazon.com/s?rh=n:601479011&fs=true&page=8
Water Pumps, Parts & Accessories	601479011	9	https://www.amazon.com/s?rh=n:601479011&fs=true&page=9
Water Pumps, Parts & Accessories	601479011	10	https://www.amazon.com/s?rh=n:601479011&fs=true&page=10
Whole House Water Treatment Systems	215549454011	1	https://www.amazon.com/s?rh=n:215549454011&fs=true&page=1
Whole House Water Treatment Systems	215549454011	2	https://www.amazon.com/s?rh=n:215549454011&fs=true&page=2
Whole House Water Treatment Systems	215549454011	3	https://www.amazon.com/s?rh=n:215549454011&fs=true&page=3
Whole House Water Treatment Systems	215549454011	4	https://www.amazon.com/s?rh=n:215549454011&fs=true&page=4
Whole House Water Treatment Systems	215549454011	5	https://www.amazon.com/s?rh=n:215549454011&fs=true&page=5
Whole House Water Treatment Systems	215549454011	6	https://www.amazon.com/s?rh=n:215549454011&fs=true&page=6
Whole House Water Treatment Systems	215549454011	7	https://www.amazon.com/s?rh=n:215549454011&fs=true&page=7
Whole House Water Treatment Systems	215549454011	8	https://www.amazon.com/s?rh=n:215549454011&fs=true&page=8
Whole House Water Treatment Systems	215549454011	9	https://www.amazon.com/s?rh=n:215549454011&fs=true&page=9
Whole House Water Treatment Systems	215549454011	10	https://www.amazon.com/s?rh=n:215549454011&fs=true&page=10
Water Storage Tanks	215776654011	1	https://www.amazon.com/s?rh=n:215776654011&fs=true&page=1
Water Storage Tanks	215776654011	2	https://www.amazon.com/s?rh=n:215776654011&fs=true&page=2
Water Storage Tanks	215776654011	3	https://www.amazon.com/s?rh=n:215776654011&fs=true&page=3
Water Storage Tanks	215776654011	4	https://www.amazon.com/s?rh=n:215776654011&fs=true&page=4
Water Storage Tanks	215776654011	5	https://www.amazon.com/s?rh=n:215776654011&fs=true&page=5
Water Storage Tanks	215776654011	6	https://www.amazon.com/s?rh=n:215776654011&fs=true&page=6
Water Storage Tanks	215776654011	7	https://www.amazon.com/s?rh=n:215776654011&fs=true&page=7
Water Storage Tanks	215776654011	8	https://www.amazon.com/s?rh=n:215776654011&fs=true&page=8
Water Storage Tanks	215776654011	9	https://www.amazon.com/s?rh=n:215776654011&fs=true&page=9
Water Storage Tanks	215776654011	10	https://www.amazon.com/s?rh=n:215776654011&fs=true&page=10
Finishes, Sealers & Stains	17881622011	1	https://www.amazon.com/s?rh=n:17881622011&fs=true&page=1
Finishes, Sealers & Stains	17881622011	2	https://www.amazon.com/s?rh=n:17881622011&fs=true&page=2
Finishes, Sealers & Stains	17881622011	3	https://www.amazon.com/s?rh=n:17881622011&fs=true&page=3
Finishes, Sealers & Stains	17881622011	4	https://www.amazon.com/s?rh=n:17881622011&fs=true&page=4
Finishes, Sealers & Stains	17881622011	5	https://www.amazon.com/s?rh=n:17881622011&fs=true&page=5
Finishes, Sealers & Stains	17881622011	6	https://www.amazon.com/s?rh=n:17881622011&fs=true&page=6
Finishes, Sealers & Stains	17881622011	7	https://www.amazon.com/s?rh=n:17881622011&fs=true&page=7
Finishes, Sealers & Stains	17881622011	8	https://www.amazon.com/s?rh=n:17881622011&fs=true&page=8
Finishes, Sealers & Stains	17881622011	9	https://www.amazon.com/s?rh=n:17881622011&fs=true&page=9
Finishes, Sealers & Stains	17881622011	10	https://www.amazon.com/s?rh=n:17881622011&fs=true&page=10
Paint & Primer	13399631	1	https://www.amazon.com/s?rh=n:13399631&fs=true&page=1
Paint & Primer	13399631	2	https://www.amazon.com/s?rh=n:13399631&fs=true&page=2
Paint & Primer	13399631	3	https://www.amazon.com/s?rh=n:13399631&fs=true&page=3
Paint & Primer	13399631	4	https://www.amazon.com/s?rh=n:13399631&fs=true&page=4
Paint & Primer	13399631	5	https://www.amazon.com/s?rh=n:13399631&fs=true&page=5
Paint & Primer	13399631	6	https://www.amazon.com/s?rh=n:13399631&fs=true&page=6
Paint & Primer	13399631	7	https://www.amazon.com/s?rh=n:13399631&fs=true&page=7
Paint & Primer	13399631	8	https://www.amazon.com/s?rh=n:13399631&fs=true&page=8
Paint & Primer	13399631	9	https://www.amazon.com/s?rh=n:13399631&fs=true&page=9
Paint & Primer	13399631	10	https://www.amazon.com/s?rh=n:13399631&fs=true&page=10
Painting Supplies & Tools	17881623011	1	https://www.amazon.com/s?rh=n:17881623011&fs=true&page=1
Painting Supplies & Tools	17881623011	2	https://www.amazon.com/s?rh=n:17881623011&fs=true&page=2
Painting Supplies & Tools	17881623011	3	https://www.amazon.com/s?rh=n:17881623011&fs=true&page=3
Painting Supplies & Tools	17881623011	4	https://www.amazon.com/s?rh=n:17881623011&fs=true&page=4
Painting Supplies & Tools	17881623011	5	https://www.amazon.com/s?rh=n:17881623011&fs=true&page=5
Painting Supplies & Tools	17881623011	6	https://www.amazon.com/s?rh=n:17881623011&fs=true&page=6
Painting Supplies & Tools	17881623011	7	https://www.amazon.com/s?rh=n:17881623011&fs=true&page=7
Painting Supplies & Tools	17881623011	8	https://www.amazon.com/s?rh=n:17881623011&fs=true&page=8
Painting Supplies & Tools	17881623011	9	https://www.amazon.com/s?rh=n:17881623011&fs=true&page=9
Painting Supplies & Tools	17881623011	10	https://www.amazon.com/s?rh=n:17881623011&fs=true&page=10
Wallpaper & Wallpapering Supplies	17881625011	1	https://www.amazon.com/s?rh=n:17881625011&fs=true&page=1
Wallpaper & Wallpapering Supplies	17881625011	2	https://www.amazon.com/s?rh=n:17881625011&fs=true&page=2
Wallpaper & Wallpapering Supplies	17881625011	3	https://www.amazon.com/s?rh=n:17881625011&fs=true&page=3
Wallpaper & Wallpapering Supplies	17881625011	4	https://www.amazon.com/s?rh=n:17881625011&fs=true&page=4
Wallpaper & Wallpapering Supplies	17881625011	5	https://www.amazon.com/s?rh=n:17881625011&fs=true&page=5
Wallpaper & Wallpapering Supplies	17881625011	6	https://www.amazon.com/s?rh=n:17881625011&fs=true&page=6
Wallpaper & Wallpapering Supplies	17881625011	7	https://www.amazon.com/s?rh=n:17881625011&fs=true&page=7
Wallpaper & Wallpapering Supplies	17881625011	8	https://www.amazon.com/s?rh=n:17881625011&fs=true&page=8
Wallpaper & Wallpapering Supplies	17881625011	9	https://www.amazon.com/s?rh=n:17881625011&fs=true&page=9
Wallpaper & Wallpapering Supplies	17881625011	10	https://www.amazon.com/s?rh=n:17881625011&fs=true&page=10
Hand Tools	551238	1	https://www.amazon.com/s?rh=n:551238&fs=true&page=1
Hand Tools	551238	2	https://www.amazon.com/s?rh=n:551238&fs=true&page=2
Hand Tools	551238	3	https://www.amazon.com/s?rh=n:551238&fs=true&page=3
Hand Tools	551238	4	https://www.amazon.com/s?rh=n:551238&fs=true&page=4
Hand Tools	551238	5	https://www.amazon.com/s?rh=n:551238&fs=true&page=5
Hand Tools	551238	6	https://www.amazon.com/s?rh=n:551238&fs=true&page=6
Hand Tools	551238	7	https://www.amazon.com/s?rh=n:551238&fs=true&page=7
Hand Tools	551238	8	https://www.amazon.com/s?rh=n:551238&fs=true&page=8
Hand Tools	551238	9	https://www.amazon.com/s?rh=n:551238&fs=true&page=9
Hand Tools	551238	10	https://www.amazon.com/s?rh=n:551238&fs=true&page=10
Hand Tools	128061011	1	https://www.amazon.com/s?rh=n:128061011&fs=true&page=1
Hand Tools	128061011	2	https://www.amazon.com/s?rh=n:128061011&fs=true&page=2
Hand Tools	128061011	3	https://www.amazon.com/s?rh=n:128061011&fs=true&page=3
Hand Tools	128061011	4	https://www.amazon.com/s?rh=n:128061011&fs=true&page=4
Hand Tools	128061011	5	https://www.amazon.com/s?rh=n:128061011&fs=true&page=5
Hand Tools	128061011	6	https://www.amazon.com/s?rh=n:128061011&fs=true&page=6
Hand Tools	128061011	7	https://www.amazon.com/s?rh=n:128061011&fs=true&page=7
Hand Tools	128061011	8	https://www.amazon.com/s?rh=n:128061011&fs=true&page=8
Hand Tools	128061011	9	https://www.amazon.com/s?rh=n:128061011&fs=true&page=9
Hand Tools	128061011	10	https://www.amazon.com/s?rh=n:128061011&fs=true&page=10
Power Tool Parts & Accessories	552262	1	https://www.amazon.com/s?rh=n:552262&fs=true&page=1
Power Tool Parts & Accessories	552262	2	https://www.amazon.com/s?rh=n:552262&fs=true&page=2
Power Tool Parts & Accessories	552262	3	https://www.amazon.com/s?rh=n:552262&fs=true&page=3
Power Tool Parts & Accessories	552262	4	https://www.amazon.com/s?rh=n:552262&fs=true&page=4
Power Tool Parts & Accessories	552262	5	https://www.amazon.com/s?rh=n:552262&fs=true&page=5
Power Tool Parts & Accessories	552262	6	https://www.amazon.com/s?rh=n:552262&fs=true&page=6
Power Tool Parts & Accessories	552262	7	https://www.amazon.com/s?rh=n:552262&fs=true&page=7
Power Tool Parts & Accessories	552262	8	https://www.amazon.com/s?rh=n:552262&fs=true&page=8
Power Tool Parts & Accessories	552262	9	https://www.amazon.com/s?rh=n:552262&fs=true&page=9
Power Tool Parts & Accessories	552262	10	https://www.amazon.com/s?rh=n:552262&fs=true&page=10
Tool Organizers	13400691	1	https://www.amazon.com/s?rh=n:13400691&fs=true&page=1
Tool Organizers	13400691	2	https://www.amazon.com/s?rh=n:13400691&fs=true&page=2
Tool Organizers	13400691	3	https://www.amazon.com/s?rh=n:13400691&fs=true&page=3
Tool Organizers	13400691	4	https://www.amazon.com/s?rh=n:13400691&fs=true&page=4
Tool Organizers	13400691	5	https://www.amazon.com/s?rh=n:13400691&fs=true&page=5
Tool Organizers	13400691	6	https://www.amazon.com/s?rh=n:13400691&fs=true&page=6
Tool Organizers	13400691	7	https://www.amazon.com/s?rh=n:13400691&fs=true&page=7
Tool Organizers	13400691	8	https://www.amazon.com/s?rh=n:13400691&fs=true&page=8
Tool Organizers	13400691	9	https://www.amazon.com/s?rh=n:13400691&fs=true&page=9
Tool Organizers	13400691	10	https://www.amazon.com/s?rh=n:13400691&fs=true&page=10
Tactical & Personal Defense	3222111011	1	https://www.amazon.com/s?rh=n:3222111011&fs=true&page=1
Tactical & Personal Defense	3222111011	2	https://www.amazon.com/s?rh=n:3222111011&fs=true&page=2
Tactical & Personal Defense	3222111011	3	https://www.amazon.com/s?rh=n:3222111011&fs=true&page=3
Tactical & Personal Defense	3222111011	4	https://www.amazon.com/s?rh=n:3222111011&fs=true&page=4
Tactical & Personal Defense	3222111011	5	https://www.amazon.com/s?rh=n:3222111011&fs=true&page=5
Tactical & Personal Defense	3222111011	6	https://www.amazon.com/s?rh=n:3222111011&fs=true&page=6
Tactical & Personal Defense	3222111011	7	https://www.amazon.com/s?rh=n:3222111011&fs=true&page=7
Tactical & Personal Defense	3222111011	8	https://www.amazon.com/s?rh=n:3222111011&fs=true&page=8
Tactical & Personal Defense	3222111011	9	https://www.amazon.com/s?rh=n:3222111011&fs=true&page=9
Tactical & Personal Defense	3222111011	10	https://www.amazon.com/s?rh=n:3222111011&fs=true&page=10
Child Safety	7483665011	1	https://www.amazon.com/s?rh=n:7483665011&fs=true&page=1
Child Safety	7483665011	2	https://www.amazon.com/s?rh=n:7483665011&fs=true&page=2
Child Safety	7483665011	3	https://www.amazon.com/s?rh=n:7483665011&fs=true&page=3
Child Safety	7483665011	4	https://www.amazon.com/s?rh=n:7483665011&fs=true&page=4
Child Safety	7483665011	5	https://www.amazon.com/s?rh=n:7483665011&fs=true&page=5
Child Safety	7483665011	6	https://www.amazon.com/s?rh=n:7483665011&fs=true&page=6
Child Safety	7483665011	7	https://www.amazon.com/s?rh=n:7483665011&fs=true&page=7
Child Safety	7483665011	8	https://www.amazon.com/s?rh=n:7483665011&fs=true&page=8
Child Safety	7483665011	9	https://www.amazon.com/s?rh=n:7483665011&fs=true&page=9
Child Safety	7483665011	10	https://www.amazon.com/s?rh=n:7483665011&fs=true&page=10
Emergency Kits & Supplies	7483666011	1	https://www.amazon.com/s?rh=n:7483666011&fs=true&page=1
Emergency Kits & Supplies	7483666011	2	https://www.amazon.com/s?rh=n:7483666011&fs=true&page=2
Emergency Kits & Supplies	7483666011	3	https://www.amazon.com/s?rh=n:7483666011&fs=true&page=3
Emergency Kits & Supplies	7483666011	4	https://www.amazon.com/s?rh=n:7483666011&fs=true&page=4
Emergency Kits & Supplies	7483666011	5	https://www.amazon.com/s?rh=n:7483666011&fs=true&page=5
Emergency Kits & Supplies	7483666011	6	https://www.amazon.com/s?rh=n:7483666011&fs=true&page=6
Emergency Kits & Supplies	7483666011	7	https://www.amazon.com/s?rh=n:7483666011&fs=true&page=7
Emergency Kits & Supplies	7483666011	8	https://www.amazon.com/s?rh=n:7483666011&fs=true&page=8
Emergency Kits & Supplies	7483666011	9	https://www.amazon.com/s?rh=n:7483666011&fs=true&page=9
Emergency Kits & Supplies	7483666011	10	https://www.amazon.com/s?rh=n:7483666011&fs=true&page=10
Facility Safety Products	7459506011	1	https://www.amazon.com/s?rh=n:7459506011&fs=true&page=1
Facility Safety Products	7459506011	2	https://www.amazon.com/s?rh=n:7459506011&fs=true&page=2
Facility Safety Products	7459506011	3	https://www.amazon.com/s?rh=n:7459506011&fs=true&page=3
Facility Safety Products	7459506011	4	https://www.amazon.com/s?rh=n:7459506011&fs=true&page=4
Facility Safety Products	7459506011	5	https://www.amazon.com/s?rh=n:7459506011&fs=true&page=5
Facility Safety Products	7459506011	6	https://www.amazon.com/s?rh=n:7459506011&fs=true&page=6
Facility Safety Products	7459506011	7	https://www.amazon.com/s?rh=n:7459506011&fs=true&page=7
Facility Safety Products	7459506011	8	https://www.amazon.com/s?rh=n:7459506011&fs=true&page=8
Facility Safety Products	7459506011	9	https://www.amazon.com/s?rh=n:7459506011&fs=true&page=9
Facility Safety Products	7459506011	10	https://www.amazon.com/s?rh=n:7459506011&fs=true&page=10
Fire Safety	486547011	1	https://www.amazon.com/s?rh=n:486547011&fs=true&page=1
Fire Safety	486547011	2	https://www.amazon.com/s?rh=n:486547011&fs=true&page=2
Fire Safety	486547011	3	https://www.amazon.com/s?rh=n:486547011&fs=true&page=3
Fire Safety	486547011	4	https://www.amazon.com/s?rh=n:486547011&fs=true&page=4
Fire Safety	486547011	5	https://www.amazon.com/s?rh=n:486547011&fs=true&page=5
Fire Safety	486547011	6	https://www.amazon.com/s?rh=n:486547011&fs=true&page=6
Fire Safety	486547011	7	https://www.amazon.com/s?rh=n:486547011&fs=true&page=7
Fire Safety	486547011	8	https://www.amazon.com/s?rh=n:486547011&fs=true&page=8
Fire Safety	486547011	9	https://www.amazon.com/s?rh=n:486547011&fs=true&page=9
Fire Safety	486547011	10	https://www.amazon.com/s?rh=n:486547011&fs=true&page=10
Gun Safes & Cabinets	4200861	1	https://www.amazon.com/s?rh=n:4200861&fs=true&page=1
Gun Safes & Cabinets	4200861	2	https://www.amazon.com/s?rh=n:4200861&fs=true&page=2
Gun Safes & Cabinets	4200861	3	https://www.amazon.com/s?rh=n:4200861&fs=true&page=3
Gun Safes & Cabinets	4200861	4	https://www.amazon.com/s?rh=n:4200861&fs=true&page=4
Gun Safes & Cabinets	4200861	5	https://www.amazon.com/s?rh=n:4200861&fs=true&page=5
Gun Safes & Cabinets	4200861	6	https://www.amazon.com/s?rh=n:4200861&fs=true&page=6
Gun Safes & Cabinets	4200861	7	https://www.amazon.com/s?rh=n:4200861&fs=true&page=7
Gun Safes & Cabinets	4200861	8	https://www.amazon.com/s?rh=n:4200861&fs=true&page=8
Gun Safes & Cabinets	4200861	9	https://www.amazon.com/s?rh=n:4200861&fs=true&page=9
Gun Safes & Cabinets	4200861	10	https://www.amazon.com/s?rh=n:4200861&fs=true&page=10
Home Security Systems	7459508011	1	https://www.amazon.com/s?rh=n:7459508011&fs=true&page=1
Home Security Systems	7459508011	2	https://www.amazon.com/s?rh=n:7459508011&fs=true&page=2
Home Security Systems	7459508011	3	https://www.amazon.com/s?rh=n:7459508011&fs=true&page=3
Home Security Systems	7459508011	4	https://www.amazon.com/s?rh=n:7459508011&fs=true&page=4
Home Security Systems	7459508011	5	https://www.amazon.com/s?rh=n:7459508011&fs=true&page=5
Home Security Systems	7459508011	6	https://www.amazon.com/s?rh=n:7459508011&fs=true&page=6
Home Security Systems	7459508011	7	https://www.amazon.com/s?rh=n:7459508011&fs=true&page=7
Home Security Systems	7459508011	8	https://www.amazon.com/s?rh=n:7459508011&fs=true&page=8
Home Security Systems	7459508011	9	https://www.amazon.com/s?rh=n:7459508011&fs=true&page=9
Home Security Systems	7459508011	10	https://www.amazon.com/s?rh=n:7459508011&fs=true&page=10
Household Sensors & Alarms	486548011	1	https://www.amazon.com/s?rh=n:486548011&fs=true&page=1
Household Sensors & Alarms	486548011	2	https://www.amazon.com/s?rh=n:486548011&fs=true&page=2
Household Sensors & Alarms	486548011	3	https://www.amazon.com/s?rh=n:486548011&fs=true&page=3
Household Sensors & Alarms	486548011	4	https://www.amazon.com/s?rh=n:486548011&fs=true&page=4
Household Sensors & Alarms	486548011	5	https://www.amazon.com/s?rh=n:486548011&fs=true&page=5
Household Sensors & Alarms	486548011	6	https://www.amazon.com/s?rh=n:486548011&fs=true&page=6
Household Sensors & Alarms	486548011	7	https://www.amazon.com/s?rh=n:486548011&fs=true&page=7
Household Sensors & Alarms	486548011	8	https://www.amazon.com/s?rh=n:486548011&fs=true&page=8
Household Sensors & Alarms	486548011	9	https://www.amazon.com/s?rh=n:486548011&fs=true&page=9
Household Sensors & Alarms	486548011	10	https://www.amazon.com/s?rh=n:486548011&fs=true&page=10
Lanterns	3401371	1	https://www.amazon.com/s?rh=n:3401371&fs=true&page=1
Lanterns	3401371	2	https://www.amazon.com/s?rh=n:3401371&fs=true&page=2
Lanterns	3401371	3	https://www.amazon.com/s?rh=n:3401371&fs=true&page=3
Lanterns	3401371	4	https://www.amazon.com/s?rh=n:3401371&fs=true&page=4
Lanterns	3401371	5	https://www.amazon.com/s?rh=n:3401371&fs=true&page=5
Lanterns	3401371	6	https://www.amazon.com/s?rh=n:3401371&fs=true&page=6
Lanterns	3401371	7	https://www.amazon.com/s?rh=n:3401371&fs=true&page=7
Lanterns	3401371	8	https://www.amazon.com/s?rh=n:3401371&fs=true&page=8
Lanterns	3401371	9	https://www.amazon.com/s?rh=n:3401371&fs=true&page=9
Lanterns	3401371	10	https://www.amazon.com/s?rh=n:3401371&fs=true&page=10
Lockout & Tagout Products	1265106011	1	https://www.amazon.com/s?rh=n:1265106011&fs=true&page=1
Lockout & Tagout Products	1265106011	2	https://www.amazon.com/s?rh=n:1265106011&fs=true&page=2
Lockout & Tagout Products	1265106011	3	https://www.amazon.com/s?rh=n:1265106011&fs=true&page=3
Lockout & Tagout Products	1265106011	4	https://www.amazon.com/s?rh=n:1265106011&fs=true&page=4
Lockout & Tagout Products	1265106011	5	https://www.amazon.com/s?rh=n:1265106011&fs=true&page=5
Lockout & Tagout Products	1265106011	6	https://www.amazon.com/s?rh=n:1265106011&fs=true&page=6
Lockout & Tagout Products	1265106011	7	https://www.amazon.com/s?rh=n:1265106011&fs=true&page=7
Lockout & Tagout Products	1265106011	8	https://www.amazon.com/s?rh=n:1265106011&fs=true&page=8
Lockout & Tagout Products	1265106011	9	https://www.amazon.com/s?rh=n:1265106011&fs=true&page=9
Lockout & Tagout Products	1265106011	10	https://www.amazon.com/s?rh=n:1265106011&fs=true&page=10
Personal Defense Equipment	3222127011	1	https://www.amazon.com/s?rh=n:3222127011&fs=true&page=1
Personal Defense Equipment	3222127011	2	https://www.amazon.com/s?rh=n:3222127011&fs=true&page=2
Personal Defense Equipment	3222127011	3	https://www.amazon.com/s?rh=n:3222127011&fs=true&page=3
Personal Defense Equipment	3222127011	4	https://www.amazon.com/s?rh=n:3222127011&fs=true&page=4
Personal Defense Equipment	3222127011	5	https://www.amazon.com/s?rh=n:3222127011&fs=true&page=5
Personal Defense Equipment	3222127011	6	https://www.amazon.com/s?rh=n:3222127011&fs=true&page=6
Personal Defense Equipment	3222127011	7	https://www.amazon.com/s?rh=n:3222127011&fs=true&page=7
Personal Defense Equipment	3222127011	8	https://www.amazon.com/s?rh=n:3222127011&fs=true&page=8
Personal Defense Equipment	3222127011	9	https://www.amazon.com/s?rh=n:3222127011&fs=true&page=9
Personal Defense Equipment	3222127011	10	https://www.amazon.com/s?rh=n:3222127011&fs=true&page=10
Personal Protective Equipment	486555011	1	https://www.amazon.com/s?rh=n:486555011&fs=true&page=1
Personal Protective Equipment	486555011	2	https://www.amazon.com/s?rh=n:486555011&fs=true&page=2
Personal Protective Equipment	486555011	3	https://www.amazon.com/s?rh=n:486555011&fs=true&page=3
Personal Protective Equipment	486555011	4	https://www.amazon.com/s?rh=n:486555011&fs=true&page=4
Personal Protective Equipment	486555011	5	https://www.amazon.com/s?rh=n:486555011&fs=true&page=5
Personal Protective Equipment	486555011	6	https://www.amazon.com/s?rh=n:486555011&fs=true&page=6
Personal Protective Equipment	486555011	7	https://www.amazon.com/s?rh=n:486555011&fs=true&page=7
Personal Protective Equipment	486555011	8	https://www.amazon.com/s?rh=n:486555011&fs=true&page=8
Personal Protective Equipment	486555011	9	https://www.amazon.com/s?rh=n:486555011&fs=true&page=9
Personal Protective Equipment	486555011	10	https://www.amazon.com/s?rh=n:486555011&fs=true&page=10
Animals	19431260011	1	https://www.amazon.com/s?rh=n:19431260011&fs=true&page=1
Animals	19431260011	2	https://www.amazon.com/s?rh=n:19431260011&fs=true&page=2
Animals	19431260011	3	https://www.amazon.com/s?rh=n:19431260011&fs=true&page=3
Animals	19431260011	4	https://www.amazon.com/s?rh=n:19431260011&fs=true&page=4
Animals	19431260011	5	https://www.amazon.com/s?rh=n:19431260011&fs=true&page=5
Animals	19431260011	6	https://www.amazon.com/s?rh=n:19431260011&fs=true&page=6
Animals	19431260011	7	https://www.amazon.com/s?rh=n:19431260011&fs=true&page=7
Animals	19431260011	8	https://www.amazon.com/s?rh=n:19431260011&fs=true&page=8
Animals	19431260011	9	https://www.amazon.com/s?rh=n:19431260011&fs=true&page=9
Animals	19431260011	10	https://www.amazon.com/s?rh=n:19431260011&fs=true&page=10
Buildings & Scenery	23627230011	1	https://www.amazon.com/s?rh=n:23627230011&fs=true&page=1
Buildings & Scenery	23627230011	2	https://www.amazon.com/s?rh=n:23627230011&fs=true&page=2
Buildings & Scenery	23627230011	3	https://www.amazon.com/s?rh=n:23627230011&fs=true&page=3
Buildings & Scenery	23627230011	4	https://www.amazon.com/s?rh=n:23627230011&fs=true&page=4
Buildings & Scenery	23627230011	5	https://www.amazon.com/s?rh=n:23627230011&fs=true&page=5
Buildings & Scenery	23627230011	6	https://www.amazon.com/s?rh=n:23627230011&fs=true&page=6
Buildings & Scenery	23627230011	7	https://www.amazon.com/s?rh=n:23627230011&fs=true&page=7
Buildings & Scenery	23627230011	8	https://www.amazon.com/s?rh=n:23627230011&fs=true&page=8
Buildings & Scenery	23627230011	9	https://www.amazon.com/s?rh=n:23627230011&fs=true&page=9
Buildings & Scenery	23627230011	10	https://www.amazon.com/s?rh=n:23627230011&fs=true&page=10
Dinosaurs & Prehistoric Creatures	19431261011	1	https://www.amazon.com/s?rh=n:19431261011&fs=true&page=1
Dinosaurs & Prehistoric Creatures	19431261011	2	https://www.amazon.com/s?rh=n:19431261011&fs=true&page=2
Dinosaurs & Prehistoric Creatures	19431261011	3	https://www.amazon.com/s?rh=n:19431261011&fs=true&page=3
Dinosaurs & Prehistoric Creatures	19431261011	4	https://www.amazon.com/s?rh=n:19431261011&fs=true&page=4
Dinosaurs & Prehistoric Creatures	19431261011	5	https://www.amazon.com/s?rh=n:19431261011&fs=true&page=5
Dinosaurs & Prehistoric Creatures	19431261011	6	https://www.amazon.com/s?rh=n:19431261011&fs=true&page=6
Dinosaurs & Prehistoric Creatures	19431261011	7	https://www.amazon.com/s?rh=n:19431261011&fs=true&page=7
Dinosaurs & Prehistoric Creatures	19431261011	8	https://www.amazon.com/s?rh=n:19431261011&fs=true&page=8
Dinosaurs & Prehistoric Creatures	19431261011	9	https://www.amazon.com/s?rh=n:19431261011&fs=true&page=9
Dinosaurs & Prehistoric Creatures	19431261011	10	https://www.amazon.com/s?rh=n:19431261011&fs=true&page=10
Fantastic Creatures	19431262011	1	https://www.amazon.com/s?rh=n:19431262011&fs=true&page=1
Fantastic Creatures	19431262011	2	https://www.amazon.com/s?rh=n:19431262011&fs=true&page=2
Fantastic Creatures	19431262011	3	https://www.amazon.com/s?rh=n:19431262011&fs=true&page=3
Fantastic Creatures	19431262011	4	https://www.amazon.com/s?rh=n:19431262011&fs=true&page=4
Fantastic Creatures	19431262011	5	https://www.amazon.com/s?rh=n:19431262011&fs=true&page=5
Fantastic Creatures	19431262011	6	https://www.amazon.com/s?rh=n:19431262011&fs=true&page=6
Fantastic Creatures	19431262011	7	https://www.amazon.com/s?rh=n:19431262011&fs=true&page=7
Fantastic Creatures	19431262011	8	https://www.amazon.com/s?rh=n:19431262011&fs=true&page=8
Fantastic Creatures	19431262011	9	https://www.amazon.com/s?rh=n:19431262011&fs=true&page=9
Fantastic Creatures	19431262011	10	https://www.amazon.com/s?rh=n:19431262011&fs=true&page=10
People	19431263011	1	https://www.amazon.com/s?rh=n:19431263011&fs=true&page=1
People	19431263011	2	https://www.amazon.com/s?rh=n:19431263011&fs=true&page=2
People	19431263011	3	https://www.amazon.com/s?rh=n:19431263011&fs=true&page=3
People	19431263011	4	https://www.amazon.com/s?rh=n:19431263011&fs=true&page=4
People	19431263011	5	https://www.amazon.com/s?rh=n:19431263011&fs=true&page=5
People	19431263011	6	https://www.amazon.com/s?rh=n:19431263011&fs=true&page=6
People	19431263011	7	https://www.amazon.com/s?rh=n:19431263011&fs=true&page=7
People	19431263011	8	https://www.amazon.com/s?rh=n:19431263011&fs=true&page=8
People	19431263011	9	https://www.amazon.com/s?rh=n:19431263011&fs=true&page=9
People	19431263011	10	https://www.amazon.com/s?rh=n:19431263011&fs=true&page=10
Play Figure Vehicles	274293011	1	https://www.amazon.com/s?rh=n:274293011&fs=true&page=1
Play Figure Vehicles	274293011	2	https://www.amazon.com/s?rh=n:274293011&fs=true&page=2
Play Figure Vehicles	274293011	3	https://www.amazon.com/s?rh=n:274293011&fs=true&page=3
Play Figure Vehicles	274293011	4	https://www.amazon.com/s?rh=n:274293011&fs=true&page=4
Play Figure Vehicles	274293011	5	https://www.amazon.com/s?rh=n:274293011&fs=true&page=5
Play Figure Vehicles	274293011	6	https://www.amazon.com/s?rh=n:274293011&fs=true&page=6
Play Figure Vehicles	274293011	7	https://www.amazon.com/s?rh=n:274293011&fs=true&page=7
Play Figure Vehicles	274293011	8	https://www.amazon.com/s?rh=n:274293011&fs=true&page=8
Play Figure Vehicles	274293011	9	https://www.amazon.com/s?rh=n:274293011&fs=true&page=9
Play Figure Vehicles	274293011	10	https://www.amazon.com/s?rh=n:274293011&fs=true&page=10
Safes & Safe Accessories	3180371	1	https://www.amazon.com/s?rh=n:3180371&fs=true&page=1
Safes & Safe Accessories	3180371	2	https://www.amazon.com/s?rh=n:3180371&fs=true&page=2
Safes & Safe Accessories	3180371	3	https://www.amazon.com/s?rh=n:3180371&fs=true&page=3
Safes & Safe Accessories	3180371	4	https://www.amazon.com/s?rh=n:3180371&fs=true&page=4
Safes & Safe Accessories	3180371	5	https://www.amazon.com/s?rh=n:3180371&fs=true&page=5
Safes & Safe Accessories	3180371	6	https://www.amazon.com/s?rh=n:3180371&fs=true&page=6
Safes & Safe Accessories	3180371	7	https://www.amazon.com/s?rh=n:3180371&fs=true&page=7
Safes & Safe Accessories	3180371	8	https://www.amazon.com/s?rh=n:3180371&fs=true&page=8
Safes & Safe Accessories	3180371	9	https://www.amazon.com/s?rh=n:3180371&fs=true&page=9
Safes & Safe Accessories	3180371	10	https://www.amazon.com/s?rh=n:3180371&fs=true&page=10
Playsets	166507011	1	https://www.amazon.com/s?rh=n:166507011&fs=true&page=1
Playsets	166507011	2	https://www.amazon.com/s?rh=n:166507011&fs=true&page=2
Playsets	166507011	3	https://www.amazon.com/s?rh=n:166507011&fs=true&page=3
Playsets	166507011	4	https://www.amazon.com/s?rh=n:166507011&fs=true&page=4
Playsets	166507011	5	https://www.amazon.com/s?rh=n:166507011&fs=true&page=5
Playsets	166507011	6	https://www.amazon.com/s?rh=n:166507011&fs=true&page=6
Playsets	166507011	7	https://www.amazon.com/s?rh=n:166507011&fs=true&page=7
Playsets	166507011	8	https://www.amazon.com/s?rh=n:166507011&fs=true&page=8
Playsets	166507011	9	https://www.amazon.com/s?rh=n:166507011&fs=true&page=9
Playsets	166507011	10	https://www.amazon.com/s?rh=n:166507011&fs=true&page=10
Action Figures	2514571011	1	https://www.amazon.com/s?rh=n:2514571011&fs=true&page=1
Action Figures	2514571011	2	https://www.amazon.com/s?rh=n:2514571011&fs=true&page=2
Action Figures	2514571011	3	https://www.amazon.com/s?rh=n:2514571011&fs=true&page=3
Action Figures	2514571011	4	https://www.amazon.com/s?rh=n:2514571011&fs=true&page=4
Action Figures	2514571011	5	https://www.amazon.com/s?rh=n:2514571011&fs=true&page=5
Action Figures	2514571011	6	https://www.amazon.com/s?rh=n:2514571011&fs=true&page=6
Action Figures	2514571011	7	https://www.amazon.com/s?rh=n:2514571011&fs=true&page=7
Action Figures	2514571011	8	https://www.amazon.com/s?rh=n:2514571011&fs=true&page=8
Action Figures	2514571011	9	https://www.amazon.com/s?rh=n:2514571011&fs=true&page=9
Action Figures	2514571011	10	https://www.amazon.com/s?rh=n:2514571011&fs=true&page=10
Camping & Hiking	3400371	1	https://www.amazon.com/s?rh=n:3400371&fs=true&page=1
Camping & Hiking	3400371	2	https://www.amazon.com/s?rh=n:3400371&fs=true&page=2
Camping & Hiking	3400371	3	https://www.amazon.com/s?rh=n:3400371&fs=true&page=3
Camping & Hiking	3400371	4	https://www.amazon.com/s?rh=n:3400371&fs=true&page=4
Camping & Hiking	3400371	5	https://www.amazon.com/s?rh=n:3400371&fs=true&page=5
Camping & Hiking	3400371	6	https://www.amazon.com/s?rh=n:3400371&fs=true&page=6
Camping & Hiking	3400371	7	https://www.amazon.com/s?rh=n:3400371&fs=true&page=7
Camping & Hiking	3400371	8	https://www.amazon.com/s?rh=n:3400371&fs=true&page=8
Camping & Hiking	3400371	9	https://www.amazon.com/s?rh=n:3400371&fs=true&page=9
Camping & Hiking	3400371	10	https://www.amazon.com/s?rh=n:3400371&fs=true&page=10
Carports	13638750011	1	https://www.amazon.com/s?rh=n:13638750011&fs=true&page=1
Carports	13638750011	2	https://www.amazon.com/s?rh=n:13638750011&fs=true&page=2
Carports	13638750011	3	https://www.amazon.com/s?rh=n:13638750011&fs=true&page=3
Carports	13638750011	4	https://www.amazon.com/s?rh=n:13638750011&fs=true&page=4
Carports	13638750011	5	https://www.amazon.com/s?rh=n:13638750011&fs=true&page=5
Carports	13638750011	6	https://www.amazon.com/s?rh=n:13638750011&fs=true&page=6
Carports	13638750011	7	https://www.amazon.com/s?rh=n:13638750011&fs=true&page=7
Carports	13638750011	8	https://www.amazon.com/s?rh=n:13638750011&fs=true&page=8
Carports	13638750011	9	https://www.amazon.com/s?rh=n:13638750011&fs=true&page=9
Carports	13638750011	10	https://www.amazon.com/s?rh=n:13638750011&fs=true&page=10
Deck Boxes	671804011	1	https://www.amazon.com/s?rh=n:671804011&fs=true&page=1
Deck Boxes	671804011	2	https://www.amazon.com/s?rh=n:671804011&fs=true&page=2
Deck Boxes	671804011	3	https://www.amazon.com/s?rh=n:671804011&fs=true&page=3
Deck Boxes	671804011	4	https://www.amazon.com/s?rh=n:671804011&fs=true&page=4
Deck Boxes	671804011	5	https://www.amazon.com/s?rh=n:671804011&fs=true&page=5
Deck Boxes	671804011	6	https://www.amazon.com/s?rh=n:671804011&fs=true&page=6
Deck Boxes	671804011	7	https://www.amazon.com/s?rh=n:671804011&fs=true&page=7
Deck Boxes	671804011	8	https://www.amazon.com/s?rh=n:671804011&fs=true&page=8
Deck Boxes	671804011	9	https://www.amazon.com/s?rh=n:671804011&fs=true&page=9
Deck Boxes	671804011	10	https://www.amazon.com/s?rh=n:671804011&fs=true&page=10
Garden Houses	21424007011	1	https://www.amazon.com/s?rh=n:21424007011&fs=true&page=1
Garden Houses	21424007011	2	https://www.amazon.com/s?rh=n:21424007011&fs=true&page=2
Garden Houses	21424007011	3	https://www.amazon.com/s?rh=n:21424007011&fs=true&page=3
Garden Houses	21424007011	4	https://www.amazon.com/s?rh=n:21424007011&fs=true&page=4
Garden Houses	21424007011	5	https://www.amazon.com/s?rh=n:21424007011&fs=true&page=5
Garden Houses	21424007011	6	https://www.amazon.com/s?rh=n:21424007011&fs=true&page=6
Garden Houses	21424007011	7	https://www.amazon.com/s?rh=n:21424007011&fs=true&page=7
Garden Houses	21424007011	8	https://www.amazon.com/s?rh=n:21424007011&fs=true&page=8
Garden Houses	21424007011	9	https://www.amazon.com/s?rh=n:21424007011&fs=true&page=9
Garden Houses	21424007011	10	https://www.amazon.com/s?rh=n:21424007011&fs=true&page=10
Storage Sheds	13400671	1	https://www.amazon.com/s?rh=n:13400671&fs=true&page=1
Storage Sheds	13400671	2	https://www.amazon.com/s?rh=n:13400671&fs=true&page=2
Storage Sheds	13400671	3	https://www.amazon.com/s?rh=n:13400671&fs=true&page=3
Storage Sheds	13400671	4	https://www.amazon.com/s?rh=n:13400671&fs=true&page=4
Storage Sheds	13400671	5	https://www.amazon.com/s?rh=n:13400671&fs=true&page=5
Storage Sheds	13400671	6	https://www.amazon.com/s?rh=n:13400671&fs=true&page=6
Storage Sheds	13400671	7	https://www.amazon.com/s?rh=n:13400671&fs=true&page=7
Storage Sheds	13400671	8	https://www.amazon.com/s?rh=n:13400671&fs=true&page=8
Storage Sheds	13400671	9	https://www.amazon.com/s?rh=n:13400671&fs=true&page=9
Storage Sheds	13400671	10	https://www.amazon.com/s?rh=n:13400671&fs=true&page=10
Mounted Closet Systems	165119011	1	https://www.amazon.com/s?rh=n:165119011&fs=true&page=1
Mounted Closet Systems	165119011	2	https://www.amazon.com/s?rh=n:165119011&fs=true&page=2
Mounted Closet Systems	165119011	3	https://www.amazon.com/s?rh=n:165119011&fs=true&page=3
Mounted Closet Systems	165119011	4	https://www.amazon.com/s?rh=n:165119011&fs=true&page=4
Mounted Closet Systems	165119011	5	https://www.amazon.com/s?rh=n:165119011&fs=true&page=5
Mounted Closet Systems	165119011	6	https://www.amazon.com/s?rh=n:165119011&fs=true&page=6
Mounted Closet Systems	165119011	7	https://www.amazon.com/s?rh=n:165119011&fs=true&page=7
Mounted Closet Systems	165119011	8	https://www.amazon.com/s?rh=n:165119011&fs=true&page=8
Mounted Closet Systems	165119011	9	https://www.amazon.com/s?rh=n:165119011&fs=true&page=9
Mounted Closet Systems	165119011	10	https://www.amazon.com/s?rh=n:165119011&fs=true&page=10
Outdoor Storage	13400641	1	https://www.amazon.com/s?rh=n:13400641&fs=true&page=1
Outdoor Storage	13400641	2	https://www.amazon.com/s?rh=n:13400641&fs=true&page=2
Outdoor Storage	13400641	3	https://www.amazon.com/s?rh=n:13400641&fs=true&page=3
Outdoor Storage	13400641	4	https://www.amazon.com/s?rh=n:13400641&fs=true&page=4
Outdoor Storage	13400641	5	https://www.amazon.com/s?rh=n:13400641&fs=true&page=5
Outdoor Storage	13400641	6	https://www.amazon.com/s?rh=n:13400641&fs=true&page=6
Outdoor Storage	13400641	7	https://www.amazon.com/s?rh=n:13400641&fs=true&page=7
Outdoor Storage	13400641	8	https://www.amazon.com/s?rh=n:13400641&fs=true&page=8
Outdoor Storage	13400641	9	https://www.amazon.com/s?rh=n:13400641&fs=true&page=9
Outdoor Storage	13400641	10	https://www.amazon.com/s?rh=n:13400641&fs=true&page=10
Aprons & Smocks	166058011	1	https://www.amazon.com/s?rh=n:166058011&fs=true&page=1
Aprons & Smocks	166058011	2	https://www.amazon.com/s?rh=n:166058011&fs=true&page=2
Aprons & Smocks	166058011	3	https://www.amazon.com/s?rh=n:166058011&fs=true&page=3
Aprons & Smocks	166058011	4	https://www.amazon.com/s?rh=n:166058011&fs=true&page=4
Aprons & Smocks	166058011	5	https://www.amazon.com/s?rh=n:166058011&fs=true&page=5
Aprons & Smocks	166058011	6	https://www.amazon.com/s?rh=n:166058011&fs=true&page=6
Aprons & Smocks	166058011	7	https://www.amazon.com/s?rh=n:166058011&fs=true&page=7
Aprons & Smocks	166058011	8	https://www.amazon.com/s?rh=n:166058011&fs=true&page=8
Aprons & Smocks	166058011	9	https://www.amazon.com/s?rh=n:166058011&fs=true&page=9
Aprons & Smocks	166058011	10	https://www.amazon.com/s?rh=n:166058011&fs=true&page=10
Clay & Dough	166063011	1	https://www.amazon.com/s?rh=n:166063011&fs=true&page=1
Clay & Dough	166063011	2	https://www.amazon.com/s?rh=n:166063011&fs=true&page=2
Clay & Dough	166063011	3	https://www.amazon.com/s?rh=n:166063011&fs=true&page=3
Clay & Dough	166063011	4	https://www.amazon.com/s?rh=n:166063011&fs=true&page=4
Clay & Dough	166063011	5	https://www.amazon.com/s?rh=n:166063011&fs=true&page=5
Clay & Dough	166063011	6	https://www.amazon.com/s?rh=n:166063011&fs=true&page=6
Clay & Dough	166063011	7	https://www.amazon.com/s?rh=n:166063011&fs=true&page=7
Clay & Dough	166063011	8	https://www.amazon.com/s?rh=n:166063011&fs=true&page=8
Clay & Dough	166063011	9	https://www.amazon.com/s?rh=n:166063011&fs=true&page=9
Clay & Dough	166063011	10	https://www.amazon.com/s?rh=n:166063011&fs=true&page=10
Craft Kits	166064011	1	https://www.amazon.com/s?rh=n:166064011&fs=true&page=1
Craft Kits	166064011	2	https://www.amazon.com/s?rh=n:166064011&fs=true&page=2
Craft Kits	166064011	3	https://www.amazon.com/s?rh=n:166064011&fs=true&page=3
Craft Kits	166064011	4	https://www.amazon.com/s?rh=n:166064011&fs=true&page=4
Craft Kits	166064011	5	https://www.amazon.com/s?rh=n:166064011&fs=true&page=5
Craft Kits	166064011	6	https://www.amazon.com/s?rh=n:166064011&fs=true&page=6
Craft Kits	166064011	7	https://www.amazon.com/s?rh=n:166064011&fs=true&page=7
Craft Kits	166064011	8	https://www.amazon.com/s?rh=n:166064011&fs=true&page=8
Craft Kits	166064011	9	https://www.amazon.com/s?rh=n:166064011&fs=true&page=9
Craft Kits	166064011	10	https://www.amazon.com/s?rh=n:166064011&fs=true&page=10
Drawing & Painting Supplies	2488275011	1	https://www.amazon.com/s?rh=n:2488275011&fs=true&page=1
Drawing & Painting Supplies	2488275011	2	https://www.amazon.com/s?rh=n:2488275011&fs=true&page=2
Drawing & Painting Supplies	2488275011	3	https://www.amazon.com/s?rh=n:2488275011&fs=true&page=3
Drawing & Painting Supplies	2488275011	4	https://www.amazon.com/s?rh=n:2488275011&fs=true&page=4
Drawing & Painting Supplies	2488275011	5	https://www.amazon.com/s?rh=n:2488275011&fs=true&page=5
Drawing & Painting Supplies	2488275011	6	https://www.amazon.com/s?rh=n:2488275011&fs=true&page=6
Drawing & Painting Supplies	2488275011	7	https://www.amazon.com/s?rh=n:2488275011&fs=true&page=7
Drawing & Painting Supplies	2488275011	8	https://www.amazon.com/s?rh=n:2488275011&fs=true&page=8
Drawing & Painting Supplies	2488275011	9	https://www.amazon.com/s?rh=n:2488275011&fs=true&page=9
Drawing & Painting Supplies	2488275011	10	https://www.amazon.com/s?rh=n:2488275011&fs=true&page=10
Drawing & Writing Boards	19431267011	1	https://www.amazon.com/s?rh=n:19431267011&fs=true&page=1
Drawing & Writing Boards	19431267011	2	https://www.amazon.com/s?rh=n:19431267011&fs=true&page=2
Drawing & Writing Boards	19431267011	3	https://www.amazon.com/s?rh=n:19431267011&fs=true&page=3
Drawing & Writing Boards	19431267011	4	https://www.amazon.com/s?rh=n:19431267011&fs=true&page=4
Drawing & Writing Boards	19431267011	5	https://www.amazon.com/s?rh=n:19431267011&fs=true&page=5
Drawing & Writing Boards	19431267011	6	https://www.amazon.com/s?rh=n:19431267011&fs=true&page=6
Drawing & Writing Boards	19431267011	7	https://www.amazon.com/s?rh=n:19431267011&fs=true&page=7
Drawing & Writing Boards	19431267011	8	https://www.amazon.com/s?rh=n:19431267011&fs=true&page=8
Drawing & Writing Boards	19431267011	9	https://www.amazon.com/s?rh=n:19431267011&fs=true&page=9
Drawing & Writing Boards	19431267011	10	https://www.amazon.com/s?rh=n:19431267011&fs=true&page=10
Easels	166081011	1	https://www.amazon.com/s?rh=n:166081011&fs=true&page=1
Easels	166081011	2	https://www.amazon.com/s?rh=n:166081011&fs=true&page=2
Easels	166081011	3	https://www.amazon.com/s?rh=n:166081011&fs=true&page=3
Easels	166081011	4	https://www.amazon.com/s?rh=n:166081011&fs=true&page=4
Easels	166081011	5	https://www.amazon.com/s?rh=n:166081011&fs=true&page=5
Easels	166081011	6	https://www.amazon.com/s?rh=n:166081011&fs=true&page=6
Easels	166081011	7	https://www.amazon.com/s?rh=n:166081011&fs=true&page=7
Easels	166081011	8	https://www.amazon.com/s?rh=n:166081011&fs=true&page=8
Easels	166081011	9	https://www.amazon.com/s?rh=n:166081011&fs=true&page=9
Easels	166081011	10	https://www.amazon.com/s?rh=n:166081011&fs=true&page=10
Pipe Cleaners	8090830011	1	https://www.amazon.com/s?rh=n:8090830011&fs=true&page=1
Pipe Cleaners	8090830011	2	https://www.amazon.com/s?rh=n:8090830011&fs=true&page=2
Pipe Cleaners	8090830011	3	https://www.amazon.com/s?rh=n:8090830011&fs=true&page=3
Pipe Cleaners	8090830011	4	https://www.amazon.com/s?rh=n:8090830011&fs=true&page=4
Pipe Cleaners	8090830011	5	https://www.amazon.com/s?rh=n:8090830011&fs=true&page=5
Pipe Cleaners	8090830011	6	https://www.amazon.com/s?rh=n:8090830011&fs=true&page=6
Pipe Cleaners	8090830011	7	https://www.amazon.com/s?rh=n:8090830011&fs=true&page=7
Pipe Cleaners	8090830011	8	https://www.amazon.com/s?rh=n:8090830011&fs=true&page=8
Pipe Cleaners	8090830011	9	https://www.amazon.com/s?rh=n:8090830011&fs=true&page=9
Pipe Cleaners	8090830011	10	https://www.amazon.com/s?rh=n:8090830011&fs=true&page=10
Printing & Stamping	2488617011	1	https://www.amazon.com/s?rh=n:2488617011&fs=true&page=1
Printing & Stamping	2488617011	2	https://www.amazon.com/s?rh=n:2488617011&fs=true&page=2
Printing & Stamping	2488617011	3	https://www.amazon.com/s?rh=n:2488617011&fs=true&page=3
Printing & Stamping	2488617011	4	https://www.amazon.com/s?rh=n:2488617011&fs=true&page=4
Printing & Stamping	2488617011	5	https://www.amazon.com/s?rh=n:2488617011&fs=true&page=5
Printing & Stamping	2488617011	6	https://www.amazon.com/s?rh=n:2488617011&fs=true&page=6
Printing & Stamping	2488617011	7	https://www.amazon.com/s?rh=n:2488617011&fs=true&page=7
Printing & Stamping	2488617011	8	https://www.amazon.com/s?rh=n:2488617011&fs=true&page=8
Printing & Stamping	2488617011	9	https://www.amazon.com/s?rh=n:2488617011&fs=true&page=9
Printing & Stamping	2488617011	10	https://www.amazon.com/s?rh=n:2488617011&fs=true&page=10
Stickers	676735011	1	https://www.amazon.com/s?rh=n:676735011&fs=true&page=1
Stickers	676735011	2	https://www.amazon.com/s?rh=n:676735011&fs=true&page=2
Stickers	676735011	3	https://www.amazon.com/s?rh=n:676735011&fs=true&page=3
Stickers	676735011	4	https://www.amazon.com/s?rh=n:676735011&fs=true&page=4
Stickers	676735011	5	https://www.amazon.com/s?rh=n:676735011&fs=true&page=5
Stickers	676735011	6	https://www.amazon.com/s?rh=n:676735011&fs=true&page=6
Stickers	676735011	7	https://www.amazon.com/s?rh=n:676735011&fs=true&page=7
Stickers	676735011	8	https://www.amazon.com/s?rh=n:676735011&fs=true&page=8
Stickers	676735011	9	https://www.amazon.com/s?rh=n:676735011&fs=true&page=9
Stickers	676735011	10	https://www.amazon.com/s?rh=n:676735011&fs=true&page=10
Adhesives	166083011	1	https://www.amazon.com/s?rh=n:166083011&fs=true&page=1
Adhesives	166083011	2	https://www.amazon.com/s?rh=n:166083011&fs=true&page=2
Adhesives	166083011	3	https://www.amazon.com/s?rh=n:166083011&fs=true&page=3
Adhesives	166083011	4	https://www.amazon.com/s?rh=n:166083011&fs=true&page=4
Adhesives	166083011	5	https://www.amazon.com/s?rh=n:166083011&fs=true&page=5
Adhesives	166083011	6	https://www.amazon.com/s?rh=n:166083011&fs=true&page=6
Adhesives	166083011	7	https://www.amazon.com/s?rh=n:166083011&fs=true&page=7
Adhesives	166083011	8	https://www.amazon.com/s?rh=n:166083011&fs=true&page=8
Adhesives	166083011	9	https://www.amazon.com/s?rh=n:166083011&fs=true&page=9
Adhesives	166083011	10	https://www.amazon.com/s?rh=n:166083011&fs=true&page=10
Craft Supplies	8090710011	1	https://www.amazon.com/s?rh=n:8090710011&fs=true&page=1
Craft Supplies	8090710011	2	https://www.amazon.com/s?rh=n:8090710011&fs=true&page=2
Craft Supplies	8090710011	3	https://www.amazon.com/s?rh=n:8090710011&fs=true&page=3
Craft Supplies	8090710011	4	https://www.amazon.com/s?rh=n:8090710011&fs=true&page=4
Craft Supplies	8090710011	5	https://www.amazon.com/s?rh=n:8090710011&fs=true&page=5
Craft Supplies	8090710011	6	https://www.amazon.com/s?rh=n:8090710011&fs=true&page=6
Craft Supplies	8090710011	7	https://www.amazon.com/s?rh=n:8090710011&fs=true&page=7
Craft Supplies	8090710011	8	https://www.amazon.com/s?rh=n:8090710011&fs=true&page=8
Craft Supplies	8090710011	9	https://www.amazon.com/s?rh=n:8090710011&fs=true&page=9
Craft Supplies	8090710011	10	https://www.amazon.com/s?rh=n:8090710011&fs=true&page=10
Pacifiers, Teethers & Teething Relief	17720259011	1	https://www.amazon.com/s?rh=n:17720259011&fs=true&page=1
Pacifiers, Teethers & Teething Relief	17720259011	2	https://www.amazon.com/s?rh=n:17720259011&fs=true&page=2
Pacifiers, Teethers & Teething Relief	17720259011	3	https://www.amazon.com/s?rh=n:17720259011&fs=true&page=3
Pacifiers, Teethers & Teething Relief	17720259011	4	https://www.amazon.com/s?rh=n:17720259011&fs=true&page=4
Pacifiers, Teethers & Teething Relief	17720259011	5	https://www.amazon.com/s?rh=n:17720259011&fs=true&page=5
Pacifiers, Teethers & Teething Relief	17720259011	6	https://www.amazon.com/s?rh=n:17720259011&fs=true&page=6
Pacifiers, Teethers & Teething Relief	17720259011	7	https://www.amazon.com/s?rh=n:17720259011&fs=true&page=7
Pacifiers, Teethers & Teething Relief	17720259011	8	https://www.amazon.com/s?rh=n:17720259011&fs=true&page=8
Pacifiers, Teethers & Teething Relief	17720259011	9	https://www.amazon.com/s?rh=n:17720259011&fs=true&page=9
Pacifiers, Teethers & Teething Relief	17720259011	10	https://www.amazon.com/s?rh=n:17720259011&fs=true&page=10
Electric Vehicles	166413011	1	https://www.amazon.com/s?rh=n:166413011&fs=true&page=1
Electric Vehicles	166413011	2	https://www.amazon.com/s?rh=n:166413011&fs=true&page=2
Electric Vehicles	166413011	3	https://www.amazon.com/s?rh=n:166413011&fs=true&page=3
Electric Vehicles	166413011	4	https://www.amazon.com/s?rh=n:166413011&fs=true&page=4
Electric Vehicles	166413011	5	https://www.amazon.com/s?rh=n:166413011&fs=true&page=5
Electric Vehicles	166413011	6	https://www.amazon.com/s?rh=n:166413011&fs=true&page=6
Electric Vehicles	166413011	7	https://www.amazon.com/s?rh=n:166413011&fs=true&page=7
Electric Vehicles	166413011	8	https://www.amazon.com/s?rh=n:166413011&fs=true&page=8
Electric Vehicles	166413011	9	https://www.amazon.com/s?rh=n:166413011&fs=true&page=9
Electric Vehicles	166413011	10	https://www.amazon.com/s?rh=n:166413011&fs=true&page=10
Inline & Roller Skating	3416551	1	https://www.amazon.com/s?rh=n:3416551&fs=true&page=1
Inline & Roller Skating	3416551	2	https://www.amazon.com/s?rh=n:3416551&fs=true&page=2
Inline & Roller Skating	3416551	3	https://www.amazon.com/s?rh=n:3416551&fs=true&page=3
Inline & Roller Skating	3416551	4	https://www.amazon.com/s?rh=n:3416551&fs=true&page=4
Inline & Roller Skating	3416551	5	https://www.amazon.com/s?rh=n:3416551&fs=true&page=5
Inline & Roller Skating	3416551	6	https://www.amazon.com/s?rh=n:3416551&fs=true&page=6
Inline & Roller Skating	3416551	7	https://www.amazon.com/s?rh=n:3416551&fs=true&page=7
Inline & Roller Skating	3416551	8	https://www.amazon.com/s?rh=n:3416551&fs=true&page=8
Inline & Roller Skating	3416551	9	https://www.amazon.com/s?rh=n:3416551&fs=true&page=9
Inline & Roller Skating	3416551	10	https://www.amazon.com/s?rh=n:3416551&fs=true&page=10
Kids' Accessories	13295601	1	https://www.amazon.com/s?rh=n:13295601&fs=true&page=1
Kids' Accessories	13295601	2	https://www.amazon.com/s?rh=n:13295601&fs=true&page=2
Kids' Accessories	13295601	3	https://www.amazon.com/s?rh=n:13295601&fs=true&page=3
Kids' Accessories	13295601	4	https://www.amazon.com/s?rh=n:13295601&fs=true&page=4
Kids' Accessories	13295601	5	https://www.amazon.com/s?rh=n:13295601&fs=true&page=5
Kids' Accessories	13295601	6	https://www.amazon.com/s?rh=n:13295601&fs=true&page=6
Kids' Accessories	13295601	7	https://www.amazon.com/s?rh=n:13295601&fs=true&page=7
Kids' Accessories	13295601	8	https://www.amazon.com/s?rh=n:13295601&fs=true&page=8
Kids' Accessories	13295601	9	https://www.amazon.com/s?rh=n:13295601&fs=true&page=9
Kids' Accessories	13295601	10	https://www.amazon.com/s?rh=n:13295601&fs=true&page=10
Kids' Bikes	1265804011	1	https://www.amazon.com/s?rh=n:1265804011&fs=true&page=1
Kids' Bikes	1265804011	2	https://www.amazon.com/s?rh=n:1265804011&fs=true&page=2
Kids' Bikes	1265804011	3	https://www.amazon.com/s?rh=n:1265804011&fs=true&page=3
Kids' Bikes	1265804011	4	https://www.amazon.com/s?rh=n:1265804011&fs=true&page=4
Kids' Bikes	1265804011	5	https://www.amazon.com/s?rh=n:1265804011&fs=true&page=5
Kids' Bikes	1265804011	6	https://www.amazon.com/s?rh=n:1265804011&fs=true&page=6
Kids' Bikes	1265804011	7	https://www.amazon.com/s?rh=n:1265804011&fs=true&page=7
Kids' Bikes	1265804011	8	https://www.amazon.com/s?rh=n:1265804011&fs=true&page=8
Kids' Bikes	1265804011	9	https://www.amazon.com/s?rh=n:1265804011&fs=true&page=9
Kids' Bikes	1265804011	10	https://www.amazon.com/s?rh=n:1265804011&fs=true&page=10
Kids' Helmets	3404641	1	https://www.amazon.com/s?rh=n:3404641&fs=true&page=1
Kids' Helmets	3404641	2	https://www.amazon.com/s?rh=n:3404641&fs=true&page=2
Kids' Helmets	3404641	3	https://www.amazon.com/s?rh=n:3404641&fs=true&page=3
Kids' Helmets	3404641	4	https://www.amazon.com/s?rh=n:3404641&fs=true&page=4
Kids' Helmets	3404641	5	https://www.amazon.com/s?rh=n:3404641&fs=true&page=5
Kids' Helmets	3404641	6	https://www.amazon.com/s?rh=n:3404641&fs=true&page=6
Kids' Helmets	3404641	7	https://www.amazon.com/s?rh=n:3404641&fs=true&page=7
Kids' Helmets	3404641	8	https://www.amazon.com/s?rh=n:3404641&fs=true&page=8
Kids' Helmets	3404641	9	https://www.amazon.com/s?rh=n:3404641&fs=true&page=9
Kids' Helmets	3404641	10	https://www.amazon.com/s?rh=n:3404641&fs=true&page=10
Kids' Protective Gear	1265467011	1	https://www.amazon.com/s?rh=n:1265467011&fs=true&page=1
Kids' Protective Gear	1265467011	2	https://www.amazon.com/s?rh=n:1265467011&fs=true&page=2
Kids' Protective Gear	1265467011	3	https://www.amazon.com/s?rh=n:1265467011&fs=true&page=3
Kids' Protective Gear	1265467011	4	https://www.amazon.com/s?rh=n:1265467011&fs=true&page=4
Kids' Protective Gear	1265467011	5	https://www.amazon.com/s?rh=n:1265467011&fs=true&page=5
Kids' Protective Gear	1265467011	6	https://www.amazon.com/s?rh=n:1265467011&fs=true&page=6
Kids' Protective Gear	1265467011	7	https://www.amazon.com/s?rh=n:1265467011&fs=true&page=7
Kids' Protective Gear	1265467011	8	https://www.amazon.com/s?rh=n:1265467011&fs=true&page=8
Kids' Protective Gear	1265467011	9	https://www.amazon.com/s?rh=n:1265467011&fs=true&page=9
Kids' Protective Gear	1265467011	10	https://www.amazon.com/s?rh=n:1265467011&fs=true&page=10
Kids' Tricycles	3405171	1	https://www.amazon.com/s?rh=n:3405171&fs=true&page=1
Kids' Tricycles	3405171	2	https://www.amazon.com/s?rh=n:3405171&fs=true&page=2
Kids' Tricycles	3405171	3	https://www.amazon.com/s?rh=n:3405171&fs=true&page=3
Kids' Tricycles	3405171	4	https://www.amazon.com/s?rh=n:3405171&fs=true&page=4
Kids' Tricycles	3405171	5	https://www.amazon.com/s?rh=n:3405171&fs=true&page=5
Kids' Tricycles	3405171	6	https://www.amazon.com/s?rh=n:3405171&fs=true&page=6
Kids' Tricycles	3405171	7	https://www.amazon.com/s?rh=n:3405171&fs=true&page=7
Kids' Tricycles	3405171	8	https://www.amazon.com/s?rh=n:3405171&fs=true&page=8
Kids' Tricycles	3405171	9	https://www.amazon.com/s?rh=n:3405171&fs=true&page=9
Kids' Tricycles	3405171	10	https://www.amazon.com/s?rh=n:3405171&fs=true&page=10
Pedal Vehicles	166412011	1	https://www.amazon.com/s?rh=n:166412011&fs=true&page=1
Pedal Vehicles	166412011	2	https://www.amazon.com/s?rh=n:166412011&fs=true&page=2
Pedal Vehicles	166412011	3	https://www.amazon.com/s?rh=n:166412011&fs=true&page=3
Pedal Vehicles	166412011	4	https://www.amazon.com/s?rh=n:166412011&fs=true&page=4
Pedal Vehicles	166412011	5	https://www.amazon.com/s?rh=n:166412011&fs=true&page=5
Pedal Vehicles	166412011	6	https://www.amazon.com/s?rh=n:166412011&fs=true&page=6
Pedal Vehicles	166412011	7	https://www.amazon.com/s?rh=n:166412011&fs=true&page=7
Pedal Vehicles	166412011	8	https://www.amazon.com/s?rh=n:166412011&fs=true&page=8
Pedal Vehicles	166412011	9	https://www.amazon.com/s?rh=n:166412011&fs=true&page=9
Pedal Vehicles	166412011	10	https://www.amazon.com/s?rh=n:166412011&fs=true&page=10
Pull-Along Wagons	166419011	1	https://www.amazon.com/s?rh=n:166419011&fs=true&page=1
Pull-Along Wagons	166419011	2	https://www.amazon.com/s?rh=n:166419011&fs=true&page=2
Pull-Along Wagons	166419011	3	https://www.amazon.com/s?rh=n:166419011&fs=true&page=3
Pull-Along Wagons	166419011	4	https://www.amazon.com/s?rh=n:166419011&fs=true&page=4
Pull-Along Wagons	166419011	5	https://www.amazon.com/s?rh=n:166419011&fs=true&page=5
Pull-Along Wagons	166419011	6	https://www.amazon.com/s?rh=n:166419011&fs=true&page=6
Pull-Along Wagons	166419011	7	https://www.amazon.com/s?rh=n:166419011&fs=true&page=7
Pull-Along Wagons	166419011	8	https://www.amazon.com/s?rh=n:166419011&fs=true&page=8
Pull-Along Wagons	166419011	9	https://www.amazon.com/s?rh=n:166419011&fs=true&page=9
Pull-Along Wagons	166419011	10	https://www.amazon.com/s?rh=n:166419011&fs=true&page=10
Push Ride-Ons	166414011	1	https://www.amazon.com/s?rh=n:166414011&fs=true&page=1
Push Ride-Ons	166414011	2	https://www.amazon.com/s?rh=n:166414011&fs=true&page=2
Push Ride-Ons	166414011	3	https://www.amazon.com/s?rh=n:166414011&fs=true&page=3
Push Ride-Ons	166414011	4	https://www.amazon.com/s?rh=n:166414011&fs=true&page=4
Push Ride-Ons	166414011	5	https://www.amazon.com/s?rh=n:166414011&fs=true&page=5
Push Ride-Ons	166414011	6	https://www.amazon.com/s?rh=n:166414011&fs=true&page=6
Push Ride-Ons	166414011	7	https://www.amazon.com/s?rh=n:166414011&fs=true&page=7
Push Ride-Ons	166414011	8	https://www.amazon.com/s?rh=n:166414011&fs=true&page=8
Push Ride-Ons	166414011	9	https://www.amazon.com/s?rh=n:166414011&fs=true&page=9
Push Ride-Ons	166414011	10	https://www.amazon.com/s?rh=n:166414011&fs=true&page=10
Ride-On Parts & Accessories	23538169011	1	https://www.amazon.com/s?rh=n:23538169011&fs=true&page=1
Ride-On Parts & Accessories	23538169011	2	https://www.amazon.com/s?rh=n:23538169011&fs=true&page=2
Ride-On Parts & Accessories	23538169011	3	https://www.amazon.com/s?rh=n:23538169011&fs=true&page=3
Ride-On Parts & Accessories	23538169011	4	https://www.amazon.com/s?rh=n:23538169011&fs=true&page=4
Ride-On Parts & Accessories	23538169011	5	https://www.amazon.com/s?rh=n:23538169011&fs=true&page=5
Ride-On Parts & Accessories	23538169011	6	https://www.amazon.com/s?rh=n:23538169011&fs=true&page=6
Ride-On Parts & Accessories	23538169011	7	https://www.amazon.com/s?rh=n:23538169011&fs=true&page=7
Ride-On Parts & Accessories	23538169011	8	https://www.amazon.com/s?rh=n:23538169011&fs=true&page=8
Ride-On Parts & Accessories	23538169011	9	https://www.amazon.com/s?rh=n:23538169011&fs=true&page=9
Ride-On Parts & Accessories	23538169011	10	https://www.amazon.com/s?rh=n:23538169011&fs=true&page=10
Scooters & Equipment	11063781	1	https://www.amazon.com/s?rh=n:11063781&fs=true&page=1
Scooters & Equipment	11063781	2	https://www.amazon.com/s?rh=n:11063781&fs=true&page=2
Scooters & Equipment	11063781	3	https://www.amazon.com/s?rh=n:11063781&fs=true&page=3
Scooters & Equipment	11063781	4	https://www.amazon.com/s?rh=n:11063781&fs=true&page=4
Scooters & Equipment	11063781	5	https://www.amazon.com/s?rh=n:11063781&fs=true&page=5
Scooters & Equipment	11063781	6	https://www.amazon.com/s?rh=n:11063781&fs=true&page=6
Scooters & Equipment	11063781	7	https://www.amazon.com/s?rh=n:11063781&fs=true&page=7
Scooters & Equipment	11063781	8	https://www.amazon.com/s?rh=n:11063781&fs=true&page=8
Scooters & Equipment	11063781	9	https://www.amazon.com/s?rh=n:11063781&fs=true&page=9
Scooters & Equipment	11063781	10	https://www.amazon.com/s?rh=n:11063781&fs=true&page=10
Skateboards & Caster Boards	23654327011	1	https://www.amazon.com/s?rh=n:23654327011&fs=true&page=1
Skateboards & Caster Boards	23654327011	2	https://www.amazon.com/s?rh=n:23654327011&fs=true&page=2
Skateboards & Caster Boards	23654327011	3	https://www.amazon.com/s?rh=n:23654327011&fs=true&page=3
Skateboards & Caster Boards	23654327011	4	https://www.amazon.com/s?rh=n:23654327011&fs=true&page=4
Skateboards & Caster Boards	23654327011	5	https://www.amazon.com/s?rh=n:23654327011&fs=true&page=5
Skateboards & Caster Boards	23654327011	6	https://www.amazon.com/s?rh=n:23654327011&fs=true&page=6
Skateboards & Caster Boards	23654327011	7	https://www.amazon.com/s?rh=n:23654327011&fs=true&page=7
Skateboards & Caster Boards	23654327011	8	https://www.amazon.com/s?rh=n:23654327011&fs=true&page=8
Skateboards & Caster Boards	23654327011	9	https://www.amazon.com/s?rh=n:23654327011&fs=true&page=9
Skateboards & Caster Boards	23654327011	10	https://www.amazon.com/s?rh=n:23654327011&fs=true&page=10
Unicycles	3405181	1	https://www.amazon.com/s?rh=n:3405181&fs=true&page=1
Unicycles	3405181	2	https://www.amazon.com/s?rh=n:3405181&fs=true&page=2
Unicycles	3405181	3	https://www.amazon.com/s?rh=n:3405181&fs=true&page=3
Unicycles	3405181	4	https://www.amazon.com/s?rh=n:3405181&fs=true&page=4
Unicycles	3405181	5	https://www.amazon.com/s?rh=n:3405181&fs=true&page=5
Unicycles	3405181	6	https://www.amazon.com/s?rh=n:3405181&fs=true&page=6
Unicycles	3405181	7	https://www.amazon.com/s?rh=n:3405181&fs=true&page=7
Unicycles	3405181	8	https://www.amazon.com/s?rh=n:3405181&fs=true&page=8
Unicycles	3405181	9	https://www.amazon.com/s?rh=n:3405181&fs=true&page=9
Unicycles	3405181	10	https://www.amazon.com/s?rh=n:3405181&fs=true&page=10
Balance Bikes	2492943011	1	https://www.amazon.com/s?rh=n:2492943011&fs=true&page=1
Balance Bikes	2492943011	2	https://www.amazon.com/s?rh=n:2492943011&fs=true&page=2
Balance Bikes	2492943011	3	https://www.amazon.com/s?rh=n:2492943011&fs=true&page=3
Balance Bikes	2492943011	4	https://www.amazon.com/s?rh=n:2492943011&fs=true&page=4
Balance Bikes	2492943011	5	https://www.amazon.com/s?rh=n:2492943011&fs=true&page=5
Balance Bikes	2492943011	6	https://www.amazon.com/s?rh=n:2492943011&fs=true&page=6
Balance Bikes	2492943011	7	https://www.amazon.com/s?rh=n:2492943011&fs=true&page=7
Balance Bikes	2492943011	8	https://www.amazon.com/s?rh=n:2492943011&fs=true&page=8
Balance Bikes	2492943011	9	https://www.amazon.com/s?rh=n:2492943011&fs=true&page=9
Balance Bikes	2492943011	10	https://www.amazon.com/s?rh=n:2492943011&fs=true&page=10
